Workbook

Sheet _Planlagt_drift
A1: Adresse | B1: Anvendelse | C1: Type | D1: Ansvarlig | E1: Post nr. | F1: By | G1: 2024 | H1: 2025 | I1: 2026 | J1: 2027 | K1: 2028 | L1: 2029 | M1: 2030 | N1: 2031 | O1: 2032 | P1: 2033 | Q1: 2034 | R1: 2035 | S1: 2036 | T1: 2037 | U1: 2038 | V1: 2039 | W1: 2040 | X1: 2041 | Y1: 2042 | Z1: Total
A2: Adelgade 1 | B2: Off. Toilet | C2: Øvrige - Konto 13 | D2: Allan Kvistgaard Laursen | E2: 5600 | F2: Faaborg | G2: ='Adelgade 1'!C30 -> 0 | H2: ='Adelgade 1'!D30 -> 0 | I2: ='Adelgade 1'!E30 -> 0 | J2: ='Adelgade 1'!F30 -> 0 | K2: ='Adelgade 1'!G30 -> 0 | L2: ='Adelgade 1'!H30 -> 0 | M2: ='Adelgade 1'!I30 -> 0 | N2: ='Adelgade 1'!J30 -> 0 | ... Y2: ='Adelgade 1'!U30 -> 0 | Z2: =SUBTOTAL(109,G2:Y2) -> 0
A3: Ahornvænget 5 | B3: Fjelleruphus | C3: Daginstitutioner | D3: Gustav Silberbauer | E3: 5856 | F3: Ryslinge | G3: ='Ahornvænget 5'!C76 -> 0 | H3: ='Ahornvænget 5'!D76 -> 99000 | I3: ='Ahornvænget 5'!E76 -> 67500 | J3: ='Ahornvænget 5'!F76 -> 291540 | K3: ='Ahornvænget 5'!G76 -> 193330 | L3: ='Ahornvænget 5'!H76 -> 240120 | M3: ='Ahornvænget 5'!I76 -> 247750 | N3: ='Ahornvænget 5'!J76 -> 112300 | ... Y3: ='Ahornvænget 5'!U76 -> 95000 | Z3: =SUBTOTAL(109,G3:Y3) -> 1753040
A4: Algade 40 | B4: Ringe bibliotek | C4: Bibliotek | D4: Gustav Silberbauer | E4: 5750 | F4: Ringe | G4: ='Algade 40'!C30 -> 0 | H4: ='Algade 40'!D30 -> 0 | I4: ='Algade 40'!E30 -> 0 | J4: ='Algade 40'!F30 -> 0 | K4: ='Algade 40'!G30 -> 0 | L4: ='Algade 40'!H30 -> 0 | M4: ='Algade 40'!I30 -> 0 | N4: ='Algade 40'!J30 -> 0 | ... Y4: ='Algade 40'!U30 -> 0 | Z4: =SUBTOTAL(109,G4:Y4) -> 0
A5: Assensvej 183 | B5: Thaisen Hus | D5: Allan Kvistgaard Laursen | E5: 5750 | F5: Ringe | G5: ='Assensvej 183'!C30 -> 0 | H5: ='Assensvej 183'!D30 -> 0 | I5: ='Assensvej 183'!E30 -> 0 | J5: ='Assensvej 183'!F30 -> 0 | K5: ='Assensvej 183'!G30 -> 0 | L5: ='Assensvej 183'!H30 -> 0 | M5: ='Assensvej 183'!I30 -> 0 | N5: ='Assensvej 183'!J30 -> 0 | ... Y5: ='Assensvej 183'!U30 -> 0 | Z5: =SUBTOTAL(109,G5:Y5) -> 0
A6: Assensvej 493 | B6: Klub | D6: Kenneth Gitz | E6: 5642 | F6: Millinge | G6: ='Assensvej 493'!C30 -> 0 | H6: ='Assensvej 493'!D30 -> 0 | I6: ='Assensvej 493'!E30 -> 0 | J6: ='Assensvej 493'!F30 -> 0 | K6: ='Assensvej 493'!G30 -> 0 | L6: ='Assensvej 493'!H30 -> 0 | M6: ='Assensvej 493'!I30 -> 0 | N6: ='Assensvej 493'!J30 -> 0 | ... Y6: ='Assensvej 493'!U30 -> 0 | Z6: =SUBTOTAL(109,G6:Y6) -> 0
A7: Assensvej 497A st- B 1 th- 1 tv-C st-Dst-E st | B7: Udlejningsejendom | C7: Udlejning - Konto 11 | D7: Allan Kvistgaard Laursen | E7: 5642 | F7: Millinge | G7: ='Assensvej 497A'!C30 -> 0 | H7: ='Assensvej 497A'!D30 -> 0 | I7: ='Assensvej 497A'!E30 -> 0 | J7: ='Assensvej 497A'!F30 -> 0 | K7: ='Assensvej 497A'!G30 -> 0 | L7: ='Assensvej 497A'!H30 -> 0 | M7: ='Assensvej 497A'!I30 -> 0 | N7: ='Assensvej 497A'!J30 -> 0 | ... Y7: ='Assensvej 497A'!U30 -> 0 | Z7: =SUBTOTAL(109,G7:Y7) -> 0
A8: Assensvej 96 | B8: Bangsbo | D8: Allan Kvistgaard Laursen | E8: 5600 | F8: Faaborg | G8: ='Assensvej 96'!C30 -> 0 | H8: ='Assensvej 96'!D30 -> 0 | I8: ='Assensvej 96'!E30 -> 0 | J8: ='Assensvej 96'!F30 -> 0 | K8: ='Assensvej 96'!G30 -> 0 | L8: ='Assensvej 96'!H30 -> 0 | M8: ='Assensvej 96'!I30 -> 0 | N8: ='Assensvej 96'!J30 -> 0 | ... Y8: ='Assensvej 96'!U30 -> 0 | Z8: =SUBTOTAL(109,G8:Y8) -> 0
A9: Avernakø Hovedvejen 1 | B9: Off. Toilet - privat m. tilskud | C9: Øvrige - Konto 13 | D9: Kenneth Gitz | E9: 5602 | F9: Avernakø
A10: Avernakø(Korshavn) | B10: Off. Toilet - privat m. tilskud | C10: Øvrige - Konto 13 | D10: Kenneth Gitz | E10: 5602 | F10: Avernakø
A11: Banegårdspladsen 2 A B C D | B11: Off. Toilet | C11: Øvrige - Konto 13 | D11: Allan Kvistgaard Laursen | E11: 5600 | F11: Faaborg | G11: ='Banegårdspladsen Toilet'!C30 -> 0 | H11: ='Banegårdspladsen Toilet'!D30 -> 0 | I11: ='Banegårdspladsen Toilet'!E30 -> 0 | J11: ='Banegårdspladsen Toilet'!F30 -> 0 | K11: ='Banegårdspladsen Toilet'!G30 -> 0 | L11: ='Banegårdspladsen Toilet'!H30 -> 0 | M11: ='Banegårdspladsen Toilet'!I30 -> 0 | N11: ='Banegårdspladsen Toilet'!J30 -> 0 | ... Y11: ='Banegårdspladsen Toilet'!U30 -> 0 | Z11: =SUBTOTAL(109,G11:Y11) -> 0
A12: Banegårdspladsen 2 A B C D | B12: Gl. Banegård | C12: Øvrige - Konto 13 | D12: Anne Langelund | E12: 5600 | F12: Faaborg | G12: ='Banegårdspladsen 2 ABCD'!C30 -> 0 | H12: ='Banegårdspladsen 2 ABCD'!D30 -> 0 | I12: ='Banegårdspladsen 2 ABCD'!E30 -> 0 | J12: ='Banegårdspladsen 2 ABCD'!F30 -> 0 | K12: ='Banegårdspladsen 2 ABCD'!G30 -> 0 | L12: ='Banegårdspladsen 2 ABCD'!H30 -> 0 | M12: ='Banegårdspladsen 2 ABCD'!I30 -> 0 | N12: ='Banegårdspladsen 2 ABCD'!J30 -> 0 | ... Y12: ='Banegårdspladsen 2 ABCD'!U30 -> 0 | Z12: =SUBTOTAL(109,G12:Y12) -> 0
A13: Banegårdspladsen 2 E -F | B13: Garage | C13: Øvrige - Konto 13 | D13: Anne Langelund | E13: 5600 | F13: Faaborg | G13: ='Banegårdspladsen 2 EF'!C30 -> 0 | H13: ='Banegårdspladsen 2 EF'!D30 -> 0 | I13: ='Banegårdspladsen 2 EF'!E30 -> 0 | J13: ='Banegårdspladsen 2 EF'!F30 -> 0 | K13: ='Banegårdspladsen 2 EF'!G30 -> 0 | L13: ='Banegårdspladsen 2 EF'!H30 -> 0 | M13: ='Banegårdspladsen 2 EF'!I30 -> 0 | N13: ='Banegårdspladsen 2 EF'!J30 -> 0 | ... Y13: ='Banegårdspladsen 2 EF'!U30 -> 0 | Z13: =SUBTOTAL(109,G13:Y13) -> 0
A14: Banegårdspladsen 4 | B14: Banegårdsplads | C14: Øvrige - Konto 13 | D14: Anne Langelund | E14: 5600 | F14: Faaborg | G14: ='Banegårdspladsen 4'!C30 -> 0 | H14: ='Banegårdspladsen 4'!D30 -> 0 | I14: ='Banegårdspladsen 4'!E30 -> 0 | J14: ='Banegårdspladsen 4'!F30 -> 0 | K14: ='Banegårdspladsen 4'!G30 -> 0 | L14: ='Banegårdspladsen 4'!H30 -> 0 | M14: ='Banegårdspladsen 4'!I30 -> 0 | N14: ='Banegårdspladsen 4'!J30 -> 0 | ... Y14: ='Banegårdspladsen 4'!U30 -> 0 | Z14: =SUBTOTAL(109,G14:Y14) -> 0
A15: Banegårdspladsen 7 | B15: Helios - Biograf | C15: Øvrige - Konto 13 | D15: Allan Kvistgaard Laursen | E15: 5600 | F15: Faaborg | G15: ='Banegårdspladsen 7'!C30 -> 0 | H15: ='Banegårdspladsen 7'!D30 -> 0 | I15: ='Banegårdspladsen 7'!E30 -> 0 | J15: ='Banegårdspladsen 7'!F30 -> 0 | K15: ='Banegårdspladsen 7'!G30 -> 0 | L15: ='Banegårdspladsen 7'!H30 -> 0 | M15: ='Banegårdspladsen 7'!I30 -> 0 | N15: ='Banegårdspladsen 7'!J30 -> 0 | ... Y15: ='Banegårdspladsen 7'!U30 -> 0 | Z15: =SUBTOTAL(109,G15:Y15) -> 0
A16: Banepladsen 2 | B16: Den Gl. Station | C16: Øvrige - Konto 13 | D16: Gustav Silberbauer | E16: 5772 | F16: Kværndrup | G16: ='Banepladsen 2 '!C30 -> 0 | H16: ='Banepladsen 2 '!D30 -> 0 | I16: ='Banepladsen 2 '!E30 -> 0 | J16: ='Banepladsen 2 '!F30 -> 0 | K16: ='Banepladsen 2 '!G30 -> 0 | L16: ='Banepladsen 2 '!H30 -> 0 | M16: ='Banepladsen 2 '!I30 -> 0 | N16: ='Banepladsen 2 '!J30 -> 0 | ... Y16: ='Banepladsen 2 '!U30 -> 0 | Z16: =SUBTOTAL(109,G16:Y16) -> 0
A17: Birkelundsvej 1 | B17: Årslev Børnehave | C17: Daginstitutioner | D17: Gustav Silberbauer | E17: 5792 | F17: Årslev | G17: ='Birkelundsvej 1'!C30 -> 0 | H17: ='Birkelundsvej 1'!D30 -> 0 | I17: ='Birkelundsvej 1'!E30 -> 0 | J17: ='Birkelundsvej 1'!F30 -> 0 | K17: ='Birkelundsvej 1'!G30 -> 0 | L17: ='Birkelundsvej 1'!H30 -> 0 | M17: ='Birkelundsvej 1'!I30 -> 0 | N17: ='Birkelundsvej 1'!J30 -> 0 | ... Y17: ='Birkelundsvej 1'!U30 -> 0 | Z17: =SUBTOTAL(109,G17:Y17) -> 0
A18: Birkevej 15 | B18: MDVuns | C18: Daginstitutioner | D18: Allan Kvistgaard Laursen | E18: 5672 | F18: Broby | G18: ='Birkevej 15 (institution)'!C30 -> 0 | H18: ='Birkevej 15 (institution)'!D30 -> 0 | I18: ='Birkevej 15 (institution)'!E30 -> 0 | J18: ='Birkevej 15 (institution)'!F30 -> 0 | K18: ='Birkevej 15 (institution)'!G30 -> 0 | L18: ='Birkevej 15 (institution)'!H30 -> 0 | M18: ='Birkevej 15 (institution)'!I30 -> 0 | N18: ='Birkevej 15 (institution)'!J30 -> 0 | ... Y18: ='Birkevej 15 (institution)'!U30 -> 0 | Z18: =SUBTOTAL(109,G18:Y18) -> 0
A19: Birkevej 15 | B19: X-huset | C19: Øvrige - Konto 13 | D19: Allan Kvistgaard Laursen | E19: 5672 | F19: Broby | G19: ='Birkevej 15 (konto 13)'!C30 -> 0 | H19: ='Birkevej 15 (konto 13)'!D30 -> 0 | I19: ='Birkevej 15 (konto 13)'!E30 -> 0 | J19: ='Birkevej 15 (konto 13)'!F30 -> 0 | K19: ='Birkevej 15 (konto 13)'!G30 -> 0 | L19: ='Birkevej 15 (konto 13)'!H30 -> 0 | M19: ='Birkevej 15 (konto 13)'!I30 -> 0 | N19: ='Birkevej 15 (konto 13)'!J30 -> 0 | ... Y19: ='Birkevej 15 (konto 13)'!U30 -> 0 | Z19: =SUBTOTAL(109,G19:Y19) -> 0
A20: Bjørnø | B20: Off. Toilet - privat m. tilskud | C20: Øvrige - Konto 13 | D20: Kenneth Gitz | E20: 5600 | F20: Faaborg
A21: Broholmvej 42 | B21: Broholm børnehave | C21: Daginstitutioner | D21: Kenneth Gitz | E21: 5672 | F21: Broby | G21: ='Broholmvej 42'!C52 -> 7500 | H21: ='Broholmvej 42'!D52 -> 42750 | I21: ='Broholmvej 42'!E52 -> 20000 | J21: ='Broholmvej 42'!F52 -> 76750 | K21: ='Broholmvej 42'!G52 -> 119300 | L21: ='Broholmvej 42'!H52 -> 45500 | M21: ='Broholmvej 42'!I52 -> 501120 | N21: ='Broholmvej 42'!J52 -> 45500 | ... Y21: ='Broholmvej 42'!U52 -> 54000 | Z21: =SUBTOTAL(9,G21:Y21) -> 3245390
A22: Bryggergården 2+6 SOLGT | B22: Hjemmeplejen Faaborg og Alkohol og Misbrug | C22: Administration - Konto 10 | E22: 5600 | F22: Faaborg | G22: ='Bryggergården 2&6 '!C30 -> 0 | H22: ='Bryggergården 2&6 '!D30 -> 0 | I22: ='Bryggergården 2&6 '!E30 -> 0 | J22: ='Bryggergården 2&6 '!F30 -> 0 | K22: ='Bryggergården 2&6 '!G30 -> 0 | L22: ='Bryggergården 2&6 '!H30 -> 0 | M22: ='Bryggergården 2&6 '!I30 -> 0 | N22: ='Bryggergården 2&6 '!J30 -> 0 | ... Y22: ='Bryggergården 2&6 '!U30 -> 0 | Z22: =SUBTOTAL(109,G22:Y22) -> 0
A23: Bygmestervej 3 | B23: Udlejning Delvis | C23: Udlejning - Konto 11 | E23: 5854 | F23: Gislev | G23: ='Bygmestervej 3'!C30 -> 0 | H23: ='Bygmestervej 3'!D30 -> 0 | I23: ='Bygmestervej 3'!E30 -> 0 | J23: ='Bygmestervej 3'!F30 -> 0 | K23: ='Bygmestervej 3'!G30 -> 0 | L23: ='Bygmestervej 3'!H30 -> 0 | M23: ='Bygmestervej 3'!I30 -> 0 | N23: ='Bygmestervej 3'!J30 -> 0 | ... Y23: ='Bygmestervej 3'!U30 -> 0 | Z23: =SUBTOTAL(109,G23:Y23) -> 0
A24: Bøgebjergvej 11A | B24: Bøgebjerg Børnehus | C24: Daginstitutioner | D24: Kenneth Gitz | E24: 5600 | F24: Faaborg | G24: ='Bøgebjergvej 11A'!C30 -> 0 | H24: ='Bøgebjergvej 11A'!D30 -> 0 | I24: ='Bøgebjergvej 11A'!E30 -> 0 | J24: ='Bøgebjergvej 11A'!F30 -> 0 | K24: ='Bøgebjergvej 11A'!G30 -> 0 | L24: ='Bøgebjergvej 11A'!H30 -> 0 | M24: ='Bøgebjergvej 11A'!I30 -> 0 | N24: ='Bøgebjergvej 11A'!J30 -> 0 | ... Y24: ='Bøgebjergvej 11A'!U30 -> 0 | Z24: =SUBTOTAL(109,G24:Y24) -> 0
A25: Bøgeparken 41 | B25: Fælleshus ved udlejningsejendom | C25: Øvrige - Konto 13 | D25: Allan Kvistgaard Laursen | E25: 5792 | F25: Årslev | G25: ='Bøgeparken 41'!C30 -> 0 | H25: ='Bøgeparken 41'!D30 -> 0 | I25: ='Bøgeparken 41'!E30 -> 0 | J25: ='Bøgeparken 41'!F30 -> 0 | K25: ='Bøgeparken 41'!G30 -> 0 | L25: ='Bøgeparken 41'!H30 -> 0 | M25: ='Bøgeparken 41'!I30 -> 0 | N25: ='Bøgeparken 41'!J30 -> 0 | ... Y25: ='Bøgeparken 41'!U30 -> 0 | Z25: =SUBTOTAL(109,G25:Y25) -> 0
A26: Centrumpladsen 6 A+B | B26: Kulurzonen | D26: Gustav Silberbauer | E26: 5750 | F26: Ringe | G26: ='Centrumpladsen 6 A+B'!C30 -> 0 | H26: ='Centrumpladsen 6 A+B'!D30 -> 0 | I26: ='Centrumpladsen 6 A+B'!E30 -> 0 | J26: ='Centrumpladsen 6 A+B'!F30 -> 0 | K26: ='Centrumpladsen 6 A+B'!G30 -> 0 | L26: ='Centrumpladsen 6 A+B'!H30 -> 0 | M26: ='Centrumpladsen 6 A+B'!I30 -> 0 | N26: ='Centrumpladsen 6 A+B'!J30 -> 0 | ... Y26: ='Centrumpladsen 6 A+B'!U30 -> 0 | Z26: =SUBTOTAL(109,G26:Y26) -> 0
A27: Chr. IX’s Vej 12 | B27: Havnebadet | D27: Anne Langelund | E27: 5600 | F27: Faaborg | G27: ='Chr. IX’s Vej 12'!C30 -> 0 | H27: ='Chr. IX’s Vej 12'!D30 -> 0 | I27: ='Chr. IX’s Vej 12'!E30 -> 0 | J27: ='Chr. IX’s Vej 12'!F30 -> 0 | K27: ='Chr. IX’s Vej 12'!G30 -> 0 | L27: ='Chr. IX’s Vej 12'!H30 -> 0 | M27: ='Chr. IX’s Vej 12'!I30 -> 0 | N27: ='Chr. IX’s Vej 12'!J30 -> 0 | ... Y27: ='Chr. IX’s Vej 12'!U30 -> 0 | Z27: =SUBTOTAL(109,G27:Y27) -> 0
A28: Chr. IX’s Vej 12 | B28: Off. Toilet - privat m. tilskud | C28: Øvrige - Konto 13 | D28: Anne Langelund | E28: 5600 | F28: Faaborg
A29: Chr. IX's Vej 2 | B29: Det Hvide Pakhus | C29: Udlejning - Konto 11 | D29: Anne Langelund | E29: 5600 | F29: Faaborg | G29: ='Chr. IXs Vej 2'!C30 -> 0 | H29: ='Chr. IXs Vej 2'!D30 -> 0 | I29: ='Chr. IXs Vej 2'!E30 -> 0 | J29: ='Chr. IXs Vej 2'!F30 -> 0 | K29: ='Chr. IXs Vej 2'!G30 -> 0 | L29: ='Chr. IXs Vej 2'!H30 -> 0 | M29: ='Chr. IXs Vej 2'!I30 -> 0 | N29: ='Chr. IXs Vej 2'!J30 -> 0 | ... Y29: ='Chr. IXs Vej 2'!U30 -> 0 | Z29: =SUBTOTAL(109,G29:Y29) -> 0
A30: Damtoften 2 | B30: Damtoften 2 | C30: Daginstitutioner | D30: Anne Langelund | E30: 5600 | F30: Faaborg | G30: ='Damtoften 2'!C30 -> 0 | H30: ='Damtoften 2'!D30 -> 0 | I30: ='Damtoften 2'!E30 -> 0 | J30: ='Damtoften 2'!F30 -> 0 | K30: ='Damtoften 2'!G30 -> 0 | L30: ='Damtoften 2'!H30 -> 0 | M30: ='Damtoften 2'!I30 -> 0 | N30: ='Damtoften 2'!J30 -> 0 | ... Y30: ='Damtoften 2'!U30 -> 0 | Z30: =SUBTOTAL(109,G30:Y30) -> 0
A31: Damtoften 4 | B31: Udlejningsejendom | C31: Udlejning - Konto 11 | D31: Allan Kvistgaard Laursen | E31: 5600 | F31: Faaborg | G31: ='Damtoften 4'!C30 -> 0 | H31: ='Damtoften 4'!D30 -> 0 | I31: ='Damtoften 4'!E30 -> 0 | J31: ='Damtoften 4'!F30 -> 0 | K31: ='Damtoften 4'!G30 -> 0 | L31: ='Damtoften 4'!H30 -> 0 | M31: ='Damtoften 4'!I30 -> 0 | N31: ='Damtoften 4'!J30 -> 0 | ... Y31: ='Damtoften 4'!U30 -> 0 | Z31: =SUBTOTAL(109,G31:Y31) -> 0
A32: Diernæsvej 2 | B32: Faaborg Miniby | D32: Kenneth Gitz | E32: 5600 | F32: Faaborg | G32: ='Diernæsvej 2'!C30 -> 0 | H32: ='Diernæsvej 2'!D30 -> 0 | I32: ='Diernæsvej 2'!E30 -> 0 | J32: ='Diernæsvej 2'!F30 -> 0 | K32: ='Diernæsvej 2'!G30 -> 0 | L32: ='Diernæsvej 2'!H30 -> 0 | M32: ='Diernæsvej 2'!I30 -> 0 | N32: ='Diernæsvej 2'!J30 -> 0 | ... Y32: ='Diernæsvej 2'!U30 -> 0 | Z32: =SUBTOTAL(109,G32:Y32) -> 0
A33: Dyreborg havn | B33: Off. Toilet - privat m. tilskud | C33: Øvrige - Konto 13 | D33: Allan Kvistgaard Laursen | E33: 5600 | F33: Faaborg
A34: Egeballe 1A | B34: Myretuen | C34: Daginstitutioner | D34: Kenneth Gitz | E34: 5672 | F34: Broby | G34: ='Egeballe 1A'!C30 -> 0 | H34: ='Egeballe 1A'!D30 -> 0 | I34: ='Egeballe 1A'!E30 -> 0 | J34: ='Egeballe 1A'!F30 -> 0 | K34: ='Egeballe 1A'!G30 -> 0 | L34: ='Egeballe 1A'!H30 -> 0 | M34: ='Egeballe 1A'!I30 -> 0 | N34: ='Egeballe 1A'!J30 -> 0 | ... Y34: ='Egeballe 1A'!U30 -> 0 | Z34: =SUBTOTAL(109,G34:Y34) -> 0
A35: Egeballe 4 | B35: STU | D35: Anne Langelund | E35: 5672 | F35: Broby | G35: ='Egeballe 4'!C30 -> 0 | H35: ='Egeballe 4'!D30 -> 0 | I35: ='Egeballe 4'!E30 -> 0 | J35: ='Egeballe 4'!F30 -> 0 | K35: ='Egeballe 4'!G30 -> 0 | L35: ='Egeballe 4'!H30 -> 0 | M35: ='Egeballe 4'!I30 -> 0 | N35: ='Egeballe 4'!J30 -> 0 | ... Y35: ='Egeballe 4'!U30 -> 0 | Z35: =SUBTOTAL(109,G35:Y35) -> 0
A36: Egeballe 4A | B36: Tom bygning (tidligere bibliotek) | D36: Anne Langelund | E36: 5672 | F36: Broby | G36: ='Egeballe 4A'!C30 -> 0 | H36: ='Egeballe 4A'!D30 -> 0 | I36: ='Egeballe 4A'!E30 -> 0 | J36: ='Egeballe 4A'!F30 -> 0 | K36: ='Egeballe 4A'!G30 -> 0 | L36: ='Egeballe 4A'!H30 -> 0 | M36: ='Egeballe 4A'!I30 -> 0 | N36: ='Egeballe 4A'!J30 -> 0 | ... Y36: ='Egeballe 4A'!U30 -> 0 | Z36: =SUBTOTAL(109,G36:Y36) -> 0
A37: Egeparken 2 | B37: Egeparken 2 | C37: Udlejning - Konto 11 | D37: Anne Langelund | E37: 5772 | F37: Kværndrup | G37: ='Egeparken 2'!C30 -> 0 | H37: ='Egeparken 2'!D30 -> 0 | I37: ='Egeparken 2'!E30 -> 0 | J37: ='Egeparken 2'!F30 -> 0 | K37: ='Egeparken 2'!G30 -> 0 | L37: ='Egeparken 2'!H30 -> 0 | M37: ='Egeparken 2'!I30 -> 0 | N37: ='Egeparken 2'!J30 -> 0 | ... Y37: ='Egeparken 2'!U30 -> 0 | Z37: =SUBTOTAL(109,G37:Y37) -> 0
A38: Egeparken 62 | B38: Egeparken 62 | C38: Udlejning - Konto 11 | D38: Anne Langelund | E38: 5772 | F38: Kværndrup | G38: ='Egeparken 62'!C30 -> 0 | H38: ='Egeparken 62'!D30 -> 0 | I38: ='Egeparken 62'!E30 -> 0 | J38: ='Egeparken 62'!F30 -> 0 | K38: ='Egeparken 62'!G30 -> 0 | L38: ='Egeparken 62'!H30 -> 0 | M38: ='Egeparken 62'!I30 -> 0 | N38: ='Egeparken 62'!J30 -> 0 | ... Y38: ='Egeparken 62'!U30 -> 0 | Z38: =SUBTOTAL(109,G38:Y38) -> 0
A39: Egeparken 64 | B39: Egebo Plejecenter | C39: Plejehjem | D39: Anne Langelund | E39: 5772 | F39: Kværndrup | G39: ='Egeparken 64'!C30 -> 0 | H39: ='Egeparken 64'!D30 -> 0 | I39: ='Egeparken 64'!E30 -> 0 | J39: ='Egeparken 64'!F30 -> 0 | K39: ='Egeparken 64'!G30 -> 0 | L39: ='Egeparken 64'!H30 -> 0 | M39: ='Egeparken 64'!I30 -> 0 | N39: ='Egeparken 64'!J30 -> 0 | ... Y39: ='Egeparken 64'!U30 -> 0 | Z39: =SUBTOTAL(109,G39:Y39) -> 0
A40: Fiskerstræde, Falsled | B40: Off. Toilet - privat m. tilskud | C40: Øvrige - Konto 13 | D40: Allan Kvistgaard Laursen | E40: 5642 | F40: Millinge
A41: Fjellbroen | B41: Off. Toilet - privat m. tilskud | C41: Øvrige - Konto 13 | D41: Allan Kvistgaard Laursen | E41: 5600 | F41: Faaborg
A42: Floravej 15 | B42: Guldhøj Mellembygning - Dagplejen og Alkohol og Misbrug | C42: Administration - Konto 10 | D42: Gustav Silberbauer | E42: 5750 | F42: Ringe | G42: ='Floravej 15'!C30 -> 0 | H42: ='Floravej 15'!D30 -> 0 | I42: ='Floravej 15'!E30 -> 0 | J42: ='Floravej 15'!F30 -> 0 | K42: ='Floravej 15'!G30 -> 0 | L42: ='Floravej 15'!H30 -> 0 | M42: ='Floravej 15'!I30 -> 0 | N42: ='Floravej 15'!J30 -> 0 | ... Y42: ='Floravej 15'!U30 -> 0 | Z42: =SUBTOTAL(109,G42:Y42) -> 0
A43: Floravej 17 | B43: Guldhøj - Vest bygning (stuepl. + kælder) | C43: Administration - Konto 10 | D43: Gustav Silberbauer | E43: 5750 | F43: Ringe | G43: ='Floravej 17'!C30 -> 0 | H43: ='Floravej 17'!D30 -> 0 | I43: ='Floravej 17'!E30 -> 0 | J43: ='Floravej 17'!F30 -> 0 | K43: ='Floravej 17'!G30 -> 0 | L43: ='Floravej 17'!H30 -> 0 | M43: ='Floravej 17'!I30 -> 0 | N43: ='Floravej 17'!J30 -> 0 | ... Y43: ='Floravej 17'!U30 -> 0 | Z43: =SUBTOTAL(109,G43:Y43) -> 0
A44: Grønnegade 71-73 | B44: Vandrehjem (Udlejning) | C44: Udlejning - Konto 11 | D44: Allan Kvistgaard Laursen | E44: 5600 | F44: Faaborg | G44: ='Grønnegade 71-73'!C30 -> 0 | H44: ='Grønnegade 71-73'!D30 -> 0 | I44: ='Grønnegade 71-73'!E30 -> 0 | J44: ='Grønnegade 71-73'!F30 -> 0 | K44: ='Grønnegade 71-73'!G30 -> 0 | L44: ='Grønnegade 71-73'!H30 -> 0 | M44: ='Grønnegade 71-73'!I30 -> 0 | N44: ='Grønnegade 71-73'!J30 -> 0 | ... Y44: ='Grønnegade 71-73'!U30 -> 0 | Z44: =SUBTOTAL(109,G44:Y44) -> 0
A45: Graabjergvej 10 | B45: Tre Ege Skolerne, Afd. Ryslinge | C45: Skoler | D45: Gustav Silberbauer | E45: 5856 | F45: Ryslinge | G45: ='Graabjergvej 10'!C75 -> 82670 | H45: ='Graabjergvej 10'!D75 -> 101730 | I45: ='Graabjergvej 10'!E75 -> 445345 | J45: ='Graabjergvej 10'!F75 -> 77750 | K45: ='Graabjergvej 10'!G75 -> 320560 | L45: ='Graabjergvej 10'!H75 -> 70250 | M45: ='Graabjergvej 10'!I75 -> 1837715 | N45: ='Graabjergvej 10'!J75 -> 281210 | ... Y45: ='Graabjergvej 10'!U75 -> 77750 | Z45: =SUBTOTAL(109,G45:Y45) -> 5236460
A46: Havnegade 5 | B46: Direktøren | D46: Allan Kvistgaard Laursen | E46: 5600 | F46: Faaborg | G46: ='Havnegade 5'!C30 -> 0 | H46: ='Havnegade 5'!D30 -> 0 | I46: ='Havnegade 5'!E30 -> 0 | J46: ='Havnegade 5'!F30 -> 0 | K46: ='Havnegade 5'!G30 -> 0 | L46: ='Havnegade 5'!H30 -> 0 | M46: ='Havnegade 5'!I30 -> 0 | N46: ='Havnegade 5'!J30 -> 0 | ... Y46: ='Havnegade 5'!U30 -> 0 | Z46: =SUBTOTAL(109,G46:Y46) -> 0
A47: Hedebovej 48 | B47: Viften - Palleshave | D47: Anne Langelund | E47: 5750 | F47: Ringe | G47: ='Hedebovej 48'!C30 -> 0 | H47: ='Hedebovej 48'!D30 -> 0 | I47: ='Hedebovej 48'!E30 -> 0 | J47: ='Hedebovej 48'!F30 -> 0 | K47: ='Hedebovej 48'!G30 -> 0 | L47: ='Hedebovej 48'!H30 -> 0 | M47: ='Hedebovej 48'!I30 -> 0 | N47: ='Hedebovej 48'!J30 -> 0 | ... Y47: ='Hedebovej 48'!U30 -> 0 | Z47: =SUBTOTAL(109,G47:Y47) -> 0
A48: Herregårdscentret 17 | B48: Faaborg Bibliotek | C48: Bibliotek | D48: Kenneth Gitz | E48: 5600 | F48: Faaborg | G48: =Herregårdscentret!C30 -> 0 | H48: =Herregårdscentret!D30 -> 0 | I48: =Herregårdscentret!E30 -> 0 | J48: =Herregårdscentret!F30 -> 0 | K48: =Herregårdscentret!G30 -> 0 | L48: =Herregårdscentret!H30 -> 0 | M48: =Herregårdscentret!I30 -> 0 | N48: =Herregårdscentret!J30 -> 0 | ... Y48: =Herregårdscentret!U30 -> 0 | Z48: =SUBTOTAL(109,G48:Y48) -> 0
A49: Hestehavevej 1B | B49: Hættegården | C49: Daginstitutioner | D49: Gustav Silberbauer | E49: 5750 | F49: Ringe | G49: ='Hestehavevej 1B'!C30 -> 0 | H49: ='Hestehavevej 1B'!D30 -> 0 | I49: ='Hestehavevej 1B'!E30 -> 0 | J49: ='Hestehavevej 1B'!F30 -> 0 | K49: ='Hestehavevej 1B'!G30 -> 0 | L49: ='Hestehavevej 1B'!H30 -> 0 | M49: ='Hestehavevej 1B'!I30 -> 0 | N49: ='Hestehavevej 1B'!J30 -> 0 | ... Y49: ='Hestehavevej 1B'!U30 -> 0 | Z49: =SUBTOTAL(109,G49:Y49) -> 0
A50: Holmehøjvej 34 | B50: 1000Fryd Børnehave | C50: Daginstitutioner | D50: Gustav Silberbauer | E50: 5750 | F50: Ringe | G50: ='Holmehøjvej 34'!C30 -> 0 | H50: ='Holmehøjvej 34'!D30 -> 0 | I50: ='Holmehøjvej 34'!E30 -> 0 | J50: ='Holmehøjvej 34'!F30 -> 0 | K50: ='Holmehøjvej 34'!G30 -> 0 | L50: ='Holmehøjvej 34'!H30 -> 0 | M50: ='Holmehøjvej 34'!I30 -> 0 | N50: ='Holmehøjvej 34'!J30 -> 0 | ... Y50: ='Holmehøjvej 34'!U30 -> 0 | Z50: =SUBTOTAL(109,G50:Y50) -> 0
A51: Humlehaven 1 | B51: Humlehaven Plejecenter | C51: Plejehjem | D51: Anne Langelund | E51: 5792 | F51: Årslev | G51: ='Humlehaven 1'!C30 -> 0 | H51: ='Humlehaven 1'!D30 -> 0 | I51: ='Humlehaven 1'!E30 -> 0 | J51: ='Humlehaven 1'!F30 -> 0 | K51: ='Humlehaven 1'!G30 -> 0 | L51: ='Humlehaven 1'!H30 -> 0 | M51: ='Humlehaven 1'!I30 -> 0 | N51: ='Humlehaven 1'!J30 -> 0 | ... Y51: ='Humlehaven 1'!U30 -> 0 | Z51: =SUBTOTAL(109,G51:Y51) -> 0
A52: Jordløsevej 13 | B52: Shelter | D52: Anne Langelund | E52: 5600 | F52: Faaborg | G52: ='Jordløsevej 13'!C30 -> 0 | H52: ='Jordløsevej 13'!D30 -> 0 | I52: ='Jordløsevej 13'!E30 -> 0 | J52: ='Jordløsevej 13'!F30 -> 0 | K52: ='Jordløsevej 13'!G30 -> 0 | L52: ='Jordløsevej 13'!H30 -> 0 | M52: ='Jordløsevej 13'!I30 -> 0 | N52: ='Jordløsevej 13'!J30 -> 0 | ... Y52: ='Jordløsevej 13'!U30 -> 0 | Z52: =SUBTOTAL(109,G52:Y52) -> 0
A53: Kaj Lykkesvej 2-4 B, Korinth | B53: Korinth Station | C53: Udlejning - Konto 11 | D53: Allan Kvistgaard Laursen | E53: 5600 | F53: Faaborg | G53: ='Kaj Lykkesvej 2-4 B, Korinth'!C30 -> 0 | H53: ='Kaj Lykkesvej 2-4 B, Korinth'!D30 -> 0 | I53: ='Kaj Lykkesvej 2-4 B, Korinth'!E30 -> 0 | J53: ='Kaj Lykkesvej 2-4 B, Korinth'!F30 -> 0 | K53: ='Kaj Lykkesvej 2-4 B, Korinth'!G30 -> 0 | L53: ='Kaj Lykkesvej 2-4 B, Korinth'!H30 -> 0 | M53: ='Kaj Lykkesvej 2-4 B, Korinth'!I30 -> 0 | N53: ='Kaj Lykkesvej 2-4 B, Korinth'!J30 -> 0 | ... Y53: ='Kaj Lykkesvej 2-4 B, Korinth'!U30 -> 0 | Z53: =SUBTOTAL(109,G53:Y53) -> 0
A54: Kaj Lykkesvej 4C, Korinth | B54: Off. Toilet | C54: Øvrige - Konto 13 | D54: Allan Kvistgaard Laursen | E54: 5600 | F54: Faaborg | G54: =Kaj_Lykkesvej_4c!C30 -> 0 | H54: =Kaj_Lykkesvej_4c!D30 -> 0 | I54: =Kaj_Lykkesvej_4c!E30 -> 0 | J54: =Kaj_Lykkesvej_4c!F30 -> 0 | K54: =Kaj_Lykkesvej_4c!G30 -> 0 | L54: =Kaj_Lykkesvej_4c!H30 -> 0 | M54: =Kaj_Lykkesvej_4c!I30 -> 0 | N54: =Kaj_Lykkesvej_4c!J30 -> 0 | ... Y54: =Kaj_Lykkesvej_4c!U30 -> 0 | Z54: =SUBTOTAL(109,G54:Y54) -> 0
A55: Kalvørevej 7, Bøjden | B55: Off. Toilet | C55: Øvrige - Konto 13 | D55: Allan Kvistgaard Laursen | E55: 5600 | F55: Faaborg | G55: =Kalvørevej_7!C30 -> 0 | H55: =Kalvørevej_7!D30 -> 0 | I55: =Kalvørevej_7!E30 -> 4350 | J55: =Kalvørevej_7!F30 -> 0 | K55: =Kalvørevej_7!G30 -> 0 | L55: =Kalvørevej_7!H30 -> 0 | M55: =Kalvørevej_7!I30 -> 2200 | N55: =Kalvørevej_7!J30 -> 4350 | ... Y55: =Kalvørevej_7!U30 -> 32000 | Z55: =SUBTOTAL(109,G55:Y55) -> 76500
A56: Kanalvej 20 | B56: Røgeri/ Grilbar | C56: Udlejning - Konto 11 | D56: Anne Langelund | E56: 5600 | F56: Faaborg | G56: ='Kanalvej 20'!C30 -> 0 | H56: ='Kanalvej 20'!D30 -> 0 | I56: ='Kanalvej 20'!E30 -> 0 | J56: ='Kanalvej 20'!F30 -> 0 | K56: ='Kanalvej 20'!G30 -> 0 | L56: ='Kanalvej 20'!H30 -> 0 | M56: ='Kanalvej 20'!I30 -> 0 | N56: ='Kanalvej 20'!J30 -> 0 | ... Y56: ='Kanalvej 20'!U30 -> 0 | Z56: =SUBTOTAL(109,G56:Y56) -> 0
A57: Kirkegyden 1B og 1C | B57: Hillerslev Hjerneskadecenter | D57: Anne Langelund | E57: 5750 | F57: Ringe | G57: ='Kirkegyden 1B og 1C'!C57 -> 0 | H57: ='Kirkegyden 1B og 1C'!D57 -> 0 | I57: ='Kirkegyden 1B og 1C'!E57 -> 0 | J57: ='Kirkegyden 1B og 1C'!F57 -> 0 | K57: ='Kirkegyden 1B og 1C'!G57 -> 0 | L57: ='Kirkegyden 1B og 1C'!H57 -> 0 | M57: ='Kirkegyden 1B og 1C'!I57 -> 0 | N57: ='Kirkegyden 1B og 1C'!J57 -> 0 | ... Y57: ='Kirkegyden 1B og 1C'!U57 -> 0 | Z57: =SUBTOTAL(109,G57:Y57) -> 0
A58: Kirkegyden 31 | B58: Svanninge Børnehus | C58: Daginstitutioner | D58: Allan Kvistgaard Laursen | E58: 5642 | F58: Millinge | G58: ='Kirkegyden 31 '!C30 -> 0 | H58: ='Kirkegyden 31 '!D30 -> 0 | I58: ='Kirkegyden 31 '!E30 -> 0 | J58: ='Kirkegyden 31 '!F30 -> 0 | K58: ='Kirkegyden 31 '!G30 -> 0 | L58: ='Kirkegyden 31 '!H30 -> 0 | M58: ='Kirkegyden 31 '!I30 -> 0 | N58: ='Kirkegyden 31 '!J30 -> 0 | ... Y58: ='Kirkegyden 31 '!U30 -> 0 | Z58: =SUBTOTAL(109,G58:Y58) -> 0
A59: Kirkegyden 33 | B59: Brahesminde Skolerne afd. Svanninge | C59: Skoler | D59: Allan Kvistgaard Laursen | E59: 5642 | F59: Millinge | G59: ='Kirkegyden 33'!C82 -> 0 | H59: ='Kirkegyden 33'!D82 -> 65880 | I59: ='Kirkegyden 33'!E82 -> 30880 | J59: ='Kirkegyden 33'!F82 -> 159770 | K59: ='Kirkegyden 33'!G82 -> 30880 | L59: ='Kirkegyden 33'!H82 -> 65880 | M59: ='Kirkegyden 33'!I82 -> 34480 | N59: ='Kirkegyden 33'!J82 -> 69480 | ... Y59: ='Kirkegyden 33'!U82 -> 34480 | Z59: =SUBTOTAL(109,G59:Y59) -> 6103420
A60: Kirkemarken 3 | B60: Diernæs gl. skole | C60: Udlejning - Konto 11 | D60: Allan Kvistgaard Laursen | E60: 5600 | F60: Faaborg | G60: ='Kirkemarken 3 (konto 11)'!C39 -> 0 | H60: ='Kirkemarken 3 (konto 11)'!D39 -> 0 | I60: ='Kirkemarken 3 (konto 11)'!E39 -> 0 | J60: ='Kirkemarken 3 (konto 11)'!F39 -> 0 | K60: ='Kirkemarken 3 (konto 11)'!G39 -> 0 | L60: ='Kirkemarken 3 (konto 11)'!H39 -> 0 | M60: ='Kirkemarken 3 (konto 11)'!I39 -> 0 | N60: ='Kirkemarken 3 (konto 11)'!J39 -> 0 | ... Y60: ='Kirkemarken 3 (konto 11)'!U39 -> 0 | Z60: =SUBTOTAL(109,G60:Y60) -> 0
A61: Kirkemarken 3 | B61: Diernæs gl. skole | C61: Øvrige - Konto 13 | D61: Anne Langelund | E61: 5600 | F61: Faaborg | G61: ='Kirkemarken 3 (konto 13)'!C30 -> 0 | H61: ='Kirkemarken 3 (konto 13)'!D30 -> 0 | I61: ='Kirkemarken 3 (konto 13)'!E30 -> 0 | J61: ='Kirkemarken 3 (konto 13)'!F30 -> 0 | K61: ='Kirkemarken 3 (konto 13)'!G30 -> 0 | L61: ='Kirkemarken 3 (konto 13)'!H30 -> 0 | M61: ='Kirkemarken 3 (konto 13)'!I30 -> 0 | N61: ='Kirkemarken 3 (konto 13)'!J30 -> 0 | ... Y61: ='Kirkemarken 3 (konto 13)'!U30 -> 0 | Z61: =SUBTOTAL(109,G61:Y61) -> 0
A62: Kirkevej 12 | B62: Oasen børnehave | C62: Daginstitutioner | D62: Gustav Silberbauer | E62: 5772 | F62: Kværndrup | G62: ='Kirkevej 12'!C30 -> 0 | H62: ='Kirkevej 12'!D30 -> 0 | I62: ='Kirkevej 12'!E30 -> 0 | J62: ='Kirkevej 12'!F30 -> 0 | K62: ='Kirkevej 12'!G30 -> 0 | L62: ='Kirkevej 12'!H30 -> 0 | M62: ='Kirkevej 12'!I30 -> 0 | N62: ='Kirkevej 12'!J30 -> 0 | ... Y62: ='Kirkevej 12'!U30 -> 0 | Z62: =SUBTOTAL(109,G62:Y62) -> 0
A63: Kirkevej 14 | B63: Årslev Bibliotek | C63: Bibliotek | D63: Gustav Silberbauer | E63: 5792 | F63: Årslev | G63: ='kirkevej 14'!C30 -> 0 | H63: ='kirkevej 14'!D30 -> 0 | I63: ='kirkevej 14'!E30 -> 0 | J63: ='kirkevej 14'!F30 -> 0 | K63: ='kirkevej 14'!G30 -> 0 | L63: ='kirkevej 14'!H30 -> 0 | M63: ='kirkevej 14'!I30 -> 0 | N63: ='kirkevej 14'!J30 -> 0 | ... Y63: ='kirkevej 14'!U30 -> 0 | Z63: =SUBTOTAL(109,G63:Y63) -> 0
A64: Kirkevej 3 | B64: Tre Ege Skolerne. Afd. Kværndrup | C64: Skoler | D64: Gustav Silberbauer | E64: 5772 | F64: Kværndrup | G64: ='Kirkevej 3'!C31 -> 0 | H64: ='Kirkevej 3'!D31 -> 0 | I64: ='Kirkevej 3'!E31 -> 0 | J64: ='Kirkevej 3'!F31 -> 42000 | K64: ='Kirkevej 3'!G31 -> 51000 | L64: ='Kirkevej 3'!H31 -> 40000 | M64: ='Kirkevej 3'!I31 -> 160000 | N64: ='Kirkevej 3'!J31 -> 0 | ... Y64: ='Kirkevej 3'!U31 -> 0 | Z64: =SUBTOTAL(109,G64:Y64) -> 309000
A65: Klintholmvej 46, Falsled | B65: Off. Toilet | C65: Øvrige - Konto 13 | D65: Allan Kvistgaard Laursen | E65: 5642 | F65: Millinge | G65: =Klintholmvej_46!C30 -> 0 | H65: =Klintholmvej_46!D30 -> 0 | I65: =Klintholmvej_46!E30 -> 0 | J65: =Klintholmvej_46!F30 -> 0 | K65: =Klintholmvej_46!G30 -> 0 | L65: =Klintholmvej_46!H30 -> 0 | M65: =Klintholmvej_46!I30 -> 0 | N65: =Klintholmvej_46!J30 -> 0 | ... Y65: =Klintholmvej_46!U30 -> 0 | Z65: =SUBTOTAL(109,G65:Y65) -> 0
A66: Knoldsvej 1 | B66: Off. Toilet | C66: Øvrige - Konto 13 | D66: Allan Kvistgaard Laursen | E66: 5600 | F66: Faaborg | G66: =Knoldsvej_1!C28 -> 35600 | H66: =Knoldsvej_1!D28 -> 0 | I66: =Knoldsvej_1!E28 -> 0 | J66: =Knoldsvej_1!F28 -> 2850 | K66: =Knoldsvej_1!G28 -> 0 | L66: =Knoldsvej_1!H28 -> 29250 | M66: =Knoldsvej_1!I28 -> 25550 | N66: =Knoldsvej_1!J28 -> 0 | ... Y66: =Knoldsvej_1!U28 -> 2850 | Z66: =SUBTOTAL(109,G66:Y66) -> 115450
A67: Lindevej 5 | B67: Jobcenteret | C67: Administration - Konto 10 | D67: Gustav Silberbauer | E67: 5750 | F67: Ringe | G67: ='Lindevej 5'!C30 -> 0 | H67: ='Lindevej 5'!D30 -> 0 | I67: ='Lindevej 5'!E30 -> 0 | J67: ='Lindevej 5'!F30 -> 0 | K67: ='Lindevej 5'!G30 -> 0 | L67: ='Lindevej 5'!H30 -> 0 | M67: ='Lindevej 5'!I30 -> 0 | N67: ='Lindevej 5'!J30 -> 0 | ... Y67: ='Lindevej 5'!U30 -> 0 | Z67: =SUBTOTAL(109,G67:Y67) -> 0
A68: Lindevej 5A | B68: Socialtilsynet syd | C68: Administration - Konto 10 | D68: Gustav Silberbauer | E68: 5750 | F68: Ringe | G68: ='Lindevej 5A'!C30 -> 0 | H68: ='Lindevej 5A'!D30 -> 0 | I68: ='Lindevej 5A'!E30 -> 0 | J68: ='Lindevej 5A'!F30 -> 0 | K68: ='Lindevej 5A'!G30 -> 0 | L68: ='Lindevej 5A'!H30 -> 0 | M68: ='Lindevej 5A'!I30 -> 0 | N68: ='Lindevej 5A'!J30 -> 0 | ... Y68: ='Lindevej 5A'!U30 -> 0 | Z68: =SUBTOTAL(109,G68:Y68) -> 0
A69: Lucienhøj 14, Pipstorn | B69: Off. Toilet | C69: Øvrige - Konto 13 | D69: Allan Kvistgaard Laursen | E69: 5600 | F69: Faaborg | G69: =Lucienvej_14!C30 -> 0 | H69: =Lucienvej_14!D30 -> 0 | I69: =Lucienvej_14!E30 -> 0 | J69: =Lucienvej_14!F30 -> 0 | K69: =Lucienvej_14!G30 -> 0 | L69: =Lucienvej_14!H30 -> 0 | M69: =Lucienvej_14!I30 -> 0 | N69: =Lucienvej_14!J30 -> 0 | ... Y69: =Lucienvej_14!U30 -> 0 | Z69: =SUBTOTAL(109,G69:Y69) -> 0
A70: Lumbyvej 64 | B70: Carl Nielsen Skole | C70: Skoler | D70: Kenneth Gitz | E70: 5792 | F70: Årslev | G70: ='Lumbyvej 64'!C131 -> 887230 | H70: ='Lumbyvej 64'!D131 -> 1398170 | I70: ='Lumbyvej 64'!E131 -> 1031800 | J70: ='Lumbyvej 64'!F131 -> 1015195 | K70: ='Lumbyvej 64'!G131 -> 1571900 | L70: ='Lumbyvej 64'!H131 -> 579635 | M70: ='Lumbyvej 64'!I131 -> 2082380 | N70: ='Lumbyvej 64'!J131 -> 567275 | ... Y70: ='Lumbyvej 64'!U131 -> 490300 | Z70: =SUBTOTAL(109,G70:Y70) -> 22650040
A71: Lumbyvej 64C | B71: Carl Nielsen SFO - Toppen | C71: Skoler | D71: Kenneth Gitz | E71: 5792 | F71: Årslev | G71: ='Lumbyvej 64C'!C30 -> 0 | H71: ='Lumbyvej 64C'!D30 -> 0 | I71: ='Lumbyvej 64C'!E30 -> 0 | J71: ='Lumbyvej 64C'!F30 -> 0 | K71: ='Lumbyvej 64C'!G30 -> 0 | L71: ='Lumbyvej 64C'!H30 -> 0 | M71: ='Lumbyvej 64C'!I30 -> 0 | N71: ='Lumbyvej 64C'!J30 -> 0 | ... Y71: ='Lumbyvej 64C'!U30 -> 0 | Z71: =SUBTOTAL(109,G71:Y71) -> 0
A72: Lundegårdsvej 1 | B72: Lunden | D72: Anne Langelund | E72: 5792 | F72: Årslev | G72: ='Lundegårdsvej 1'!C30 -> 0 | H72: ='Lundegårdsvej 1'!D30 -> 0 | I72: ='Lundegårdsvej 1'!E30 -> 0 | J72: ='Lundegårdsvej 1'!F30 -> 0 | K72: ='Lundegårdsvej 1'!G30 -> 0 | L72: ='Lundegårdsvej 1'!H30 -> 0 | M72: ='Lundegårdsvej 1'!I30 -> 0 | N72: ='Lundegårdsvej 1'!J30 -> 0 | ... Y72: ='Lundegårdsvej 1'!U30 -> 0 | Z72: =SUBTOTAL(109,G72:Y72) -> 0
A73: Lykkevalg 17 | B73: Botilbud Korinth | D73: Anne Langelund | E73: 5600 | F73: Faaborg | G73: ='Lykkevalg 17'!C30 -> 0 | H73: ='Lykkevalg 17'!D30 -> 0 | I73: ='Lykkevalg 17'!E30 -> 0 | J73: ='Lykkevalg 17'!F30 -> 0 | K73: ='Lykkevalg 17'!G30 -> 0 | L73: ='Lykkevalg 17'!H30 -> 0 | M73: ='Lykkevalg 17'!I30 -> 0 | N73: ='Lykkevalg 17'!J30 -> 0 | ... Y73: ='Lykkevalg 17'!U30 -> 0 | Z73: =SUBTOTAL(109,G73:Y73) -> 0
A74: Lykkevalg 5B | B74: Lykkevalg Plejecenter | C74: Plejehjem | D74: Anne Langelund | E74: 5600 | F74: Faaborg | G74: ='Lykkevalg 5B'!C30 -> 0 | H74: ='Lykkevalg 5B'!D30 -> 0 | I74: ='Lykkevalg 5B'!E30 -> 0 | J74: ='Lykkevalg 5B'!F30 -> 0 | K74: ='Lykkevalg 5B'!G30 -> 0 | L74: ='Lykkevalg 5B'!H30 -> 0 | M74: ='Lykkevalg 5B'!I30 -> 0 | N74: ='Lykkevalg 5B'!J30 -> 0 | ... Y74: ='Lykkevalg 5B'!U30 -> 0 | Z74: =SUBTOTAL(109,G74:Y74) -> 0
A75: Lysbjergparken 1 | B75: Lysbjergparken Plejecenter | C75: Plejehjem | D75: Anne Langelund | E75: 5600 | F75: Faaborg | G75: ='Lysbjergparken 1'!C30 -> 0 | H75: ='Lysbjergparken 1'!D30 -> 0 | I75: ='Lysbjergparken 1'!E30 -> 0 | J75: ='Lysbjergparken 1'!F30 -> 0 | K75: ='Lysbjergparken 1'!G30 -> 0 | L75: ='Lysbjergparken 1'!H30 -> 0 | M75: ='Lysbjergparken 1'!I30 -> 0 | N75: ='Lysbjergparken 1'!J30 -> 0 | ... Y75: ='Lysbjergparken 1'!U30 -> 0 | Z75: =SUBTOTAL(109,G75:Y75) -> 0
A76: Lyø Havn - Lyø Bygade 13 | B76: Off. Toilet | C76: Øvrige - Konto 13 | D76: Kenneth Gitz | E76: 5600 | F76: Faaborg | G76: =Lyø_Havn!C30 -> 0 | H76: =Lyø_Havn!D30 -> 0 | I76: =Lyø_Havn!E30 -> 0 | J76: =Lyø_Havn!F30 -> 0 | K76: =Lyø_Havn!G30 -> 0 | L76: =Lyø_Havn!H30 -> 0 | M76: =Lyø_Havn!I30 -> 0 | N76: =Lyø_Havn!J30 -> 0 | ... Y76: =Lyø_Havn!U30 -> 0 | Z76: =SUBTOTAL(109,G76:Y76) -> 0
A77: Lyø Strandvej 19 | B77: Ventesal og skur | D77: Kenneth Gitz | E77: 5601 | F77: Lyø | G77: =Lyø_Havn!C30 -> 0 | H77: =Lyø_Havn!D30 -> 0 | I77: =Lyø_Havn!E30 -> 0 | J77: =Lyø_Havn!F30 -> 0 | K77: =Lyø_Havn!G30 -> 0 | L77: =Lyø_Havn!H30 -> 0 | M77: =Lyø_Havn!I30 -> 0 | N77: =Lyø_Havn!J30 -> 0 | ... Y77: =Lyø_Havn!U30 -> 0 | Z77: =SUBTOTAL(109,G77:Y77) -> 0
A78: Lyøvej 3, Horne Sommerland | B78: Off. Toilet | C78: Øvrige - Konto 13 | D78: Allan Kvistgaard Laursen | E78: 5600 | F78: Faaborg | G78: ='Lyøvej 3'!C30 -> 0 | H78: ='Lyøvej 3'!D30 -> 0 | I78: ='Lyøvej 3'!E30 -> 0 | J78: ='Lyøvej 3'!F30 -> 0 | K78: ='Lyøvej 3'!G30 -> 0 | L78: ='Lyøvej 3'!H30 -> 0 | M78: ='Lyøvej 3'!I30 -> 0 | N78: ='Lyøvej 3'!J30 -> 0 | ... Y78: ='Lyøvej 3'!U30 -> 0 | Z78: =SUBTOTAL(109,G78:Y78) -> 0
A79: Fionavej 21 | B79: Ubemandet værested for udsatte borgere | D79: Allan Kvistgaard Laursen | E79: 5600 | F79: Faaborg | G79: ='Markedspladsen 21'!C30 -> 0 | H79: ='Markedspladsen 21'!D30 -> 0 | I79: ='Markedspladsen 21'!E30 -> 0 | J79: ='Markedspladsen 21'!F30 -> 0 | K79: ='Markedspladsen 21'!G30 -> 0 | L79: ='Markedspladsen 21'!H30 -> 0 | M79: ='Markedspladsen 21'!I30 -> 0 | N79: ='Markedspladsen 21'!J30 -> 0 | ... Y79: ='Markedspladsen 21'!U30 -> 0 | Z79: =SUBTOTAL(109,G79:Y79) -> 0
A80: Mellemgade 15 | B80: Faaborg administration | C80: Administration - Konto 10 | D80: Kenneth Gitz | E80: 5600 | F80: Faaborg | G80: ='Mellemgade 15'!C30 -> 0 | H80: ='Mellemgade 15'!D30 -> 0 | I80: ='Mellemgade 15'!E30 -> 0 | J80: ='Mellemgade 15'!F30 -> 0 | K80: ='Mellemgade 15'!G30 -> 0 | L80: ='Mellemgade 15'!H30 -> 0 | M80: ='Mellemgade 15'!I30 -> 0 | N80: ='Mellemgade 15'!J30 -> 0 | ... Y80: ='Mellemgade 15'!U30 -> 0 | Z80: =SUBTOTAL(109,G80:Y80) -> 0
A81: Mellemgade 18A | B81: Off. Toilet | C81: Øvrige - Konto 13 | D81: Allan Kvistgaard Laursen | E81: 5600 | F81: Faaborg | G81: =Mellemgade_18A!C30 -> 0 | H81: =Mellemgade_18A!D30 -> 0 | I81: =Mellemgade_18A!E30 -> 0 | J81: =Mellemgade_18A!F30 -> 0 | K81: =Mellemgade_18A!G30 -> 0 | L81: =Mellemgade_18A!H30 -> 0 | M81: =Mellemgade_18A!I30 -> 0 | N81: =Mellemgade_18A!J30 -> 0 | ... Y81: =Mellemgade_18A!U30 -> 0 | Z81: =SUBTOTAL(109,G81:Y81) -> 0
A82: Nabgyden 30 A, Aastrup | B82: Off. Toilet | C82: Øvrige - Konto 13 | D82: Allan Kvistgaard Laursen | E82: 5600 | F82: Faaborg | G82: =Nabgyden_30A!C26 -> 6525 | H82: =Nabgyden_30A!D26 -> 1250 | I82: =Nabgyden_30A!E26 -> 24000 | J82: =Nabgyden_30A!F26 -> 7960 | K82: =Nabgyden_30A!G26 -> 8250 | L82: =Nabgyden_30A!H26 -> 29025 | M82: =Nabgyden_30A!I26 -> 9750 | N82: =Nabgyden_30A!J26 -> 1250 | ... Y82: =Nabgyden_30A!U26 -> 7960 | Z82: =SUBTOTAL(109,G82:Y82) -> 112770
A83: Nørregade 13 | B83: Garageanlæg | D83: Anne Langelund | E83: 5600 | F83: Faaborg | G83: ='Nørregade 13'!C30 -> 0 | H83: ='Nørregade 13'!D30 -> 0 | I83: ='Nørregade 13'!E30 -> 0 | J83: ='Nørregade 13'!F30 -> 0 | K83: ='Nørregade 13'!G30 -> 0 | L83: ='Nørregade 13'!H30 -> 0 | M83: ='Nørregade 13'!I30 -> 0 | N83: ='Nørregade 13'!J30 -> 0 | ... Y83: ='Nørregade 13'!U30 -> 0 | Z83: =SUBTOTAL(109,G83:Y83) -> 0
A84: Nørregade 2 | B84: Faaborg administration | C84: Administration - Konto 10 | D84: Kenneth Gitz | E84: 5600 | F84: Faaborg | G84: ='Nørregade 2'!C30 -> 0 | H84: ='Nørregade 2'!D30 -> 0 | I84: ='Nørregade 2'!E30 -> 0 | J84: ='Nørregade 2'!F30 -> 0 | K84: ='Nørregade 2'!G30 -> 0 | L84: ='Nørregade 2'!H30 -> 0 | M84: ='Nørregade 2'!I30 -> 0 | N84: ='Nørregade 2'!J30 -> 0 | ... Y84: ='Nørregade 2'!U30 -> 0 | Z84: =SUBTOTAL(109,G84:Y84) -> 0
A85: Nørregade 4 | B85: Faaborg administration | C85: Administration - Konto 10 | D85: Kenneth Gitz | E85: 5600 | F85: Faaborg | G85: ='Nørregade 4'!C30 -> 0 | H85: ='Nørregade 4'!D30 -> 0 | I85: ='Nørregade 4'!E30 -> 0 | J85: ='Nørregade 4'!F30 -> 0 | K85: ='Nørregade 4'!G30 -> 0 | L85: ='Nørregade 4'!H30 -> 0 | M85: ='Nørregade 4'!I30 -> 0 | N85: ='Nørregade 4'!J30 -> 0 | ... Y85: ='Nørregade 4'!U30 -> 0 | Z85: =SUBTOTAL(109,G85:Y85) -> 0
A86: Nørrevænget 1 | B86: Nørrevænget Plejehjem | C86: Plejehjem | D86: Anne Langelund | E86: 5845 | F86: Gislev | G86: ='Nørrevænget 1'!C30 -> 0 | H86: ='Nørrevænget 1'!D30 -> 0 | I86: ='Nørrevænget 1'!E30 -> 0 | J86: ='Nørrevænget 1'!F30 -> 0 | K86: ='Nørrevænget 1'!G30 -> 0 | L86: ='Nørrevænget 1'!H30 -> 0 | M86: ='Nørrevænget 1'!I30 -> 0 | N86: ='Nørrevænget 1'!J30 -> 0 | ... Y86: ='Nørrevænget 1'!U30 -> 0 | Z86: =SUBTOTAL(109,G86:Y86) -> 0
A87: Odensevej 26A | B87: Montagen | D87: Anne Langelund | E87: 5772 | F87: Kværndrup | G87: ='Odensevej 26A'!C30 -> 0 | H87: ='Odensevej 26A'!D30 -> 0 | I87: ='Odensevej 26A'!E30 -> 0 | J87: ='Odensevej 26A'!F30 -> 0 | K87: ='Odensevej 26A'!G30 -> 0 | L87: ='Odensevej 26A'!H30 -> 0 | M87: ='Odensevej 26A'!I30 -> 0 | N87: ='Odensevej 26A'!J30 -> 0 | ... Y87: ='Odensevej 26A'!U30 -> 0 | Z87: =SUBTOTAL(109,G87:Y87) -> 0
A88: Odensevej 44 | B88: Udlejningsboliger | C88: Udlejning - Konto 11 | D88: Allan Kvistgaard Laursen | E88: 5600 | F88: Faaborg | G88: ='Odensevej 44'!C30 -> 0 | H88: ='Odensevej 44'!D30 -> 0 | I88: ='Odensevej 44'!E30 -> 0 | J88: ='Odensevej 44'!F30 -> 0 | K88: ='Odensevej 44'!G30 -> 0 | L88: ='Odensevej 44'!H30 -> 0 | M88: ='Odensevej 44'!I30 -> 0 | N88: ='Odensevej 44'!J30 -> 0 | ... Y88: ='Odensevej 44'!U30 -> 0 | Z88: =SUBTOTAL(109,G88:Y88) -> 0
A89: Odensevej 46 | B89: Udlejningsboliger | C89: Udlejning - Konto 11 | D89: Allan Kvistgaard Laursen | E89: 5600 | F89: Faaborg | G89: ='Odensevej 46'!C30 -> 0 | H89: ='Odensevej 46'!D30 -> 0 | I89: ='Odensevej 46'!E30 -> 0 | J89: ='Odensevej 46'!F30 -> 0 | K89: ='Odensevej 46'!G30 -> 0 | L89: ='Odensevej 46'!H30 -> 0 | M89: ='Odensevej 46'!I30 -> 0 | N89: ='Odensevej 46'!J30 -> 0 | ... Y89: ='Odensevej 46'!U30 -> 0 | Z89: =SUBTOTAL(109,G89:Y89) -> 0
A90: Over Bækken 1E | B90: Husmandsstedet | D90: Anne Langelund | E90: 5792 | F90: Årslev | G90: ='Over Bækken 1E'!C30 -> 0 | H90: ='Over Bækken 1E'!D30 -> 0 | I90: ='Over Bækken 1E'!E30 -> 0 | J90: ='Over Bækken 1E'!F30 -> 0 | K90: ='Over Bækken 1E'!G30 -> 0 | L90: ='Over Bækken 1E'!H30 -> 0 | M90: ='Over Bækken 1E'!I30 -> 0 | N90: ='Over Bækken 1E'!J30 -> 0 | ... Y90: ='Over Bækken 1E'!U30 -> 0 | Z90: =SUBTOTAL(109,G90:Y90) -> 0
A91: Overvejen 54 | B91: Broskolen afd. Bøgehøj + SFO | C91: Skoler | D91: Gustav Silberbauer | E91: 5792 | F91: Årslev | G91: ='Overvejen 54'!C155 -> 0 | H91: ='Overvejen 54'!D155 -> 105450 | I91: ='Overvejen 54'!E155 -> 198600 | J91: ='Overvejen 54'!F155 -> 126950 | K91: ='Overvejen 54'!G155 -> 167060 | L91: ='Overvejen 54'!H155 -> 1321260 | M91: ='Overvejen 54'!I155 -> 398300 | N91: ='Overvejen 54'!J155 -> 77650 | ... Y91: ='Overvejen 54'!U155 -> 967700 | Z91: =SUBTOTAL(109,G91:Y91) -> 8333930
A92: Overvejen 62 | B92: Bøgehaven Børnehave | C92: Daginstitutioner | D92: Gustav Silberbauer | E92: 5792 | F92: Årslev | G92: ='Overvejen 62'!C33 -> 0 | H92: ='Overvejen 62'!D33 -> 0 | I92: ='Overvejen 62'!E33 -> 34628 | J92: ='Overvejen 62'!F33 -> 332000 | K92: ='Overvejen 62'!G33 -> 0 | L92: ='Overvejen 62'!H33 -> 0 | M92: ='Overvejen 62'!I33 -> 363000 | N92: ='Overvejen 62'!J33 -> 0 | ... Y92: ='Overvejen 62'!U33 -> 91000 | Z92: =SUBTOTAL(109,G92:Y92) -> 1398628
A93: Overvejen 70 | B93: Nøddehøj børnehave | C93: Daginstitutioner | D93: Gustav Silberbauer | E93: 5792 | F93: Årslev | G93: ='Overvejen 70'!C30 -> 0 | H93: ='Overvejen 70'!D30 -> 0 | I93: ='Overvejen 70'!E30 -> 0 | J93: ='Overvejen 70'!F30 -> 0 | K93: ='Overvejen 70'!G30 -> 0 | L93: ='Overvejen 70'!H30 -> 0 | M93: ='Overvejen 70'!I30 -> 0 | N93: ='Overvejen 70'!J30 -> 0 | ... Y93: ='Overvejen 70'!U30 -> 0 | Z93: =SUBTOTAL(109,G93:Y93) -> 0
A94: Plantagen 17, Korinth | B94: Udlejningsboliger | C94: Udlejning - Konto 11 | D94: Allan Kvistgaard Laursen | E94: 5600 | F94: Faaborg | G94: ='Plantagen 17 Korinth (konto 11)'!C30 -> 0 | H94: ='Plantagen 17 Korinth (konto 11)'!D30 -> 0 | I94: ='Plantagen 17 Korinth (konto 11)'!E30 -> 0 | J94: ='Plantagen 17 Korinth (konto 11)'!F30 -> 0 | K94: ='Plantagen 17 Korinth (konto 11)'!G30 -> 0 | L94: ='Plantagen 17 Korinth (konto 11)'!H30 -> 0 | M94: ='Plantagen 17 Korinth (konto 11)'!I30 -> 0 | N94: ='Plantagen 17 Korinth (konto 11)'!J30 -> 0 | ... Y94: ='Plantagen 17 Korinth (konto 11)'!U30 -> 0 | Z94: =SUBTOTAL(109,G94:Y94) -> 0
A95: Plantagen 17, Korinth | B95: Udlejningsboliger | C95: Øvrige - Konto 13 | D95: Anne Langelund | E95: 5600 | F95: Faaborg | G95: ='Plantagen_17 (konto 13)'!C30 -> 0 | H95: ='Plantagen_17 (konto 13)'!D30 -> 0 | I95: ='Plantagen_17 (konto 13)'!E30 -> 0 | J95: ='Plantagen_17 (konto 13)'!F30 -> 0 | K95: ='Plantagen_17 (konto 13)'!G30 -> 0 | L95: ='Plantagen_17 (konto 13)'!H30 -> 0 | M95: ='Plantagen_17 (konto 13)'!I30 -> 0 | N95: ='Plantagen_17 (konto 13)'!J30 -> 0 | ... Y95: ='Plantagen_17 (konto 13)'!U30 -> 0 | Z95: =SUBTOTAL(109,G95:Y95) -> 0
A96: Prices Have Centret 1 | B96: Prices Have Plejecenter | C96: Plejehjem | D96: Anne Langelund | E96: 5600 | F96: Faaborg | G96: ='Prices Have Centret 1'!C30 -> 0 | H96: ='Prices Have Centret 1'!D30 -> 0 | I96: ='Prices Have Centret 1'!E30 -> 0 | J96: ='Prices Have Centret 1'!F30 -> 0 | K96: ='Prices Have Centret 1'!G30 -> 0 | L96: ='Prices Have Centret 1'!H30 -> 0 | M96: ='Prices Have Centret 1'!I30 -> 0 | N96: ='Prices Have Centret 1'!J30 -> 0 | ... Y96: ='Prices Have Centret 1'!U30 -> 0 | Z96: =SUBTOTAL(109,G96:Y96) -> 0
A97: Priorensgade 71 B | B97: Off. Toilet | C97: Øvrige - Konto 13 | D97: Allan Kvistgaard Laursen | E97: 5600 | F97: Faaborg | G97: =Priorensgade_71B!C30 -> 0 | H97: =Priorensgade_71B!D30 -> 0 | I97: =Priorensgade_71B!E30 -> 0 | J97: =Priorensgade_71B!F30 -> 0 | K97: =Priorensgade_71B!G30 -> 0 | L97: =Priorensgade_71B!H30 -> 0 | M97: =Priorensgade_71B!I30 -> 0 | N97: =Priorensgade_71B!J30 -> 0 | ... Y97: =Priorensgade_71B!U30 -> 0 | Z97: =SUBTOTAL(109,G97:Y97) -> 0
A98: Præstekærgaard 1, Horne | B98: Præstekærgaard | C98: Øvrige - Konto 13 | D98: Anne Langelund | E98: 5600 | F98: Faaborg | G98: =Præstekærgaard_1!C30 -> 0 | H98: =Præstekærgaard_1!D30 -> 0 | I98: =Præstekærgaard_1!E30 -> 0 | J98: =Præstekærgaard_1!F30 -> 0 | K98: =Præstekærgaard_1!G30 -> 0 | L98: =Præstekærgaard_1!H30 -> 0 | M98: =Præstekærgaard_1!I30 -> 0 | N98: =Præstekærgaard_1!J30 -> 0 | ... Y98: =Præstekærgaard_1!U30 -> 0 | Z98: =SUBTOTAL(109,G98:Y98) -> 0
A99: Pugesøvej 22 | B99: Pegasus | D99: Anne Langelund | E99: 5600 | F99: Faaborg | G99: ='Pugesøvej 22'!C30 -> 0 | H99: ='Pugesøvej 22'!D30 -> 0 | I99: ='Pugesøvej 22'!E30 -> 0 | J99: ='Pugesøvej 22'!F30 -> 0 | K99: ='Pugesøvej 22'!G30 -> 0 | L99: ='Pugesøvej 22'!H30 -> 0 | M99: ='Pugesøvej 22'!I30 -> 0 | N99: ='Pugesøvej 22'!J30 -> 0 | ... Y99: ='Pugesøvej 22'!U30 -> 0 | Z99: =SUBTOTAL(109,G99:Y99) -> 0
A100: Reventlowsvej 26 | B100: Helddagsskole Korinth | C100: Skoler | D100: Kenneth Gitz | E100: 5600 | F100: Faaborg | G100: ='Reventlowsvej 26'!C30 -> 0 | H100: ='Reventlowsvej 26'!D30 -> 0 | I100: ='Reventlowsvej 26'!E30 -> 0 | J100: ='Reventlowsvej 26'!F30 -> 0 | K100: ='Reventlowsvej 26'!G30 -> 0 | L100: ='Reventlowsvej 26'!H30 -> 0 | M100: ='Reventlowsvej 26'!I30 -> 0 | N100: ='Reventlowsvej 26'!J30 -> 0 | ... Y100: ='Reventlowsvej 26'!U30 -> 0 | Z100: =SUBTOTAL(109,G100:Y100) -> 0
...

Sheet Priskatalog
A1: Betegnelse | B1: Katalog | C1: Pris1 | D1: Pris2 | E1: Pris3 | F1: Mængde1 | G1: Mængde 2 | H1: Mængde 3 | I1: Levetid | J1: Sfb-kode | K1: Sfbbetegnelse | L1: Aktivitetkategori | M1: Interval | N1: Varighedtype | O1: Sienhedkode | P1: Fritekstmaerke | Q1: Prisindex Dato | R1: Prisindex | S1: Interval Type | T1: Tidsforbrug | U1: Dokument | V1: Priskvalitet | W1: Kontonummer | X1: Kontobetegnelse | Y1: T-prioritet
A2: Læ- og hegnsmure, eftergang af murværk og fuger | B2: 21-20.1-01 | C2: 1700 | D2: 1450 | E2: 1400 | F2: 10 | G2: 50 | H2: 100 | I2: 60 | J2: 21 | K2: Ydervægge | L2: 1 | M2: 60 | O2: m2 | P2: n | Q2: 45200 | R2: 125.9 | S2: 3 | V2: 2 | W2: 10102 | X2: Forebyggende vedl. - Udvendig | Y2: 3
A3: Facader, eftergang af murværk og fuger | B3: 21-21.1-01 | C3: 1700 | D3: 1450 | E3: 1400 | F3: 10 | G3: 50 | H3: 100 | I3: 60 | J3: 21 | K3: Ydervægge | L3: 1 | M3: 60 | O3: m2 | P3: n | Q3: 45200 | R3: 125.9 | S3: 3 | V3: 2 | W3: 10102 | X3: Forebyggende vedl. - Udvendig | Y3: 3
A4: Facader, udskiftning af dilationsfuger | B4: 21-21.1-02 | C4: 93 | D4: 83 | E4: 88 | F4: 20 | G4: 100 | H4: 200 | I4: 120 | J4: 28 | K4: Øvrige primære bygningsdele | L4: 1 | M4: 120 | O4: m | P4: n | Q4: 45200 | R4: 125.9 | S4: 3 | V4: 2 | W4: 10302 | X4: Opretning - Udvendig | Y4: 3
A5: Lyskasser, rensning | B5: 21-21.2-01 | C5: 1 | J5: 21 | K5: Ydervægge | L5: 1 | M5: 12 | O5: stk | Q5: 45200 | R5: 125.9 | S5: 3 | V5: 2 | W5: 10102 | X5: Forebyggende vedl. - Udvendig | Y5: 2
A6: Fundament, malerbehandling | B6: 21-41.1-01 | C6: 121 | D6: 105 | E6: 96 | F6: 5 | G6: 20 | H6: 50 | I6: 120 | J6: 41 | K6: Ydervægge overflader | L6: 1 | M6: 120 | O6: m2 | P6: n | Q6: 45200 | R6: 125.9 | S6: 3 | V6: 2 | W6: 10102 | X6: Forebyggende vedl. - Udvendig | Y6: 4
A7: Facader, afrensning | B7: 21-41.1-02 | C7: 46 | D7: 39 | E7: 36 | F7: 50 | G7: 200 | H7: 500 | I7: 120 | J7: 41 | K7: Ydervægge overflader | L7: 1 | M7: 120 | O7: m2 | P7: n | Q7: 45200 | R7: 125.9 | S7: 3 | V7: 2 | W7: 10102 | X7: Forebyggende vedl. - Udvendig | Y7: 4
A8: Facader, sandblæsning | B8: 21-41.1-03 | C8: 166 | D8: 145 | E8: 133 | F8: 50 | G8: 200 | H8: 500 | I8: 240 | J8: 41 | K8: Ydervægge overflader | L8: 1 | M8: 240 | O8: m2 | P8: n | Q8: 45200 | R8: 125.9 | S8: 3 | V8: 2 | W8: 10102 | X8: Forebyggende vedl. - Udvendig | Y8: 3
A9: Facader, pudsning | B9: 21-41.1-04 | C9: 249 | D9: 207 | E9: 197 | F9: 10 | G9: 50 | H9: 100 | I9: 360 | J9: 41 | K9: Ydervægge overflader | L9: 1 | M9: 360 | O9: m2 | P9: n | Q9: 45200 | R9: 125.9 | S9: 3 | V9: 2 | W9: 10102 | X9: Forebyggende vedl. - Udvendig | Y9: 3
A10: Facader, beklædning - stålplader | B10: 21-41.1-05 | C10: 285 | D10: 254 | E10: 233 | F10: 50 | G10: 200 | H10: 500 | I10: 240 | J10: 41 | K10: Ydervægge overflader | L10: 1 | M10: 240 | O10: m2 | P10: n | Q10: 45200 | R10: 125.9 | S10: 3 | V10: 2 | W10: 10302 | X10: Opretning - Udvendig | Y10: 2
A11: Facader, beklædning - aluplader | B11: 21-41.1-06 | C11: 347 | D11: 315 | E11: 306 | F11: 20 | G11: 100 | H11: 200 | I11: 360 | J11: 41 | K11: Ydervægge overflader | L11: 1 | M11: 360 | O11: m2 | P11: n | Q11: 45200 | R11: 125.9 | S11: 3 | V11: 2 | W11: 10302 | X11: Opretning - Udvendig | Y11: 2
A12: Facader, beklædning - træ | B12: 21-41.1-07 | C12: 621 | D12: 528 | E12: 497 | F12: 10 | G12: 50 | H12: 100 | I12: 300 | J12: 41 | K12: Ydervægge overflader | L12: 1 | M12: 300 | O12: m2 | P12: n | Q12: 45200 | R12: 125.9 | S12: 3 | V12: 2 | W12: 10302 | X12: Opretning - Udvendig | Y12: 2
A13: Facader, beklædning - eternit | B13: 21-41.1-08 | C13: 362 | D13: 315 | E13: 300 | F13: 10 | G13: 50 | H13: 100 | I13: 360 | J13: 41 | K13: Ydervægge overflader | L13: 1 | M13: 360 | O13: m2 | P13: n | Q13: 45200 | R13: 125.9 | S13: 3 | V13: 2 | W13: 10302 | X13: Opretning - Udvendig | Y13: 2
A14: Facader, beklædning - Fibercement | B14: 21-41.1-09 | C14: 621 | D14: 554 | E14: 500 | F14: 10 | G14: 50 | H14: 100 | I14: 360 | J14: 41 | K14: Ydervægge overflader | L14: 1 | M14: 360 | O14: m2 | P14: n | Q14: 45200 | R14: 125.9 | S14: 3 | V14: 2 | W14: 10302 | X14: Opretning - Udvendig | Y14: 2
A15: Facader, malerbehandling -tegl/beton | B15: 21-41.1-10 | C15: 124 | D15: 112 | E15: 104 | F15: 50 | G15: 200 | H15: 500 | I15: 60 | J15: 41 | K15: Ydervægge overflader | L15: 1 | M15: 60 | O15: m2 | P15: n | Q15: 45200 | R15: 125.9 | S15: 3 | V15: 2 | W15: 10102 | X15: Forebyggende vedl. - Udvendig | Y15: 3
A16: Facader, grafittibeskyttelse | B16: 21-41.1-11 | C16: 461 | D16: 414 | E16: 393 | F16: 1 | G16: 5 | H16: 10 | I16: 60 | J16: 41 | K16: Ydervægge overflader | L16: 1 | M16: 60 | O16: m2 | P16: n | Q16: 45200 | R16: 125.9 | S16: 3 | V16: 2 | W16: 10117 | X16: Forebyggende vedl. - Grafitti | Y16: 7
A17: Facader, malerbehandling - træ | B17: 21-41.1-12 | C17: 104 | D17: 93 | E17: 88 | F17: 10 | G17: 50 | H17: 100 | I17: 60 | J17: 41 | K17: Ydervægge overflader | L17: 1 | M17: 60 | O17: m2 | P17: n | Q17: 45200 | R17: 125.9 | S17: 3 | V17: 2 | W17: 10102 | X17: Forebyggende vedl. - Udvendig | Y17: 3
A18: Facader, eftergåelse før malerbeandling | B18: 21-41.1-13 | C18: 60 | D18: 55 | E18: 50 | F18: 5 | G18: 20 | H18: 100 | J18: 41 | K18: Ydervægge overflader | L18: 1 | M18: 60 | O18: m2 | Q18: 45200 | R18: 125.9 | S18: 3 | V18: 2 | W18: 10102 | X18: Forebyggende vedl. - Udvendig | Y18: 3
A19: Døre, udskiftning | B19: 31-31.2-01 | C19: 8800 | D19: 7870 | E19: 7560 | F19: 1 | G19: 5 | H19: 10 | I19: 360 | J19: 31 | K19: Ydervægge komplettering | L19: 1 | M19: 360 | O19: stk | P19: n | Q19: 45200 | R19: 125.9 | S19: 3 | V19: 2 | W19: 10302 | X19: Opretning - Udvendig | Y19: 3
A20: Døre, udskiftning - terrassedør | B20: 31-31.2-02 | C20: 7250 | D20: 6420 | E20: 6200 | F20: 1 | G20: 5 | H20: 10 | I20: 360 | J20: 31 | K20: Ydervægge komplettering | L20: 1 | M20: 360 | O20: stk | P20: n | Q20: 45200 | R20: 125.9 | S20: 3 | V20: 2 | W20: 10302 | X20: Opretning - Udvendig | Y20: 3
A21: Døre, eftergåelse før malerbeandling | B21: 31-31.2-03 | C21: 60 | D21: 55 | E21: 50 | F21: 2 | G21: 10 | H21: 20 | I21: 60 | J21: 31 | K21: Ydervægge komplettering | L21: 1 | M21: 60 | O21: m2 | P21: n | Q21: 45200 | R21: 125.9 | S21: 3 | V21: 2 | W21: 10102 | X21: Forebyggende vedl. - Udvendig | Y21: 4
A22: Døre, malerbehandling | B22: 31-31.2-04 | C22: 207 | D22: 186 | E22: 176 | F22: 5 | G22: 20 | H22: 50 | I22: 60 | J22: 41 | K22: Ydervægge overflader | L22: 1 | M22: 60 | O22: m2 | P22: n | Q22: 45200 | R22: 125.9 | S22: 3 | V22: 2 | W22: 10102 | X22: Forebyggende vedl. - Udvendig | Y22: 4
A23: Døre, service - automatiske (lovpligtig) | B23: 31-31.2-05 | C23: 2000 | D23: 1800 | E23: 1700 | F23: 2 | G23: 5 | H23: 10 | J23: 31 | K23: Ydervægge komplettering | L23: 1 | M23: 24 | O23: stk | P23: f | Q23: 45200 | R23: 125.9 | S23: 3 | V23: 2 | W23: 10101 | X23: Forebyggende vedl. - Service | Y23: 1
A24: Døre, udskiftning - automatiske | B24: 31-31.2-06 | C24: 17000 | D24: 15000 | E24: 14500 | F24: 1 | G24: 5 | H24: 10 | J24: 31 | K24: Ydervægge komplettering | L24: 1 | M24: 240 | O24: stk | P24: f | Q24: 45200 | R24: 125.9 | S24: 3 | V24: 2 | W24: 10302 | X24: Opretning - Udvendig | Y24: 3
A25: Porte, udskiftning | B25: 31-31.3-01 | C25: 1708 | D25: 1553 | E25: 1470 | F25: 6 | G25: 30 | H25: 50 | I25: 360 | J25: 31 | K25: Ydervægge komplettering | L25: 1 | M25: 360 | O25: m2 | P25: n | Q25: 45200 | R25: 125.9 | S25: 3 | V25: 2 | W25: 10302 | X25: Opretning - Udvendig | Y25: 3
A26: Porte, malerbehandling | B26: 31-31.3-02 | C26: 104 | D26: 91 | E26: 83 | F26: 10 | G26: 30 | H26: 70 | I26: 60 | J26: 41 | K26: Ydervægge overflader | L26: 1 | M26: 60 | O26: m2 | P26: n | Q26: 45200 | R26: 125.9 | S26: 3 | V26: 2 | W26: 10102 | X26: Forebyggende vedl. - Udvendig | Y26: 4
A27: Porte, service - lovpligtig | B27: 31-31.3-03 | C27: 1000 | D27: 900 | E27: 800 | F27: 2 | G27: 5 | H27: 50 | J27: 31 | K27: Ydervægge komplettering | L27: 1 | M27: 12 | O27: stk | Q27: 45200 | R27: 125.9 | S27: 3 | V27: 2 | W27: 10101 | X27: Forebyggende vedl. - Service | Y27: 1
A28: Vinduer, udskiftning - gående | B28: 31-31.4-02 | C28: 3148 | D28: 2827 | E28: 2718 | F28: 3 | G28: 15 | H28: 30 | I28: 360 | J28: 31 | K28: Ydervægge komplettering | L28: 1 | M28: 360 | O28: m2 | P28: n | Q28: 45200 | R28: 125.9 | S28: 3 | V28: 2 | W28: 10302 | X28: Opretning - Udvendig | Y28: 3
A29: Vinduer, udskiftning - danebrog 2 fag | B29: 31-31.4-03 | C29: 4867 | D29: 4453 | E29: 4297 | F29: 3 | G29: 15 | H29: 25 | I29: 360 | J29: 31 | K29: Ydervægge komplettering | L29: 1 | M29: 360 | O29: m2 | P29: n | Q29: 45200 | R29: 125.9 | S29: 3 | V29: 2 | W29: 10302 | X29: Opretning - Udvendig | Y29: 3
A30: Vinduer, eftergåelse før malerbehandling | B30: 31-31.4-05 | C30: 60 | D30: 55 | E30: 50 | F30: 2 | G30: 10 | H30: 20 | I30: 60 | J30: 31 | K30: Ydervægge komplettering | L30: 1 | M30: 60 | O30: m2 | P30: n | Q30: 45200 | R30: 125.9 | S30: 3 | V30: 2 | W30: 10102 | X30: Forebyggende vedl. - Udvendig | Y30: 3
A31: Vinduer, malerbehandling | B31: 31-31.4-06 | C31: 207 | D31: 186 | E31: 176 | F31: 5 | G31: 20 | H31: 50 | I31: 60 | J31: 41 | K31: Ydervægge overflader | L31: 1 | M31: 60 | O31: m2 | P31: n | Q31: 45200 | R31: 125.9 | S31: 3 | V31: 2 | W31: 10102 | X31: Forebyggende vedl. - Udvendig | Y31: 3
A32: Vinduer og døre, justering og smørring | B32: 31-31.4-07 | C32: 55 | D32: 35 | E32: 25 | F32: 5 | G32: 20 | H32: 50 | J32: 31 | K32: Ydervægge komplettering | L32: 1 | M32: 36 | O32: m2 | Q32: 45200 | R32: 125.9 | S32: 3 | V32: 2 | W32: 10102 | X32: Forebyggende vedl. - Udvendig | Y32: 6
A33: Vinduer, udskiftning - sålbænke | B33: 31-31.6-01 | C33: 725 | D33: 689 | E33: 658 | F33: 5 | G33: 20 | H33: 50 | I33: 600 | J33: 31 | K33: Ydervægge komplettering | L33: 1 | M33: 600 | O33: m | P33: n | Q33: 45200 | R33: 125.9 | S33: 3 | V33: 2 | W33: 10302 | X33: Opretning - Udvendig | Y33: 2
A34: Vinduer og døre, udskiftning - fuge/fugebånd | B34: 31-31.7-01 | C34: 106 | D34: 91 | E34: 85 | F34: 10 | G34: 50 | H34: 100 | I34: 180 | J34: 31 | K34: Ydervægge komplettering | L34: 1 | M34: 180 | O34: m | P34: n | Q34: 45200 | R34: 125.9 | S34: 3 | V34: 2 | W34: 10102 | X34: Forebyggende vedl. - Udvendig | Y34: 3
A35: Døre, udskiftning - Indvendige | B35: 32-32.1-01 | C35: 3500 | D35: 3200 | E35: 3000 | F35: 1 | G35: 5 | H35: 10 | I35: 360 | J35: 32 | K35: Indervægge komplettering | L35: 1 | M35: 360 | O35: stk | P35: n | Q35: 45200 | R35: 125.9 | S35: 3 | V35: 2 | W35: 10303 | X35: Opretning - Indvendig | Y35: 5
A36: Døre, udskiftning - Branddør | B36: 32-32.1-02 | C36: 8000 | D36: 6700 | E36: 6300 | F36: 1 | G36: 5 | H36: 10 | I36: 360 | J36: 32 | K36: Indervægge komplettering | L36: 1 | M36: 360 | O36: stk | Q36: 45200 | R36: 125.9 | S36: 3 | V36: 2 | W36: 10303 | X36: Opretning - Indvendig | Y36: 1
A37: Vægge, udskiftning - træbeton/akustikpaneler | B37: 4-41.1-02 | C37: 300 | D37: 260 | E37: 245 | F37: 10 | G37: 50 | H37: 100 | J37: 42 | K37: Indervægge overflader | L37: 1 | M37: 360 | O37: m2 | Q37: 45200 | R37: 125.9 | S37: 3 | V37: 2 | W37: 10303 | X37: Opretning - Indvendig | Y37: 5
A38: Gulve, udskiftning - rullende aktivitet | B38: 4-43.1-01 | C38: 460 | D38: 460 | E38: 460 | F38: 10 | G38: 50 | H38: 100 | I38: 180 | J38: 43 | K38: Dæk overflader | L38: 1 | M38: 12 | O38: m2 | P38: f | Q38: 45200 | R38: 125.9 | S38: 3 | V38: 2 | W38: 10303 | X38: Opretning - Indvendig | Y38: 3
A39: Gulve, overfladebehandling - rullende aktivitet | B39: 4-43.1-02 | C39: 130 | D39: 130 | E39: 130 | F39: 100 | G39: 200 | H39: 500 | J39: 43 | K39: Dæk overflader | L39: 1 | M39: 12 | O39: m2 | P39: f | Q39: 45200 | R39: 125.9 | S39: 3 | V39: 2 | W39: 10103 | X39: Forebyggende vedl. - Indvendig | Y39: 4
A40: Gulve, udskiftning - sportsgulv | B40: 4-43.1-03 | C40: 900 | D40: 900 | E40: 900 | F40: 100 | G40: 500 | H40: 1000 | I40: 480 | J40: 43 | K40: Dæk overflader | L40: 1 | M40: 480 | O40: m2 | P40: f | Q40: 45200 | R40: 125.9 | S40: 3 | V40: 2 | W40: 10303 | X40: Opretning - Indvendig | Y40: 3
A41: Lofter, udskiftning - gips | B41: 4-45.1-02 | C41: 280 | D41: 240 | E41: 225 | F41: 10 | G41: 50 | H41: 100 | I41: 480 | J41: 45 | K41: Lofter overflader | L41: 1 | M41: 480 | O41: m2 | P41: n | Q41: 45200 | R41: 125.9 | S41: 3 | V41: 2 | W41: 10303 | X41: Opretning - Indvendig | Y41: 4
B42: 4-45.1-03 | C42: 300 | D42: 260 | E42: 245 | F42: 10 | G42: 50 | H42: 100 | I42: 480 | J42: 45 | K42: Lofter overflader | L42: 1 | M42: 480 | O42: m2 | P42: n | Q42: 45200 | R42: 125.9 | S42: 3 | V42: 2 | W42: 10303 | X42: Opretning - Indvendig | Y42: 4
A43: Lofter, udskiftning - akustik | B43: 4-45.1-04 | C43: 350 | D43: 305 | E43: 290 | F43: 10 | G43: 50 | H43: 100 | I43: 480 | J43: 45 | K43: Lofter overflader | L43: 1 | M43: 480 | O43: m2 | P43: n | Q43: 45200 | R43: 125.9 | S43: 3 | V43: 2 | W43: 10303 | X43: Opretning - Indvendig | Y43: 5
A44: Indvendigt malerarbejde, rullende aktivitet | B44: 41-41.1-03 | C44: 300 | D44: 275 | E44: 250 | F44: 2 | G44: 10 | H44: 20 | J44: 42 | K44: Indervægge overflader | L44: 1 | M44: 12 | N44: 2 | O44: m2 | P44: f | Q44: 45200 | R44: 125.9 | S44: 3 | V44: 2 | W44: 10103 | X44: Forebyggende vedl. - Indvendig | Y44: 7
A45: Vægge, udskiftning - Fliser | C45: 1800 | D45: 1600 | E45: 1500 | F45: 5 | G45: 10 | H45: 20 | I45: 480 | J45: 42 | K45: Indervægge overflader | L45: 1 | M45: 480 | O45: m2 | Q45: 45200 | R45: 125.9 | S45: 3 | X45: Opretning - Indvendigt | Y45: 5
A46: Faldsikring, service - lovpligtig | B46: 47-37.0-01 | C46: 5000 | F46: 0 | J46: 47 | K46: Tage overflader | L46: 1 | M46: 12 | N46: 0 | O46: stk | Q46: 45200 | R46: 125.9 | S46: 3 | V46: 1 | W46: 10101 | X46: Forebyggende vedl. - Service | Y46: 1
A47: Ovenlys, udskiftning - 60x60 | B47: 47-37.2-01 | C47: 4000 | D47: 3600 | E47: 3400 | F47: 1 | G47: 5 | H47: 10 | I47: 360 | J47: 37 | K47: Tage komplettering | L47: 1 | M47: 360 | O47: stk | P47: n | Q47: 45200 | R47: 125.9 | S47: 3 | V47: 2 | W47: 10302 | X47: Opretning - Udvendig | Y47: 2
A48: Rytterlys, udskiftning | B48: 47-37.2-02 | C48: 5000 | D48: 4600 | E48: 4450 | F48: 10 | G48: 50 | H48: 100 | J48: 37 | K48: Tage komplettering | L48: 1 | M48: 480 | O48: m2 | Q48: 45200 | R48: 125.9 | S48: 3 | V48: 2 | W48: 10302 | X48: Opretning - Udvendig | Y48: 2
A49: Tagnedløb, udskiftning - zink | B49: 47-37.3-01 | C49: 440 | D49: 390 | E49: 365 | F49: 5 | G49: 20 | H49: 50 | I49: 240 | J49: 37 | K49: Tage komplettering | L49: 1 | M49: 240 | O49: m | P49: n | Q49: 45200 | R49: 125.9 | S49: 3 | V49: 2 | W49: 10302 | X49: Opretning - Udvendig | Y49: 2
A50: Tagnedløb, udskiftning - PVC | B50: 47-37.3-02 | C50: 300 | D50: 265 | E50: 245 | F50: 5 | G50: 20 | H50: 50 | I50: 240 | J50: 37 | K50: Tage komplettering | L50: 1 | M50: 240 | O50: m | P50: n | Q50: 45200 | R50: 125.9 | S50: 3 | V50: 2 | W50: 10302 | X50: Opretning - Udvendig | Y50: 2
A51: Tagrende, udskiftning - zink | B51: 47-37.3-03 | C51: 700 | D51: 620 | E51: 590 | F51: 5 | G51: 20 | H51: 50 | I51: 240 | J51: 37 | K51: Tage komplettering | L51: 1 | M51: 240 | O51: m | P51: n | Q51: 45200 | R51: 125.9 | S51: 3 | V51: 2 | W51: 10302 | X51: Opretning - Udvendig | Y51: 2
A52: Tagrende, udskiftning - PVC | B52: 47-37.3-04 | C52: 500 | D52: 445 | E52: 415 | F52: 5 | G52: 20 | H52: 50 | I52: 240 | J52: 37 | K52: Tage komplettering | L52: 1 | M52: 240 | O52: m | P52: n | Q52: 45200 | R52: 125.9 | S52: 3 | V52: 2 | W52: 10302 | X52: Opretning - Udvendig | Y52: 2
A53: Tage og komplementering - tagrende, rensning | B53: 47-37.3-05 | J53: 37 | K53: Tage komplettering | L53: 1 | M53: 12 | O53: stk | Q53: 45200 | R53: 125.9 | S53: 3 | V53: 2 | W53: 10102 | X53: Forebyggende vedl. - Udvendig | Y53: 2
A54: Stern, udskiftning | B54: 47-37.4-02 | C54: 1050 | D54: 930 | E54: 875 | F54: 5 | G54: 20 | H54: 50 | I54: 240 | J54: 37 | K54: Tage komplettering | L54: 1 | M54: 240 | O54: m2 | P54: n | Q54: 45200 | R54: 125.9 | S54: 3 | V54: 2 | W54: 10302 | X54: Opretning - Udvendig | Y54: 3
A55: Stern, malerbehandling | B55: 47-37.4-03 | C55: 140 | D55: 120 | E55: 105 | F55: 10 | G55: 50 | H55: 100 | I55: 60 | J55: 41 | K55: Ydervægge overflader | L55: 1 | M55: 60 | O55: m2 | P55: n | Q55: 45200 | R55: 125.9 | S55: 3 | V55: 2 | W55: 10102 | X55: Forebyggende vedl. - Udvendig | Y55: 4
A56: Vindskede, udskiftning | B56: 47-37.5-01 | C56: 1050 | D56: 930 | E56: 875 | F56: 5 | G56: 20 | H56: 50 | I56: 240 | J56: 37 | K56: Tage komplettering | L56: 1 | M56: 240 | O56: m2 | P56: n | Q56: 45200 | R56: 125.9 | S56: 3 | V56: 2 | W56: 10302 | X56: Opretning - Udvendig | Y56: 4
A57: Vindskede, malerbehandling | B57: 47-37.5-02 | C57: 140 | D57: 120 | E57: 105 | F57: 10 | G57: 50 | H57: 100 | I57: 60 | J57: 41 | K57: Ydervægge overflader | L57: 1 | M57: 60 | O57: m2 | P57: n | Q57: 45200 | R57: 125.9 | S57: 3 | V57: 2 | W57: 10102 | X57: Forebyggende vedl. - Udvendig | Y57: 4
A58: Udhæng, udskift udhængsbrædder | B58: 47-37.6-01 | C58: 600 | D58: 540 | E58: 500 | F58: 20 | G58: 100 | H58: 200 | I58: 600 | J58: 37 | K58: Tage komplettering | L58: 1 | M58: 600 | O58: m2 | P58: n | Q58: 45200 | R58: 125.9 | S58: 3 | V58: 2 | W58: 10302 | X58: Opretning - Udvendig | Y58: 4
A59: Udhæng, malerbehandling | B59: 47-37.6-02 | C59: 140 | D59: 120 | E59: 105 | F59: 10 | G59: 50 | H59: 100 | I59: 120 | J59: 41 | K59: Ydervægge overflader | L59: 1 | M59: 120 | O59: m2 | P59: n | Q59: 45200 | R59: 125.9 | S59: 3 | V59: 2 | W59: 10102 | X59: Forebyggende vedl. - Udvendig | Y59: 4
A60: Skorstene, eftergang af murværk og fuger | B60: 47-37.7-01 | C60: 3000 | D60: 2700 | E60: 2600 | F60: 1 | G60: 5 | H60: 10 | I60: 360 | J60: 28 | K60: Øvrige primære bygningsdele | L60: 1 | M60: 360 | O60: stk | P60: n | Q60: 45200 | R60: 125.9 | S60: 3 | V60: 2 | W60: 10102 | X60: Forebyggende vedl. - Udvendig | Y60: 2
A61: Tagflade, udskifning - tegl/beton | B61: 47-47.1-02 | C61: 735 | D61: 725 | E61: 715 | F61: 20 | G61: 100 | H61: 200 | I61: 480 | J61: 47 | K61: Tage overflader | L61: 1 | M61: 480 | O61: m2 | P61: n | Q61: 45200 | R61: 125.9 | S61: 3 | V61: 2 | W61: 10302 | X61: Opretning - Udvendig | Y61: 2
A62: Tagflade, understrygning | B62: 47-47.1-04 | C62: 200 | D62: 170 | E62: 160 | F62: 20 | G62: 100 | H62: 200 | I62: 60 | J62: 47 | K62: Tage overflader | L62: 1 | M62: 60 | O62: m2 | P62: n | Q62: 45200 | R62: 125.9 | S62: 3 | V62: 2 | W62: 10102 | X62: Forebyggende vedl. - Udvendig | Y62: 2
A63: Tagflade, udskiftning - bølgeeternit | B63: 47-47.1-05 | C63: 500 | D63: 475 | E63: 450 | F63: 20 | G63: 100 | H63: 200 | I63: 480 | J63: 47 | K63: Tage overflader | L63: 1 | M63: 480 | O63: m2 | P63: n | Q63: 45200 | R63: 125.9 | S63: 3 | V63: 2 | W63: 10302 | X63: Opretning - Udvendig | Y63: 2
A64: Tagflade, udskiftning - eternitskifer | B64: 47-47.1-06 | C64: 600 | D64: 575 | E64: 550 | F64: 20 | G64: 100 | H64: 200 | J64: 47 | K64: Tage overflader | L64: 1 | M64: 480 | O64: m2 | Q64: 45200 | R64: 125.9 | S64: 3 | V64: 2 | W64: 10302 | X64: Opretning - Udvendig | Y64: 2
A65: Tagflade, udskiftning - metalplader | B65: 47-47.1-07 | C65: 350 | D65: 315 | E65: 305 | F65: 20 | G65: 100 | H65: 200 | I65: 480 | J65: 47 | K65: Tage overflader | L65: 1 | M65: 480 | O65: m2 | P65: n | Q65: 45200 | R65: 125.9 | S65: 3 | V65: 2 | W65: 10302 | X65: Opretning - Udvendig | Y65: 2
A66: Tagflade, udskiftning - 1 lag overpap | B66: 47-47.1-08 | C66: 190 | D66: 170 | E66: 160 | F66: 50 | G66: 200 | H66: 500 | I66: 240 | J66: 47 | K66: Tage overflader | L66: 1 | M66: 240 | O66: m2 | P66: n | Q66: 45200 | R66: 125.9 | S66: 3 | V66: 2 | W66: 10302 | X66: Opretning - Udvendig | Y66: 2
A67: Tagflade, udskiftning - 2 lag tagpap,plader& lægter | B67: 47-47.1-09 | C67: 350 | D67: 330 | E67: 300 | F67: 50 | G67: 200 | H67: 500 | I67: 20 | J67: 47 | K67: Tage overflader | L67: 1 | M67: 240 | O67: m2 | P67: n | Q67: 45200 | R67: 125.9 | S67: 3 | V67: 2 | W67: 10302 | X67: Opretning - Udvendig | Y67: 2
A68: Tagflade, udskiftning - tagfolie | B68: 47-47.1-10 | C68: 400 | D68: 350 | E68: 300 | F68: 50 | G68: 200 | H68: 500 | I68: 240 | J68: 47 | K68: Tage overflader | L68: 1 | M68: 240 | O68: m2 | P68: n | Q68: 45200 | R68: 125.9 | S68: 3 | V68: 2 | W68: 10302 | X68: Opretning - Udvendig | Y68: 2
A69: Tagflade, udskiftning - trapezplader | B69: 47-47.1-11 | C69: 190 | D69: 165 | E69: 150 | F69: 20 | G69: 100 | H69: 200 | I69: 120 | J69: 47 | K69: Tage overflader | L69: 1 | M69: 120 | O69: m2 | P69: n | Q69: 45200 | R69: 125.9 | S69: 3 | V69: 2 | W69: 10302 | X69: Opretning - Udvendig | Y69: 2
A70: Tagflade, rep./service - tagpap | B70: 47-47.1-12 | C70: 4 | D70: 3 | E70: 2 | F70: 200 | G70: 1000 | H70: 10000 | I70: 12 | J70: 47 | K70: Tage overflader | L70: 1 | M70: 24 | O70: m2 | P70: n | Q70: 45200 | R70: 125.9 | S70: 3 | V70: 2 | W70: 10102 | X70: Forebyggende vedl. - Udvendig | Y70: 3
A71: Tagflade, rep./service & rens tagrender/brønde | B71: 47-47.1-13 | J71: 47 | K71: Tage overflader | L71: 1 | M71: 12 | Q71: 45200 | R71: 125.9 | S71: 3 | V71: 2 | W71: 10102 | X71: Forebyggende vedl. - Udvendig | Y71: 2
A72: Afløb og sanitet, TV-inspektion - ledninger | B72: 5-50.1-01 | C72: 50 | D72: 42 | E72: 39 | F72: 10 | G72: 50 | H72: 100 | J72: 50 | K72: VVS-anlæg i terræn | L72: 1 | M72: 240 | O72: m | Q72: 45200 | R72: 125.9 | S72: 3 | V72: 2 | W72: 10104 | X72: Forebyggende vedl. - Tekniske installationer | Y72: 5
A73: Afløb og sanitet, renovering - stikledninger | B73: 5-50.1-03 | C73: 1200 | D73: 900 | E73: 800 | F73: 10 | G73: 1000 | H73: 10000 | J73: 50 | K73: VVS-anlæg i terræn | L73: 1 | M73: 240 | O73: m | Q73: 45200 | R73: 125.9 | S73: 3 | V73: 2 | W73: 10304 | X73: Opretning - Tekniske installationer | Y73: 2
A74: Afløb og sanitet, service - grundvands-/kloakpumpe | B74: 5-52.1-02 | C74: 2500 | D74: 2300 | E74: 2100 | F74: 2 | G74: 4 | H74: 8 | I74: 12 | J74: 50 | K74: VVS-anlæg i terræn | L74: 1 | M74: 12 | O74: stk | P74: n | Q74: 45200 | R74: 125.9 | S74: 3 | V74: 2 | W74: 10101 | X74: Forebyggende vedl. - Service | Y74: 2
A75: Afløb og sanitet, udskiftning - grundvands-/kloakpumpe | B75: 5-52.1-03 | C75: 8000 | D75: 7900 | E75: 7700 | F75: 1 | G75: 2 | H75: 5 | I75: 120 | J75: 50 | K75: VVS-anlæg i terræn | L75: 1 | M75: 120 | O75: stk | P75: n | Q75: 45200 | R75: 125.9 | S75: 3 | V75: 2 | W75: 10304 | X75: Opretning - Tekniske installationer | Y75: 2
A76: Afløb og sanitet, udskiftning - faldstamme | B76: 5-52.1-04 | C76: 1800 | D76: 1660 | E76: 1500 | F76: 5 | G76: 20 | H76: 50 | I76: 480 | J76: 52 | K76: Afløb og sanitet | L76: 1 | M76: 480 | O76: m | P76: n | Q76: 45200 | R76: 125.9 | S76: 3 | V76: 2 | W76: 10304 | X76: Opretning - Tekniske installationer | Y76: 2
A77: Afløb og sanitet, udskiftning - toilet/bad installationer | B77: 5-52.1-06 | C77: 10500 | D77: 10000 | E77: 9500 | F77: 1 | G77: 5 | H77: 10 | I77: 180 | J77: 52 | K77: Afløb og sanitet | L77: 1 | M77: 180 | O77: stk | P77: n | Q77: 45200 | R77: 125.9 | S77: 3 | V77: 2 | W77: 10304 | X77: Opretning - Tekniske installationer | Y77: 4
A78: Afløb og sanitet, udskiftning - håndvask inkl. bl. batteri | B78: 5-52.1-07 | C78: 5400 | D78: 4800 | E78: 4600 | F78: 1 | G78: 5 | H78: 10 | I78: 240 | J78: 52 | K78: Afløb og sanitet | L78: 1 | M78: 240 | O78: stk | P78: n | Q78: 45200 | R78: 125.9 | S78: 3 | V78: 2 | W78: 10305 | X78: Opretning - Teknisk udstyr / Inventar | Y78: 5
A79: Afløb og sanitet, udskiftning - toilet | B79: 5-52.1-08 | C79: 5000 | D79: 4500 | E79: 4200 | F79: 1 | G79: 5 | H79: 10 | I79: 240 | J79: 52 | K79: Afløb og sanitet | L79: 1 | M79: 240 | O79: stk | P79: n | Q79: 45200 | R79: 125.9 | S79: 3 | V79: 2 | W79: 10305 | X79: Opretning - Teknisk udstyr / Inventar | Y79: 5
A80: Afløb og sanitet, udskiftning - køkkenvask inkl. bl. batteri | B80: 5-52.1-09 | C80: 6000 | D80: 5700 | E80: 5400 | F80: 1 | G80: 5 | H80: 10 | I80: 240 | J80: 52 | K80: Afløb og sanitet | L80: 1 | M80: 240 | O80: stk | P80: n | Q80: 45200 | R80: 125.9 | S80: 3 | V80: 2 | W80: 10305 | X80: Opretning - Teknisk udstyr / Inventar | Y80: 5
A81: Vand, udskiftning - VVB 100 l | B81: 5-53.1-01 | C81: 8000 | D81: 7300 | E81: 7000 | F81: 1 | G81: 5 | H81: 10 | I81: 240 | J81: 53 | K81: Vand | L81: 1 | M81: 240 | O81: stk | P81: n | Q81: 45200 | R81: 125.9 | S81: 3 | V81: 2 | W81: 10304 | X81: Opretning - Tekniske installationer | Y81: 5
A82: Vand, udskiftning - VVB 200 l | B82: 5-53.1-02 | C82: 11500 | D82: 10500 | E82: 10000 | F82: 1 | G82: 5 | H82: 10 | I82: 240 | J82: 53 | K82: Vand | L82: 1 | M82: 240 | O82: stk | P82: n | Q82: 45200 | R82: 125.9 | S82: 3 | V82: 2 | W82: 10304 | X82: Opretning - Tekniske installationer | Y82: 5
A83: Vand, udskiftning - VVB 300 l | B83: 5-53.1-03 | C83: 15000 | D83: 14000 | E83: 13400 | F83: 1 | G83: 5 | H83: 10 | I83: 240 | J83: 53 | K83: Vand | L83: 1 | M83: 240 | O83: stk | P83: n | Q83: 45200 | R83: 125.9 | S83: 3 | V83: 2 | W83: 10304 | X83: Opretning - Tekniske installationer | Y83: 5
A84: Vand, udskiftning - VVB 400 l | B84: 5-53.1-04 | C84: 20000 | D84: 18700 | E84: 17800 | F84: 1 | G84: 5 | H84: 10 | I84: 240 | J84: 53 | K84: Vand | L84: 1 | M84: 240 | O84: stk | P84: n | Q84: 45200 | R84: 125.9 | S84: 3 | V84: 2 | W84: 10304 | X84: Opretning - Tekniske installationer | Y84: 5
A85: Vand, udskiftning - varmeveksler 90 kW | B85: 5-53.1-05 | C85: 15000 | D85: 13800 | E85: 13200 | F85: 1 | G85: 5 | H85: 10 | I85: 240 | J85: 53 | K85: Vand | L85: 1 | M85: 240 | O85: stk | P85: n | Q85: 45200 | R85: 125.9 | S85: 3 | V85: 2 | W85: 10304 | X85: Opretning - Tekniske installationer | Y85: 5
... A89: Vand, udskiftning - rør | B89: 5-53.1-09 | C89: 500 | D89: 450 | E89: 420 | F89: 5 | G89: 20 | H89: 50 | I89: 480 | J89: 53 | K89: Vand | L89: 1 | M89: 480 | O89: m | P89: n | Q89: 45200 | R89: 125.9 | S89: 3 | V89: 2 | W89: 10304 | X89: Opretning - Tekniske installationer | Y89: 5
A90: Vand, udskiftning - måler | B90: 5-53.1-10 | C90: 650 | D90: 600 | E90: 550 | F90: 5 | G90: 15 | H90: 50 | J90: 53 | K90: Vand | L90: 1 | M90: 72 | O90: stk | Q90: 45200 | R90: 125.9 | S90: 3 | V90: 2 | W90: 10304 | X90: Opretning - Tekniske installationer | Y90: 5
A91: Vand, Automatik, Udskiftning af Unit, vm TD3 | B91: 5-53.1-11 | C91: 25000 | F91: 20000 | J91: 53 | K91: Vand | L91: 1 | M91: 180 | N91: 2 | P91: f | Q91: 45200 | R91: 125.9 | S91: 3 | V91: 1 | W91: 10304 | X91: Opretning - Tekniske installationer | Y91: 5
A92: Vand,Automatik, Udskiftning af Unit, Compact Type 1 | B92: 5-53.1-12 | C92: 30000 | F92: 25000 | J92: 53 | K92: Vand | L92: 1 | M92: 180 | P92: f | Q92: 45200 | R92: 125.9 | S92: 3 | V92: 1 | W92: 10304 | X92: Opretning - Tekniske installationer | Y92: 5
A93: Vand, Automatik, Udskiftning Unit, Compact Type 3 | B93: 5-53.1-13 | C93: 30000 | F93: 25000 | J93: 53 | K93: Vand | L93: 1 | M93: 180 | P93: f | Q93: 45200 | R93: 125.9 | S93: 3 | V93: 1 | W93: 10304 | X93: Opretning - Tekniske installationer | Y93: 5
A94: Vand, Automatik, Udskiftning Unit, Compact Type 4 | B94: 5-53.1-14 | C94: 30000 | F94: 25000 | J94: 53 | K94: Vand | L94: 1 | M94: 180 | Q94: 45200 | R94: 125.9 | S94: 3 | V94: 1 | W94: 10304 | X94: Opretning - Tekniske installationer | Y94: 5
A95: Vand, Automatik, Udskiftning af ECL | B95: 5-53.1-15 | F95: 15000 | J95: 53 | K95: Vand | L95: 1 | M95: 120 | Q95: 45200 | R95: 125.9 | S95: 3 | V95: 1 | W95: 10304 | X95: Opretning - Tekniske installationer | Y95: 2
A96: Varme, udskiftning - radiator | B96: 5-56.1-02 | C96: 3300 | D96: 3000 | E96: 2900 | F96: 1 | G96: 5 | H96: 10 | I96: 480 | J96: 56 | K96: Varme | L96: 1 | M96: 480 | O96: stk | P96: n | Q96: 45200 | R96: 125.9 | S96: 3 | V96: 2 | W96: 10304 | X96: Opretning - Tekniske installationer | Y96: 3
A97: Varme, udskiftning - cirkulationspumpe | B97: 5-56.1-03 | C97: 3300 | D97: 3000 | E97: 2900 | F97: 1 | G97: 5 | H97: 10 | I97: 240 | J97: 56 | K97: Varme | L97: 1 | M97: 240 | O97: stk | P97: n | Q97: 45200 | R97: 125.9 | S97: 3 | V97: 2 | W97: 10304 | X97: Opretning - Tekniske installationer | Y97: 5
A98: Varme, udskiftning - rør | B98: 5-56.1-04 | C98: 400 | D98: 350 | E98: 320 | F98: 5 | G98: 20 | H98: 20 | J98: 56 | K98: Varme | L98: 1 | M98: 480 | O98: m | Q98: 45200 | R98: 125.9 | S98: 3 | V98: 2 | W98: 10304 | X98: Opretning - Tekniske installationer | Y98: 5
A99: Varme, udskiftning - måler (fordampning) | B99: 5-56.1-05 | C99: 275 | D99: 250 | E99: 225 | F99: 5 | G99: 15 | H99: 50 | J99: 56 | K99: Varme | L99: 1 | M99: 72 | O99: stk | Q99: 45200 | R99: 125.9 | S99: 3 | V99: 2 | W99: 10304 | X99: Opretning - Tekniske installationer | Y99: 5
A100: Varme, udskiftning - måler (ultralyd, fjernaflæs) | B100: 5-56.1-06 | C100: 3750 | D100: 3500 | E100: 3250 | F100: 5 | G100: 15 | H100: 50 | J100: 56 | K100: Varme | L100: 1 | M100: 192 | O100: stk | Q100: 45200 | R100: 125.9 | S100: 3 | V100: 2 | W100: 10304 | X100: Opretning - Tekniske installationer | Y100: 5
A101: Varme, Udskiftning - ECL | B101: 5-56.1-07 | F101: 15000 | J101: 56 | K101: Varme | L101: 1 | M101: 120 | Q101: 45200 | R101: 125.9 | S101: 3 | V101: 1 | W101: 10304 | X101: Opretning - Tekniske installationer | Y101: 2
A102: Ventilation, service | B102: 5-57.1-01 | I102: 12 | J102: 57 | K102: Ventilationsanlæg | L102: 1 | M102: 12 | O102: stk | P102: f | Q102: 45200 | R102: 125.9 | S102: 3 | V102: 2 | W102: 10101 | X102: Forebyggende vedl. - Service | Y102: 1
A103: Ventilation, udskiftning - ventilator | B103: 5-57.1-02 | C103: 10000 | D103: 9600 | E103: 9400 | F103: 1 | G103: 5 | H103: 10 | I103: 240 | J103: 57 | K103: Ventilationsanlæg | L103: 1 | M103: 240 | O103: stk | P103: n | Q103: 45200 | R103: 125.9 | S103: 3 | V103: 2 | W103: 10304 | X103: Opretning - Tekniske installationer | Y103: 3
...

Sheet 00 - Udregningsskabelon
A3: Ydervægge komplettering
A5: (31)25.10 Facade-, terrasse- og halvdøre af træ med glas at levere og montere
A6: Facadedør med fyldning nederst/1 glasfelt - Bredde x højde, 948 x 2118 mm | B6: Stk. | C6: 1 | D6: 5 | E6: 10
A7: ,01 - 3 lags energirude, 4-20-4-20-4, Uw-værdi 0,97 W/m²K | B7: Stk. | C7: 13400 | D7: 12100 | E7: 11600
A9: Facadedør med 3 glasfelter - Bredde x højde, 948 x 2118 mm
A10: ,02 - 3 lags energirude, 4-20-4-20-4, Uw-værdi 0,98 W/m²K | B10: Stk. | C10: 13500 | D10: 12100 | E10: 11600
A12: (31)29.10 Facade-, terrassedøre af træ/alu med glas at levere og montere
A13: Facadedør med fyldning nederst/1 glasfelt øverst - Bredde x højde, 948 x 2118 mm | B13: Stk. | C13: 1 | D13: 5 | E13: 10
A14: ,01 - 3 lags energirude, 4-20-4-20-4, Uw-værdi 0,97 W/m²K | B14: Stk. | C14: 15000 | D14: 13500 | E14: 13000
A16: Facadedør med 3 glasfelter - Bredde x højde, 948 x 2118 mm
A17: ,02 - 3 lags energirude, 4-20-4-20-4, Uw-værdi 0,98 W/m²K | B17: Stk. | C17: 14200 | D17: 12800 | E17: 12300
A20: (31)45.10 Vinduer af træ, fast karm, at levere og montere (3 lags)
A21: ,01 - 588 x 1188 mm - Uw - værdi 0,83 W/m²K | B21: Stk. | C21: 3740 | D21: 3330 | E21: 3190
A22: ,05 - 1188 x 1188 mm - Uw - værdi 0,73 W/m²K | B22: Stk. | C22: 5280 | D22: 4940 | E22: 4810
A23: ,06 - 1188 x 2188 mm - Uw - værdi 0,69 W/m²K | B23: Stk. | C23: 7760 | D23: 7250 | E23: 7050
A25: (31)45.12 Vinduer af træ, topstyrede, at levere og montere (3 lags)
A26: ,01 - 588 x 1188 mm - Uw - værdi 0,94 W/m²K | B26: Stk. | C26: 4970 | D26: 4640 | E26: 4520
A27: ,03 - 1188 x 1188 mm - Uw - værdi 0,81 W/m²K | B27: Stk. | C27: 6670 | D27: 6210 | E27: 6030
A28: ,04 - 1308 x 1318 mm - Uw - værdi 0,79 W/m²K | B28: Stk. | C28: 7270 | D28: 6770 | E28: 6570
A30: (31)49.10 Vinduer af træ/alu, fast karm, at levere og montere (3 lags)
A31: ,01 - 588 x 1188 mm - Uw - værdi 0,82 W/m²K | B31: Stk. | C31: 4330 | D31: 3880 | E31: 3720
A32: ,05 - 1188 x 1188 mm - Uw - værdi 0,73 W/m²K | B32: Stk. | C32: 5970 | D32: 5360 | E32: 5140
A33: ,06 - 1188 x 2118 mm - Uw - værdi 0,69 W/m²K | B33: Stk. | C33: 8810 | D33: 7930 | E33: 7610
A35: (31)49.12 Vinduer af træ/alu, topstyrede, at levere og montere (3 lags)
A36: ,01 - 588 x 1188 mm - Uw - værdi 0,94 W/m²K | B36: Stk. | C36: 5310 | D36: 4960 | E36: 4820
A37: ,03 - 1188 x 1188 mm - Uw - værdi 0,81 W/m²K | B37: Stk. | C37: 7210 | D37: 6710 | E37: 6520
A38: ,04 - 1308 x 1318 mm - Uw - værdi 0,79 W/m²K | B38: Stk. | C38: 7800 | D38: 7250 | E38: 7040
B40: Lb. m | C40: 10 | D40: 50 | E40: 100
A41: (31)45.77 Glaslister af udskifte med glaslister af fyrretræ
A42: ,04 - 16 x 15 mm med tætningsbånd | B42: Lb. m | C42: 259 | D42: 228 | E42: 216
A44: (31)86.13 Fugning omkring vinduer og døre at levere og udføre
A45: ,04 - 10 mm fugebredde - (SikaHyflex-220 Window.) | B45: Lb. m | C45: 80.2 | D45: 57.3 | E45: 52.6
A46: ,05 - 15 mm fugebredde - (SikaHyflex-220 Window.) | B46: Lb. m | C46: 87.9 | D46: 65.4 | E46: 59.4
A47: ,06 - 20 mm fugebredde - (SikaHyflex-220 Window.) | B47: Lb. m | C47: 111 | D47: 83.3 | E47: 75.9
A49: (31)86.15 Tætning af indvendige fuger omkring vinduer og døre at levere og udføre med akrylfugemasse.
A50: ,01 - 7 mm fugebredde | B50: Lb. m | C50: 52.9 | D50: 45 | E50: 42.3
A51: ,02 - 10 mm fugebredde | B51: Lb. m | C51: 58.1 | D51: 49.7 | E51: 46.8
A52: ,03 - 15 mm fugebredde | B52: Lb. m | C52: 61.3 | D52: 52.6 | E52: 49.6
A53: ,04 - 20 mm fugebredde | B53: Lb. m | C53: 79.8 | D53: 68.8 | E53: 64.9
A55: (31)86.16 Branhæmmende fuger omkring vinduer og døre at levere og udføre
A56: ,01 - 7 mm fugebredde - (brandtestet elastisk silikonefuge) | B56: Lb. m | C56: 52.9 | D56: 45 | E56: 42.3
A57: ,02 - 10 mm fugebredde - (brandtestet elastisk silikonefuge) | B57: Lb. m | C57: 58.1 | D57: 49.7 | E57: 46.8
A58: ,03 - 15 mm fugebredde - (brandtestet elastisk silikonefuge) | B58: Lb. m | C58: 61.3 | D58: 52.6 | E58: 49.6
A59: ,04 - 20 mm fugebredde - (brandtestet elastisk silikonefuge) | B59: Lb. m | C59: 79.8 | D59: 68.8 | E59: 64.9
A61: ,05 - 7 mm fugebredde - (brandresistent phthalat-fri acryl fugemasse) | B61: Lb. m | C61: 79 | D61: 68.6 | E61: 65
A62: ,06 - 10 mm fugebredde - (brandresistent phthalat-fri acryl fugemasse) | B62: Lb. m | C62: 94.2 | D62: 82.7 | E62: 78.6
A63: ,07 - 15 mm fugebredde - (brandresistent phthalat-fri acryl fugemasse) | B63: Lb. m | C63: 114 | D63: 101 | E63: 96.2
A64: ,08 - 20 mm fugebredde - (brandresistent phthalat-fri acryl fugemasse) | B64: Lb. m | C64: 150 | D64: 132 | E64: 126
A66: (31)86.19 Retablering af fuger omkring døre og vinduer af udføre
A67: ,01 - 12 mm fugebredde - (SikaSil-C, elastisk, 12 mm fugebredde | B67: Stk. | C67: 210 | D67: 185 | E67: 171
A69: Indervægge komplettering
B70: Stk. | C70: 2 | D70: 10 | E70: 20
A71: (32)15.05 Indvendige celledøre og massive døre at levere og montere
A72: Enkeltfløjet celledør
A73: ,01 - 0,8 x 2,1 m, 75 mm karm | B73: Stk. | C73: 6020 | D73: 5360 | E73: 5120
A74: ,02 - 0,8 x 2,1 m, 110/128 mm karm | B74: Stk. | C74: 6230 | D74: 5550 | E74: 5310
A75: ,03 - 0,9 x 2,1 m, 75 mm karm | B75: Stk. | C75: 6050 | D75: 5380 | E75: 5140
A76: ,04 - 0,9 x 2,1 m, 110/128 mm karm | B76: Stk. | C76: 6250 | D76: 5570 | E76: 5330
A77: ,05 - 1,0 x 2,1 m, 75 mm karm | B77: Stk. | C77: 6290 | D77: 5610 | E77: 5360
A78: ,06 - 1,0 x 2,1 m, 110/128 mm karm | B78: Stk. | C78: 6500 | D78: 5800 | E78: 5540
A80: Enkeltfløjet massivdør
A81: ,13 - 0,8 x 2,1 m, 100 mm karm | B81: Stk. | C81: 7250 | D81: 6480 | E81: 6200
A82: ,14 - 0,8 x 2,1 m, 147 mm karm | B82: Stk. | C82: 7760 | D82: 6940 | E82: 6650
A83: ,15 - 0,9 x 2,1 m, 100 mm karm | B83: Stk. | C83: 7210 | D83: 6440 | E83: 6160
A84: ,16 - 0,9 x 2,1 m, 147 mm karm | B84: Stk. | C84: 7720 | D84: 6910 | E84: 6610
A85: ,17 - 1,0 x 2,1 m, 100 mm karm | B85: Stk. | C85: 7520 | D85: 6730 | E85: 6440
A86: ,18 - 1,0 x 2,1 m, 147 mm karm | B86: Stk. | C86: 8030 | D86: 7190 | E86: 6890
A88: (32)15.15 Branddrøje døre at levere og montere
A89: Enkeltfløjet branddør EI2 30-c [BD-30]
A90: ,01 - 0,8 x 2,1 m, 100 mm karm | B90: Stk. | C90: 9910 | D90: 8850 | E90: 8470
A91: ,02 - 0,8 x 2,1 m, 147 mm karm | B91: Stk. | C91: 11000 | D91: 9320 | E91: 8800
A92: ,03 - 0,9 x 2,1 m, 100 mm karm | B92: Stk. | C92: 10500 | D92: 8880 | E92: 8380
A93: ,04 - 0,9 x 2,1 m, 147 mm karm | B93: Stk. | C93: 11000 | D93: 9350 | E93: 8830
A94: ,05 - 1,0 x 2,1 m, 100 mm karm | B94: Stk. | C94: 10800 | D94: 9180 | E94: 8660
A95: ,06 - 1,0 x 2,1 m, 147 mm karm | B95: Stk. | C95: 11300 | D95: 9650 | E95: 9110
A97: Enkeltfløjet branddør EI2 60-c [BD-60]
A98: ,15 - 0,8 x 2,1 m, 147 mm karm | B98: Stk. | C98: 12900 | D98: 11100 | E98: 10500
A99: ,16 - 0,9 x 2,1 m, 147 mm karm | B99: Stk. | C99: 12900 | D99: 11100 | E99: 10500
A100: ,17 - 1,0 x 2,1 m, 147 mm karm | B100: Stk. | C100: 13300 | D100: 11400 | E100: 10800
A102: (32)15.20 Lyddøre at levere og montere
A103: Lyddør EI2 30-c [BD-30]/35 dB
A104: ,01 - 0,7 x 2,1 m, 147 mm karm | B104: Stk. | C104: 12900 | D104: 11000 | E104: 10400
A105: ,02 - 0,8 x 2,1 m, 147 mm karm | B105: Stk. | C105: 12900 | D105: 11000 | E105: 10400
A106: ,03 - 0,9 x 2,1 m, 147 mm karm | B106: Stk. | C106: 12900 | D106: 11000 | E106: 10400
A107: ,04 - 1,0 x 2,1 m, 147 mm karm | B107: Stk. | C107: 12700 | D107: 10800 | E107: 10200
A110: Lofter komplettering
B111: m² | C111: 50 | D111: 200 | E111: 500
A112: (35)11.05 Akustiklofter af mineraluld at levere og opsætte
A113: Rockfon sonar
A114: ,08 - 20 x 600 x 600 mm | B114: m² | C114: 709 | D114: 642 | E114: 605
A115: ,09 - 20 x 600 x 1200 mm | B115: m² | C115: 693 | D115: 627 | E115: 591
A117: (35)18.01 Akustiklofter af træbeton at levere og opsætteAkustiklofter af mineraluld at levere og opsætte
A118: ,01 - 25 x 600 x 1200 mm - Type lys / fin | B118: m² | C118: 556 | D118: 500 | E118: 469
A119: ,02 - 25 x 600 x 1200 mm - Type hvid 101 fin | B119: m² | C119: 577 | D119: 519 | E119: 487
A121: Tage komplettering
A123: (37)25.12 Ovenlys, vippevinduer at levere og montere
A124: Vippevindue MK08 - 780 x 1400 mm | B124: stk | C124: 2 | D124: 10 | E124: 20
A125: ,17 - hvidmalet, GGl MK08 2068, Uw = 1,2 W/m²K, ved 45° taghældning | B125: stk | C125: 6670 | D125: 6010 | E125: 5760
A126: ,18 - hvidmalet, GGU MK08 0068, Uw = 1,2 W/m²K, ved 45 grader taghældning | B126: stk | C126: 7420 | D126: 6690 | E126: 6430
A128: TIllæg - udvendig inddækningspakke inkl. isoleringssæt
...

Sheet TOM
B1: Tilbage til årsoversigt | C1: 2024 | D1: 2025 | E1: 2026 | F1: 2027 | G1: 2028 | H1: 2029 | I1: 2030 | J1: 2031 | K1: 2032 | L1: 2033 | M1: 2034 | N1: 2035 | O1: 2036 | P1: 2037 | Q1: 2038 | R1: 2039 | S1: 2040 | T1: 2041 | U1: 2042 | V1: 2043 | W1: 2044 | X1: 2045 | Y1: Total
A2: SFB nr. | B2: Udv. Vedligehold
A3: =A35 -> #N/A | B3: =B35 -> 0 | C3: =IF(C$1>=$I35,IF($M35=0,0,(IF(MOD(($I35-C$1),$M35)=0,$G35,0))),0) -> 0 | D3: =IF(D$1>=$I35,IF($M35=0,0,(IF(MOD(($I35-D$1),$M35)=0,$G35,0))),0) -> 0 | E3: =IF(E$1>=$I35,IF($M35=0,0,(IF(MOD(($I35-E$1),$M35)=0,$G35,0))),0) -> 0 | F3: =IF(F$1>=$I35,IF($M35=0,0,(IF(MOD(($I35-F$1),$M35)=0,$G35,0))),0) -> 0 | G3: =IF(G$1>=$I35,IF($M35=0,0,(IF(MOD(($I35-G$1),$M35)=0,$G35,0))),0) -> 0 | H3: =IF(H$1>=$I35,IF($M35=0,0,(IF(MOD(($I35-H$1),$M35)=0,$G35,0))),0) -> 0 | I3: =IF(I$1>=$I35,IF($M35=0,0,(IF(MOD(($I35-I$1),$M35)=0,$G35,0))),0) -> 0 | J3: =IF(J$1>=$I35,IF($M35=0,0,(IF(MOD(($I35-J$1),$M35)=0,$G35,0))),0) -> 0 | ... X3: =IF(X$1>=$I35,IF($M35=0,0,(IF(MOD(($I35-X$1),$M35)=0,$G35,0))),0) -> 0 | Y3: =SUM(C3:X3) -> 0
A4: =A36 -> #N/A | B4: =B36 -> 0 | C4: =IF(C$1>=$I36,IF($M36=0,0,(IF(MOD(($I36-C$1),$M36)=0,$G36,0))),0) -> 0 | D4: =IF(D$1>=$I36,IF($M36=0,0,(IF(MOD(($I36-D$1),$M36)=0,$G36,0))),0) -> 0 | E4: =IF(E$1>=$I36,IF($M36=0,0,(IF(MOD(($I36-E$1),$M36)=0,$G36,0))),0) -> 0 | F4: =IF(F$1>=$I36,IF($M36=0,0,(IF(MOD(($I36-F$1),$M36)=0,$G36,0))),0) -> 0 | G4: =IF(G$1>=$I36,IF($M36=0,0,(IF(MOD(($I36-G$1),$M36)=0,$G36,0))),0) -> 0 | H4: =IF(H$1>=$I36,IF($M36=0,0,(IF(MOD(($I36-H$1),$M36)=0,$G36,0))),0) -> 0 | I4: =IF(I$1>=$I36,IF($M36=0,0,(IF(MOD(($I36-I$1),$M36)=0,$G36,0))),0) -> 0 | J4: =IF(J$1>=$I36,IF($M36=0,0,(IF(MOD(($I36-J$1),$M36)=0,$G36,0))),0) -> 0 | ... X4: =IF(X$1>=$I36,IF($M36=0,0,(IF(MOD(($I36-X$1),$M36)=0,$G36,0))),0) -> 0 | Y4: =SUM(C4:X4) -> 0
A5: =A37 -> #N/A | B5: =B37 -> 0 | C5: =IF(C$1>=$I37,IF($M37=0,0,(IF(MOD(($I37-C$1),$M37)=0,$G37,0))),0) -> 0 | D5: =IF(D$1>=$I37,IF($M37=0,0,(IF(MOD(($I37-D$1),$M37)=0,$G37,0))),0) -> 0 | E5: =IF(E$1>=$I37,IF($M37=0,0,(IF(MOD(($I37-E$1),$M37)=0,$G37,0))),0) -> 0 | F5: =IF(F$1>=$I37,IF($M37=0,0,(IF(MOD(($I37-F$1),$M37)=0,$G37,0))),0) -> 0 | G5: =IF(G$1>=$I37,IF($M37=0,0,(IF(MOD(($I37-G$1),$M37)=0,$G37,0))),0) -> 0 | H5: =IF(H$1>=$I37,IF($M37=0,0,(IF(MOD(($I37-H$1),$M37)=0,$G37,0))),0) -> 0 | I5: =IF(I$1>=$I37,IF($M37=0,0,(IF(MOD(($I37-I$1),$M37)=0,$G37,0))),0) -> 0 | J5: =IF(J$1>=$I37,IF($M37=0,0,(IF(MOD(($I37-J$1),$M37)=0,$G37,0))),0) -> 0 | ... X5: =IF(X$1>=$I37,IF($M37=0,0,(IF(MOD(($I37-X$1),$M37)=0,$G37,0))),0) -> 0 | Y5: =SUM(C5:X5) -> 0
A6: =A38 -> #N/A | B6: =B38 -> 0 | C6: =IF(C$1>=$I38,IF($M38=0,0,(IF(MOD(($I38-C$1),$M38)=0,$G38,0))),0) -> 0 | D6: =IF(D$1>=$I38,IF($M38=0,0,(IF(MOD(($I38-D$1),$M38)=0,$G38,0))),0) -> 0 | E6: =IF(E$1>=$I38,IF($M38=0,0,(IF(MOD(($I38-E$1),$M38)=0,$G38,0))),0) -> 0 | F6: =IF(F$1>=$I38,IF($M38=0,0,(IF(MOD(($I38-F$1),$M38)=0,$G38,0))),0) -> 0 | G6: =IF(G$1>=$I38,IF($M38=0,0,(IF(MOD(($I38-G$1),$M38)=0,$G38,0))),0) -> 0 | H6: =IF(H$1>=$I38,IF($M38=0,0,(IF(MOD(($I38-H$1),$M38)=0,$G38,0))),0) -> 0 | I6: =IF(I$1>=$I38,IF($M38=0,0,(IF(MOD(($I38-I$1),$M38)=0,$G38,0))),0) -> 0 | J6: =IF(J$1>=$I38,IF($M38=0,0,(IF(MOD(($I38-J$1),$M38)=0,$G38,0))),0) -> 0 | ... X6: =IF(X$1>=$I38,IF($M38=0,0,(IF(MOD(($I38-X$1),$M38)=0,$G38,0))),0) -> 0 | Y6: =SUM(C6:X6) -> 0
A7: =A39 -> #N/A | B7: =B39 -> 0 | C7: =IF(C$1>=$I39,IF($M39=0,0,(IF(MOD(($I39-C$1),$M39)=0,$G39,0))),0) -> 0 | D7: =IF(D$1>=$I39,IF($M39=0,0,(IF(MOD(($I39-D$1),$M39)=0,$G39,0))),0) -> 0 | E7: =IF(E$1>=$I39,IF($M39=0,0,(IF(MOD(($I39-E$1),$M39)=0,$G39,0))),0) -> 0 | F7: =IF(F$1>=$I39,IF($M39=0,0,(IF(MOD(($I39-F$1),$M39)=0,$G39,0))),0) -> 0 | G7: =IF(G$1>=$I39,IF($M39=0,0,(IF(MOD(($I39-G$1),$M39)=0,$G39,0))),0) -> 0 | H7: =IF(H$1>=$I39,IF($M39=0,0,(IF(MOD(($I39-H$1),$M39)=0,$G39,0))),0) -> 0 | I7: =IF(I$1>=$I39,IF($M39=0,0,(IF(MOD(($I39-I$1),$M39)=0,$G39,0))),0) -> 0 | J7: =IF(J$1>=$I39,IF($M39=0,0,(IF(MOD(($I39-J$1),$M39)=0,$G39,0))),0) -> 0 | ... X7: =IF(X$1>=$I39,IF($M39=0,0,(IF(MOD(($I39-X$1),$M39)=0,$G39,0))),0) -> 0 | Y7: =SUM(C7:X7) -> 0
A8: =A40 -> #N/A | B8: =B40 -> 0 | C8: =IF(C$1>=$I40,IF($M40=0,0,(IF(MOD(($I40-C$1),$M40)=0,$G40,0))),0) -> 0 | D8: =IF(D$1>=$I40,IF($M40=0,0,(IF(MOD(($I40-D$1),$M40)=0,$G40,0))),0) -> 0 | E8: =IF(E$1>=$I40,IF($M40=0,0,(IF(MOD(($I40-E$1),$M40)=0,$G40,0))),0) -> 0 | F8: =IF(F$1>=$I40,IF($M40=0,0,(IF(MOD(($I40-F$1),$M40)=0,$G40,0))),0) -> 0 | G8: =IF(G$1>=$I40,IF($M40=0,0,(IF(MOD(($I40-G$1),$M40)=0,$G40,0))),0) -> 0 | H8: =IF(H$1>=$I40,IF($M40=0,0,(IF(MOD(($I40-H$1),$M40)=0,$G40,0))),0) -> 0 | I8: =IF(I$1>=$I40,IF($M40=0,0,(IF(MOD(($I40-I$1),$M40)=0,$G40,0))),0) -> 0 | J8: =IF(J$1>=$I40,IF($M40=0,0,(IF(MOD(($I40-J$1),$M40)=0,$G40,0))),0) -> 0 | ... X8: =IF(X$1>=$I40,IF($M40=0,0,(IF(MOD(($I40-X$1),$M40)=0,$G40,0))),0) -> 0 | Y8: =SUM(C8:X8) -> 0
A9: =A41 -> #N/A | B9: =B41 -> 0 | C9: =IF(C$1>=$I41,IF($M41=0,0,(IF(MOD(($I41-C$1),$M41)=0,$G41,0))),0) -> 0 | D9: =IF(D$1>=$I41,IF($M41=0,0,(IF(MOD(($I41-D$1),$M41)=0,$G41,0))),0) -> 0 | E9: =IF(E$1>=$I41,IF($M41=0,0,(IF(MOD(($I41-E$1),$M41)=0,$G41,0))),0) -> 0 | F9: =IF(F$1>=$I41,IF($M41=0,0,(IF(MOD(($I41-F$1),$M41)=0,$G41,0))),0) -> 0 | G9: =IF(G$1>=$I41,IF($M41=0,0,(IF(MOD(($I41-G$1),$M41)=0,$G41,0))),0) -> 0 | H9: =IF(H$1>=$I41,IF($M41=0,0,(IF(MOD(($I41-H$1),$M41)=0,$G41,0))),0) -> 0 | I9: =IF(I$1>=$I41,IF($M41=0,0,(IF(MOD(($I41-I$1),$M41)=0,$G41,0))),0) -> 0 | J9: =IF(J$1>=$I41,IF($M41=0,0,(IF(MOD(($I41-J$1),$M41)=0,$G41,0))),0) -> 0 | ... X9: =IF(X$1>=$I41,IF($M41=0,0,(IF(MOD(($I41-X$1),$M41)=0,$G41,0))),0) -> 0 | Y9: =SUM(C9:X9) -> 0
B10: =B42 -> Indv. Vedligehold
A11: =A43 -> #N/A | B11: =B43 -> 0 | C11: =IF(C$1>=$I43,IF($M43=0,0,(IF(MOD(($I43-C$1),$M43)=0,$G43,0))),0) -> 0 | D11: =IF(D$1>=$I43,IF($M43=0,0,(IF(MOD(($I43-D$1),$M43)=0,$G43,0))),0) -> 0 | E11: =IF(E$1>=$I43,IF($M43=0,0,(IF(MOD(($I43-E$1),$M43)=0,$G43,0))),0) -> 0 | F11: =IF(F$1>=$I43,IF($M43=0,0,(IF(MOD(($I43-F$1),$M43)=0,$G43,0))),0) -> 0 | G11: =IF(G$1>=$I43,IF($M43=0,0,(IF(MOD(($I43-G$1),$M43)=0,$G43,0))),0) -> 0 | H11: =IF(H$1>=$I43,IF($M43=0,0,(IF(MOD(($I43-H$1),$M43)=0,$G43,0))),0) -> 0 | I11: =IF(I$1>=$I43,IF($M43=0,0,(IF(MOD(($I43-I$1),$M43)=0,$G43,0))),0) -> 0 | J11: =IF(J$1>=$I43,IF($M43=0,0,(IF(MOD(($I43-J$1),$M43)=0,$G43,0))),0) -> 0 | ... X11: =IF(X$1>=$I43,IF($M43=0,0,(IF(MOD(($I43-X$1),$M43)=0,$G43,0))),0) -> 0 | Y11: =SUM(C11:X11) -> 0
A12: =A44 -> #N/A | B12: =B44 -> 0 | C12: =IF(C$1>=$I44,IF($M44=0,0,(IF(MOD(($I44-C$1),$M44)=0,$G44,0))),0) -> 0 | D12: =IF(D$1>=$I44,IF($M44=0,0,(IF(MOD(($I44-D$1),$M44)=0,$G44,0))),0) -> 0 | E12: =IF(E$1>=$I44,IF($M44=0,0,(IF(MOD(($I44-E$1),$M44)=0,$G44,0))),0) -> 0 | F12: =IF(F$1>=$I44,IF($M44=0,0,(IF(MOD(($I44-F$1),$M44)=0,$G44,0))),0) -> 0 | G12: =IF(G$1>=$I44,IF($M44=0,0,(IF(MOD(($I44-G$1),$M44)=0,$G44,0))),0) -> 0 | H12: =IF(H$1>=$I44,IF($M44=0,0,(IF(MOD(($I44-H$1),$M44)=0,$G44,0))),0) -> 0 | I12: =IF(I$1>=$I44,IF($M44=0,0,(IF(MOD(($I44-I$1),$M44)=0,$G44,0))),0) -> 0 | J12: =IF(J$1>=$I44,IF($M44=0,0,(IF(MOD(($I44-J$1),$M44)=0,$G44,0))),0) -> 0 | ... X12: =IF(X$1>=$I44,IF($M44=0,0,(IF(MOD(($I44-X$1),$M44)=0,$G44,0))),0) -> 0 | Y12: =SUM(C12:X12) -> 0
A13: =A45 -> #N/A | B13: =B45 -> 0 | C13: =IF(C$1>=$I45,IF($M45=0,0,(IF(MOD(($I45-C$1),$M45)=0,$G45,0))),0) -> 0 | D13: =IF(D$1>=$I45,IF($M45=0,0,(IF(MOD(($I45-D$1),$M45)=0,$G45,0))),0) -> 0 | E13: =IF(E$1>=$I45,IF($M45=0,0,(IF(MOD(($I45-E$1),$M45)=0,$G45,0))),0) -> 0 | F13: =IF(F$1>=$I45,IF($M45=0,0,(IF(MOD(($I45-F$1),$M45)=0,$G45,0))),0) -> 0 | G13: =IF(G$1>=$I45,IF($M45=0,0,(IF(MOD(($I45-G$1),$M45)=0,$G45,0))),0) -> 0 | H13: =IF(H$1>=$I45,IF($M45=0,0,(IF(MOD(($I45-H$1),$M45)=0,$G45,0))),0) -> 0 | I13: =IF(I$1>=$I45,IF($M45=0,0,(IF(MOD(($I45-I$1),$M45)=0,$G45,0))),0) -> 0 | J13: =IF(J$1>=$I45,IF($M45=0,0,(IF(MOD(($I45-J$1),$M45)=0,$G45,0))),0) -> 0 | ... X13: =IF(X$1>=$I45,IF($M45=0,0,(IF(MOD(($I45-X$1),$M45)=0,$G45,0))),0) -> 0 | Y13: =SUM(C13:X13) -> 0
A14: =A46 -> #N/A | B14: =B46 -> 0 | C14: =IF(C$1>=$I46,IF($M46=0,0,(IF(MOD(($I46-C$1),$M46)=0,$G46,0))),0) -> 0 | D14: =IF(D$1>=$I46,IF($M46=0,0,(IF(MOD(($I46-D$1),$M46)=0,$G46,0))),0) -> 0 | E14: =IF(E$1>=$I46,IF($M46=0,0,(IF(MOD(($I46-E$1),$M46)=0,$G46,0))),0) -> 0 | F14: =IF(F$1>=$I46,IF($M46=0,0,(IF(MOD(($I46-F$1),$M46)=0,$G46,0))),0) -> 0 | G14: =IF(G$1>=$I46,IF($M46=0,0,(IF(MOD(($I46-G$1),$M46)=0,$G46,0))),0) -> 0 | H14: =IF(H$1>=$I46,IF($M46=0,0,(IF(MOD(($I46-H$1),$M46)=0,$G46,0))),0) -> 0 | I14: =IF(I$1>=$I46,IF($M46=0,0,(IF(MOD(($I46-I$1),$M46)=0,$G46,0))),0) -> 0 | J14: =IF(J$1>=$I46,IF($M46=0,0,(IF(MOD(($I46-J$1),$M46)=0,$G46,0))),0) -> 0 | ... X14: =IF(X$1>=$I46,IF($M46=0,0,(IF(MOD(($I46-X$1),$M46)=0,$G46,0))),0) -> 0 | Y14: =SUM(C14:X14) -> 0
A15: =A47 -> #N/A | B15: =B47 -> 0 | C15: =IF(C$1>=$I47,IF($M47=0,0,(IF(MOD(($I47-C$1),$M47)=0,$G47,0))),0) -> 0 | D15: =IF(D$1>=$I47,IF($M47=0,0,(IF(MOD(($I47-D$1),$M47)=0,$G47,0))),0) -> 0 | E15: =IF(E$1>=$I47,IF($M47=0,0,(IF(MOD(($I47-E$1),$M47)=0,$G47,0))),0) -> 0 | F15: =IF(F$1>=$I47,IF($M47=0,0,(IF(MOD(($I47-F$1),$M47)=0,$G47,0))),0) -> 0 | G15: =IF(G$1>=$I47,IF($M47=0,0,(IF(MOD(($I47-G$1),$M47)=0,$G47,0))),0) -> 0 | H15: =IF(H$1>=$I47,IF($M47=0,0,(IF(MOD(($I47-H$1),$M47)=0,$G47,0))),0) -> 0 | I15: =IF(I$1>=$I47,IF($M47=0,0,(IF(MOD(($I47-I$1),$M47)=0,$G47,0))),0) -> 0 | J15: =IF(J$1>=$I47,IF($M47=0,0,(IF(MOD(($I47-J$1),$M47)=0,$G47,0))),0) -> 0 | ... X15: =IF(X$1>=$I47,IF($M47=0,0,(IF(MOD(($I47-X$1),$M47)=0,$G47,0))),0) -> 0 | Y15: =SUM(C15:X15) -> 0
A16: =A48 -> #N/A | B16: =B48 -> 0 | C16: =IF(C$1>=$I48,IF($M48=0,0,(IF(MOD(($I48-C$1),$M48)=0,$G48,0))),0) -> 0 | D16: =IF(D$1>=$I48,IF($M48=0,0,(IF(MOD(($I48-D$1),$M48)=0,$G48,0))),0) -> 0 | E16: =IF(E$1>=$I48,IF($M48=0,0,(IF(MOD(($I48-E$1),$M48)=0,$G48,0))),0) -> 0 | F16: =IF(F$1>=$I48,IF($M48=0,0,(IF(MOD(($I48-F$1),$M48)=0,$G48,0))),0) -> 0 | G16: =IF(G$1>=$I48,IF($M48=0,0,(IF(MOD(($I48-G$1),$M48)=0,$G48,0))),0) -> 0 | H16: =IF(H$1>=$I48,IF($M48=0,0,(IF(MOD(($I48-H$1),$M48)=0,$G48,0))),0) -> 0 | I16: =IF(I$1>=$I48,IF($M48=0,0,(IF(MOD(($I48-I$1),$M48)=0,$G48,0))),0) -> 0 | J16: =IF(J$1>=$I48,IF($M48=0,0,(IF(MOD(($I48-J$1),$M48)=0,$G48,0))),0) -> 0 | ... X16: =IF(X$1>=$I48,IF($M48=0,0,(IF(MOD(($I48-X$1),$M48)=0,$G48,0))),0) -> 0 | Y16: =SUM(C16:X16) -> 0
A17: =A49 -> #N/A | B17: =B49 -> 0 | C17: =IF(C$1>=$I49,IF($M49=0,0,(IF(MOD(($I49-C$1),$M49)=0,$G49,0))),0) -> 0 | D17: =IF(D$1>=$I49,IF($M49=0,0,(IF(MOD(($I49-D$1),$M49)=0,$G49,0))),0) -> 0 | E17: =IF(E$1>=$I49,IF($M49=0,0,(IF(MOD(($I49-E$1),$M49)=0,$G49,0))),0) -> 0 | F17: =IF(F$1>=$I49,IF($M49=0,0,(IF(MOD(($I49-F$1),$M49)=0,$G49,0))),0) -> 0 | G17: =IF(G$1>=$I49,IF($M49=0,0,(IF(MOD(($I49-G$1),$M49)=0,$G49,0))),0) -> 0 | H17: =IF(H$1>=$I49,IF($M49=0,0,(IF(MOD(($I49-H$1),$M49)=0,$G49,0))),0) -> 0 | I17: =IF(I$1>=$I49,IF($M49=0,0,(IF(MOD(($I49-I$1),$M49)=0,$G49,0))),0) -> 0 | J17: =IF(J$1>=$I49,IF($M49=0,0,(IF(MOD(($I49-J$1),$M49)=0,$G49,0))),0) -> 0 | ... X17: =IF(X$1>=$I49,IF($M49=0,0,(IF(MOD(($I49-X$1),$M49)=0,$G49,0))),0) -> 0 | Y17: =SUM(C17:X17) -> 0
B18: =B50 -> Tekniske Installationer
A19: =A51 -> #N/A | B19: =B51 -> 0 | C19: =IF(C$1>=$I51,IF($M51=0,0,(IF(MOD(($I51-C$1),$M51)=0,$G51,0))),0) -> 0 | D19: =IF(D$1>=$I51,IF($M51=0,0,(IF(MOD(($I51-D$1),$M51)=0,$G51,0))),0) -> 0 | E19: =IF(E$1>=$I51,IF($M51=0,0,(IF(MOD(($I51-E$1),$M51)=0,$G51,0))),0) -> 0 | F19: =IF(F$1>=$I51,IF($M51=0,0,(IF(MOD(($I51-F$1),$M51)=0,$G51,0))),0) -> 0 | G19: =IF(G$1>=$I51,IF($M51=0,0,(IF(MOD(($I51-G$1),$M51)=0,$G51,0))),0) -> 0 | H19: =IF(H$1>=$I51,IF($M51=0,0,(IF(MOD(($I51-H$1),$M51)=0,$G51,0))),0) -> 0 | I19: =IF(I$1>=$I51,IF($M51=0,0,(IF(MOD(($I51-I$1),$M51)=0,$G51,0))),0) -> 0 | J19: =IF(J$1>=$I51,IF($M51=0,0,(IF(MOD(($I51-J$1),$M51)=0,$G51,0))),0) -> 0 | ... X19: =IF(X$1>=$I51,IF($M51=0,0,(IF(MOD(($I51-X$1),$M51)=0,$G51,0))),0) -> 0 | Y19: =SUM(C19:X19) -> 0
A20: =A52 -> #N/A | B20: =B52 -> 0 | C20: =IF(C$1>=$I52,IF($M52=0,0,(IF(MOD(($I52-C$1),$M52)=0,$G52,0))),0) -> 0 | D20: =IF(D$1>=$I52,IF($M52=0,0,(IF(MOD(($I52-D$1),$M52)=0,$G52,0))),0) -> 0 | E20: =IF(E$1>=$I52,IF($M52=0,0,(IF(MOD(($I52-E$1),$M52)=0,$G52,0))),0) -> 0 | F20: =IF(F$1>=$I52,IF($M52=0,0,(IF(MOD(($I52-F$1),$M52)=0,$G52,0))),0) -> 0 | G20: =IF(G$1>=$I52,IF($M52=0,0,(IF(MOD(($I52-G$1),$M52)=0,$G52,0))),0) -> 0 | H20: =IF(H$1>=$I52,IF($M52=0,0,(IF(MOD(($I52-H$1),$M52)=0,$G52,0))),0) -> 0 | I20: =IF(I$1>=$I52,IF($M52=0,0,(IF(MOD(($I52-I$1),$M52)=0,$G52,0))),0) -> 0 | J20: =IF(J$1>=$I52,IF($M52=0,0,(IF(MOD(($I52-J$1),$M52)=0,$G52,0))),0) -> 0 | ... X20: =IF(X$1>=$I52,IF($M52=0,0,(IF(MOD(($I52-X$1),$M52)=0,$G52,0))),0) -> 0 | Y20: =SUM(C20:X20) -> 0
A21: =A53 -> #N/A | B21: =B53 -> 0 | C21: =IF(C$1>=$I53,IF($M53=0,0,(IF(MOD(($I53-C$1),$M53)=0,$G53,0))),0) -> 0 | D21: =IF(D$1>=$I53,IF($M53=0,0,(IF(MOD(($I53-D$1),$M53)=0,$G53,0))),0) -> 0 | E21: =IF(E$1>=$I53,IF($M53=0,0,(IF(MOD(($I53-E$1),$M53)=0,$G53,0))),0) -> 0 | F21: =IF(F$1>=$I53,IF($M53=0,0,(IF(MOD(($I53-F$1),$M53)=0,$G53,0))),0) -> 0 | G21: =IF(G$1>=$I53,IF($M53=0,0,(IF(MOD(($I53-G$1),$M53)=0,$G53,0))),0) -> 0 | H21: =IF(H$1>=$I53,IF($M53=0,0,(IF(MOD(($I53-H$1),$M53)=0,$G53,0))),0) -> 0 | I21: =IF(I$1>=$I53,IF($M53=0,0,(IF(MOD(($I53-I$1),$M53)=0,$G53,0))),0) -> 0 | J21: =IF(J$1>=$I53,IF($M53=0,0,(IF(MOD(($I53-J$1),$M53)=0,$G53,0))),0) -> 0 | ... X21: =IF(X$1>=$I53,IF($M53=0,0,(IF(MOD(($I53-X$1),$M53)=0,$G53,0))),0) -> 0 | Y21: =SUM(C21:X21) -> 0
B22: =B54 -> Sikringsanlæg
A23: =A55 -> #N/A | B23: =B55 -> 0 | C23: =IF(C$1>=$I55,IF($M55=0,0,(IF(MOD(($I55-C$1),$M55)=0,$G55,0))),0) -> 0 | D23: =IF(D$1>=$I55,IF($M55=0,0,(IF(MOD(($I55-D$1),$M55)=0,$G55,0))),0) -> 0 | E23: =IF(E$1>=$I55,IF($M55=0,0,(IF(MOD(($I55-E$1),$M55)=0,$G55,0))),0) -> 0 | F23: =IF(F$1>=$I55,IF($M55=0,0,(IF(MOD(($I55-F$1),$M55)=0,$G55,0))),0) -> 0 | G23: =IF(G$1>=$I55,IF($M55=0,0,(IF(MOD(($I55-G$1),$M55)=0,$G55,0))),0) -> 0 | H23: =IF(H$1>=$I55,IF($M55=0,0,(IF(MOD(($I55-H$1),$M55)=0,$G55,0))),0) -> 0 | I23: =IF(I$1>=$I55,IF($M55=0,0,(IF(MOD(($I55-I$1),$M55)=0,$G55,0))),0) -> 0 | J23: =IF(J$1>=$I55,IF($M55=0,0,(IF(MOD(($I55-J$1),$M55)=0,$G55,0))),0) -> 0 | ... X23: =IF(X$1>=$I55,IF($M55=0,0,(IF(MOD(($I55-X$1),$M55)=0,$G55,0))),0) -> 0 | Y23: =SUM(C23:X23) -> 0
A24: =A56 -> #N/A | B24: =B56 -> 0 | C24: =IF(C$1>=$I56,IF($M56=0,0,(IF(MOD(($I56-C$1),$M56)=0,$G56,0))),0) -> 0 | D24: =IF(D$1>=$I56,IF($M56=0,0,(IF(MOD(($I56-D$1),$M56)=0,$G56,0))),0) -> 0 | E24: =IF(E$1>=$I56,IF($M56=0,0,(IF(MOD(($I56-E$1),$M56)=0,$G56,0))),0) -> 0 | F24: =IF(F$1>=$I56,IF($M56=0,0,(IF(MOD(($I56-F$1),$M56)=0,$G56,0))),0) -> 0 | G24: =IF(G$1>=$I56,IF($M56=0,0,(IF(MOD(($I56-G$1),$M56)=0,$G56,0))),0) -> 0 | H24: =IF(H$1>=$I56,IF($M56=0,0,(IF(MOD(($I56-H$1),$M56)=0,$G56,0))),0) -> 0 | I24: =IF(I$1>=$I56,IF($M56=0,0,(IF(MOD(($I56-I$1),$M56)=0,$G56,0))),0) -> 0 | J24: =IF(J$1>=$I56,IF($M56=0,0,(IF(MOD(($I56-J$1),$M56)=0,$G56,0))),0) -> 0 | ... X24: =IF(X$1>=$I56,IF($M56=0,0,(IF(MOD(($I56-X$1),$M56)=0,$G56,0))),0) -> 0 | Y24: =SUM(C24:X24) -> 0
A25: =A57 -> #N/A | B25: =B57 -> 0 | C25: =IF(C$1>=$I57,IF($M57=0,0,(IF(MOD(($I57-C$1),$M57)=0,$G57,0))),0) -> 0 | D25: =IF(D$1>=$I57,IF($M57=0,0,(IF(MOD(($I57-D$1),$M57)=0,$G57,0))),0) -> 0 | E25: =IF(E$1>=$I57,IF($M57=0,0,(IF(MOD(($I57-E$1),$M57)=0,$G57,0))),0) -> 0 | F25: =IF(F$1>=$I57,IF($M57=0,0,(IF(MOD(($I57-F$1),$M57)=0,$G57,0))),0) -> 0 | G25: =IF(G$1>=$I57,IF($M57=0,0,(IF(MOD(($I57-G$1),$M57)=0,$G57,0))),0) -> 0 | H25: =IF(H$1>=$I57,IF($M57=0,0,(IF(MOD(($I57-H$1),$M57)=0,$G57,0))),0) -> 0 | I25: =IF(I$1>=$I57,IF($M57=0,0,(IF(MOD(($I57-I$1),$M57)=0,$G57,0))),0) -> 0 | J25: =IF(J$1>=$I57,IF($M57=0,0,(IF(MOD(($I57-J$1),$M57)=0,$G57,0))),0) -> 0 | ... X25: =IF(X$1>=$I57,IF($M57=0,0,(IF(MOD(($I57-X$1),$M57)=0,$G57,0))),0) -> 0 | Y25: =SUM(C25:X25) -> 0
B26: =B58 -> Andet
A27: =A59 -> #N/A | B27: =B59 -> 0 | C27: =IF(C$1>=$I59,IF($M59=0,0,(IF(MOD(($I59-C$1),$M59)=0,$G59,0))),0) -> 0 | D27: =IF(D$1>=$I59,IF($M59=0,0,(IF(MOD(($I59-D$1),$M59)=0,$G59,0))),0) -> 0 | E27: =IF(E$1>=$I59,IF($M59=0,0,(IF(MOD(($I59-E$1),$M59)=0,$G59,0))),0) -> 0 | F27: =IF(F$1>=$I59,IF($M59=0,0,(IF(MOD(($I59-F$1),$M59)=0,$G59,0))),0) -> 0 | G27: =IF(G$1>=$I59,IF($M59=0,0,(IF(MOD(($I59-G$1),$M59)=0,$G59,0))),0) -> 0 | H27: =IF(H$1>=$I59,IF($M59=0,0,(IF(MOD(($I59-H$1),$M59)=0,$G59,0))),0) -> 0 | I27: =IF(I$1>=$I59,IF($M59=0,0,(IF(MOD(($I59-I$1),$M59)=0,$G59,0))),0) -> 0 | J27: =IF(J$1>=$I59,IF($M59=0,0,(IF(MOD(($I59-J$1),$M59)=0,$G59,0))),0) -> 0 | ... X27: =IF(X$1>=$I59,IF($M59=0,0,(IF(MOD(($I59-X$1),$M59)=0,$G59,0))),0) -> 0 | Y27: =SUM(C27:X27) -> 0
A28: =A60 -> #N/A | B28: =B60 -> 0 | C28: =IF(C$1>=$I60,IF($M60=0,0,(IF(MOD(($I60-C$1),$M60)=0,$G60,0))),0) -> 0 | D28: =IF(D$1>=$I60,IF($M60=0,0,(IF(MOD(($I60-D$1),$M60)=0,$G60,0))),0) -> 0 | E28: =IF(E$1>=$I60,IF($M60=0,0,(IF(MOD(($I60-E$1),$M60)=0,$G60,0))),0) -> 0 | F28: =IF(F$1>=$I60,IF($M60=0,0,(IF(MOD(($I60-F$1),$M60)=0,$G60,0))),0) -> 0 | G28: =IF(G$1>=$I60,IF($M60=0,0,(IF(MOD(($I60-G$1),$M60)=0,$G60,0))),0) -> 0 | H28: =IF(H$1>=$I60,IF($M60=0,0,(IF(MOD(($I60-H$1),$M60)=0,$G60,0))),0) -> 0 | I28: =IF(I$1>=$I60,IF($M60=0,0,(IF(MOD(($I60-I$1),$M60)=0,$G60,0))),0) -> 0 | J28: =IF(J$1>=$I60,IF($M60=0,0,(IF(MOD(($I60-J$1),$M60)=0,$G60,0))),0) -> 0 | ... X28: =IF(X$1>=$I60,IF($M60=0,0,(IF(MOD(($I60-X$1),$M60)=0,$G60,0))),0) -> 0 | Y28: =SUM(C28:X28) -> 0
A29: =A61 -> #N/A | B29: =B61 -> 0 | C29: =IF(C$1>=$I61,IF($M61=0,0,(IF(MOD(($I61-C$1),$M61)=0,$G61,0))),0) -> 0 | D29: =IF(D$1>=$I61,IF($M61=0,0,(IF(MOD(($I61-D$1),$M61)=0,$G61,0))),0) -> 0 | E29: =IF(E$1>=$I61,IF($M61=0,0,(IF(MOD(($I61-E$1),$M61)=0,$G61,0))),0) -> 0 | F29: =IF(F$1>=$I61,IF($M61=0,0,(IF(MOD(($I61-F$1),$M61)=0,$G61,0))),0) -> 0 | G29: =IF(G$1>=$I61,IF($M61=0,0,(IF(MOD(($I61-G$1),$M61)=0,$G61,0))),0) -> 0 | H29: =IF(H$1>=$I61,IF($M61=0,0,(IF(MOD(($I61-H$1),$M61)=0,$G61,0))),0) -> 0 | I29: =IF(I$1>=$I61,IF($M61=0,0,(IF(MOD(($I61-I$1),$M61)=0,$G61,0))),0) -> 0 | J29: =IF(J$1>=$I61,IF($M61=0,0,(IF(MOD(($I61-J$1),$M61)=0,$G61,0))),0) -> 0 | ... X29: =IF(X$1>=$I61,IF($M61=0,0,(IF(MOD(($I61-X$1),$M61)=0,$G61,0))),0) -> 0 | Y29: =SUM(C29:X29) -> 0
B30: Total pr år | C30: =SUM(C3:C26) -> 0 | D30: =SUM(D3:D26) -> 0 | E30: =SUM(E3:E26) -> 0 | F30: =SUM(F3:F26) -> 0 | G30: =SUM(G3:G26) -> 0 | H30: =SUM(H3:H26) -> 0 | I30: =SUM(I3:I26) -> 0 | J30: =SUM(J3:J26) -> 0 | ... Y30: =SUM(Y3:Y26) -> 0
C32: Mængde | D32: Enhed | E32: Enhedspris | G32: Samlet udgift | I32: Tidligste udførelse | K32: Senest udførelse | M32: Interval | O32: Pris kvalitet | Q32: Karakter | T32: Bemærkninger
B33: Udv. Vedligehold
B34: Generelt:
A35: =VLOOKUP(B35,Priskatalog!A:J,10,FALSE) -> #N/A | G35: =C35*E35 -> 0 | N35: år
A36: =VLOOKUP(B36,Priskatalog!A:J,10,FALSE) -> #N/A | G36: =C36*E36 -> 0 | N36: år
A37: =VLOOKUP(B37,Priskatalog!A:J,10,FALSE) -> #N/A | G37: =C37*E37 -> 0 | N37: år
A38: =VLOOKUP(B38,Priskatalog!A:J,10,FALSE) -> #N/A | G38: =C38*E38 -> 0 | N38: år
A39: =VLOOKUP(B39,Priskatalog!A:J,10,FALSE) -> #N/A | G39: =C39*E39 -> 0 | N39: år
A40: =VLOOKUP(B40,Priskatalog!A:J,10,FALSE) -> #N/A | G40: =C40*E40 -> 0 | N40: år
A41: =VLOOKUP(B41,Priskatalog!A:J,10,FALSE) -> #N/A | G41: =C41*E41 -> 0 | N41: år
B42: Indv. Vedligehold
A43: =VLOOKUP(B43,Priskatalog!A:J,10,FALSE) -> #N/A | G43: =C43*E43 -> 0 | N43: år
A44: =VLOOKUP(B44,Priskatalog!A:J,10,FALSE) -> #N/A | G44: =C44*E44 -> 0 | N44: år
A45: =VLOOKUP(B45,Priskatalog!A:J,10,FALSE) -> #N/A | G45: =C45*E45 -> 0 | N45: år
A46: =VLOOKUP(B46,Priskatalog!A:J,10,FALSE) -> #N/A | G46: =C46*E46 -> 0 | N46: år
A47: =VLOOKUP(B47,Priskatalog!A:J,10,FALSE) -> #N/A | G47: =C47*E47 -> 0 | N47: år
A48: =VLOOKUP(B48,Priskatalog!A:J,10,FALSE) -> #N/A | G48: =C48*E48 -> 0 | N48: år
A49: =VLOOKUP(B49,Priskatalog!A:J,10,FALSE) -> #N/A | G49: =C49*E49 -> 0 | N49: år
B50: Tekniske Installationer
A51: =VLOOKUP(B51,Priskatalog!A:J,10,FALSE) -> #N/A | G51: =C51*E51 -> 0 | N51: år
A52: =VLOOKUP(B52,Priskatalog!A:J,10,FALSE) -> #N/A | G52: =C52*E52 -> 0 | N52: år
A53: =VLOOKUP(B53,Priskatalog!A:J,10,FALSE) -> #N/A | G53: =C53*E53 -> 0 | N53: år
B54: Sikringsanlæg
A55: =VLOOKUP(B55,Priskatalog!A:J,10,FALSE) -> #N/A | G55: =C55*E55 -> 0 | N55: år
A56: =VLOOKUP(B56,Priskatalog!A:J,10,FALSE) -> #N/A | G56: =C56*E56 -> 0 | N56: år
A57: =VLOOKUP(B57,Priskatalog!A:J,10,FALSE) -> #N/A | G57: =C57*E57 -> 0 | N57: år
B58: Andet
A59: =VLOOKUP(B59,Priskatalog!A:J,10,FALSE) -> #N/A | G59: =C59*E59 -> 0 | N59: år
A60: =VLOOKUP(B60,Priskatalog!A:J,10,FALSE) -> #N/A | G60: =C60*E60 -> 0 | N60: år
A61: =VLOOKUP(B61,Priskatalog!A:J,10,FALSE) -> #N/A | G61: =C61*E61 -> 0 | N61: år

Sheet Adelgade 1
B1: Tilbage til årsoversigt | C1: 2024 | D1: 2025 | E1: 2026 | F1: 2027 | G1: 2028 | H1: 2029 | I1: 2030 | J1: 2031 | K1: 2032 | L1: 2033 | M1: 2034 | N1: 2035 | O1: 2036 | P1: 2037 | Q1: 2038 | R1: 2039 | S1: 2040 | T1: 2041 | U1: 2042 | V1: 2043 | W1: 2044 | X1: 2045 | Y1: Total
A2: SFB nr. | B2: Udv. Vedligehold
A3: =A35 -> #N/A | B3: =B35 -> 0 | C3: =IF(C$1>=$I35,IF($M35=0,0,(IF(MOD(($I35-C$1),$M35)=0,$G35,0))),0) -> 0 | D3: =IF(D$1>=$I35,IF($M35=0,0,(IF(MOD(($I35-D$1),$M35)=0,$G35,0))),0) -> 0 | E3: =IF(E$1>=$I35,IF($M35=0,0,(IF(MOD(($I35-E$1),$M35)=0,$G35,0))),0) -> 0 | F3: =IF(F$1>=$I35,IF($M35=0,0,(IF(MOD(($I35-F$1),$M35)=0,$G35,0))),0) -> 0 | G3: =IF(G$1>=$I35,IF($M35=0,0,(IF(MOD(($I35-G$1),$M35)=0,$G35,0))),0) -> 0 | H3: =IF(H$1>=$I35,IF($M35=0,0,(IF(MOD(($I35-H$1),$M35)=0,$G35,0))),0) -> 0 | I3: =IF(I$1>=$I35,IF($M35=0,0,(IF(MOD(($I35-I$1),$M35)=0,$G35,0))),0) -> 0 | J3: =IF(J$1>=$I35,IF($M35=0,0,(IF(MOD(($I35-J$1),$M35)=0,$G35,0))),0) -> 0 | ... X3: =IF(X$1>=$I35,IF($M35=0,0,(IF(MOD(($I35-X$1),$M35)=0,$G35,0))),0) -> 0 | Y3: =SUM(C3:X3) -> 0
A4: =A36 -> #N/A | B4: =B36 -> 0 | C4: =IF(C$1>=$I36,IF($M36=0,0,(IF(MOD(($I36-C$1),$M36)=0,$G36,0))),0) -> 0 | D4: =IF(D$1>=$I36,IF($M36=0,0,(IF(MOD(($I36-D$1),$M36)=0,$G36,0))),0) -> 0 | E4: =IF(E$1>=$I36,IF($M36=0,0,(IF(MOD(($I36-E$1),$M36)=0,$G36,0))),0) -> 0 | F4: =IF(F$1>=$I36,IF($M36=0,0,(IF(MOD(($I36-F$1),$M36)=0,$G36,0))),0) -> 0 | G4: =IF(G$1>=$I36,IF($M36=0,0,(IF(MOD(($I36-G$1),$M36)=0,$G36,0))),0) -> 0 | H4: =IF(H$1>=$I36,IF($M36=0,0,(IF(MOD(($I36-H$1),$M36)=0,$G36,0))),0) -> 0 | I4: =IF(I$1>=$I36,IF($M36=0,0,(IF(MOD(($I36-I$1),$M36)=0,$G36,0))),0) -> 0 | J4: =IF(J$1>=$I36,IF($M36=0,0,(IF(MOD(($I36-J$1),$M36)=0,$G36,0))),0) -> 0 | ... X4: =IF(X$1>=$I36,IF($M36=0,0,(IF(MOD(($I36-X$1),$M36)=0,$G36,0))),0) -> 0 | Y4: =SUM(C4:X4) -> 0
A5: =A37 -> #N/A | B5: =B37 -> 0 | C5: =IF(C$1>=$I37,IF($M37=0,0,(IF(MOD(($I37-C$1),$M37)=0,$G37,0))),0) -> 0 | D5: =IF(D$1>=$I37,IF($M37=0,0,(IF(MOD(($I37-D$1),$M37)=0,$G37,0))),0) -> 0 | E5: =IF(E$1>=$I37,IF($M37=0,0,(IF(MOD(($I37-E$1),$M37)=0,$G37,0))),0) -> 0 | F5: =IF(F$1>=$I37,IF($M37=0,0,(IF(MOD(($I37-F$1),$M37)=0,$G37,0))),0) -> 0 | G5: =IF(G$1>=$I37,IF($M37=0,0,(IF(MOD(($I37-G$1),$M37)=0,$G37,0))),0) -> 0 | H5: =IF(H$1>=$I37,IF($M37=0,0,(IF(MOD(($I37-H$1),$M37)=0,$G37,0))),0) -> 0 | I5: =IF(I$1>=$I37,IF($M37=0,0,(IF(MOD(($I37-I$1),$M37)=0,$G37,0))),0) -> 0 | J5: =IF(J$1>=$I37,IF($M37=0,0,(IF(MOD(($I37-J$1),$M37)=0,$G37,0))),0) -> 0 | ... X5: =IF(X$1>=$I37,IF($M37=0,0,(IF(MOD(($I37-X$1),$M37)=0,$G37,0))),0) -> 0 | Y5: =SUM(C5:X5) -> 0
A6: =A38 -> #N/A | B6: =B38 -> 0 | C6: =IF(C$1>=$I38,IF($M38=0,0,(IF(MOD(($I38-C$1),$M38)=0,$G38,0))),0) -> 0 | D6: =IF(D$1>=$I38,IF($M38=0,0,(IF(MOD(($I38-D$1),$M38)=0,$G38,0))),0) -> 0 | E6: =IF(E$1>=$I38,IF($M38=0,0,(IF(MOD(($I38-E$1),$M38)=0,$G38,0))),0) -> 0 | F6: =IF(F$1>=$I38,IF($M38=0,0,(IF(MOD(($I38-F$1),$M38)=0,$G38,0))),0) -> 0 | G6: =IF(G$1>=$I38,IF($M38=0,0,(IF(MOD(($I38-G$1),$M38)=0,$G38,0))),0) -> 0 | H6: =IF(H$1>=$I38,IF($M38=0,0,(IF(MOD(($I38-H$1),$M38)=0,$G38,0))),0) -> 0 | I6: =IF(I$1>=$I38,IF($M38=0,0,(IF(MOD(($I38-I$1),$M38)=0,$G38,0))),0) -> 0 | J6: =IF(J$1>=$I38,IF($M38=0,0,(IF(MOD(($I38-J$1),$M38)=0,$G38,0))),0) -> 0 | ... X6: =IF(X$1>=$I38,IF($M38=0,0,(IF(MOD(($I38-X$1),$M38)=0,$G38,0))),0) -> 0 | Y6: =SUM(C6:X6) -> 0
A7: =A39 -> #N/A | B7: =B39 -> 0 | C7: =IF(C$1>=$I39,IF($M39=0,0,(IF(MOD(($I39-C$1),$M39)=0,$G39,0))),0) -> 0 | D7: =IF(D$1>=$I39,IF($M39=0,0,(IF(MOD(($I39-D$1),$M39)=0,$G39,0))),0) -> 0 | E7: =IF(E$1>=$I39,IF($M39=0,0,(IF(MOD(($I39-E$1),$M39)=0,$G39,0))),0) -> 0 | F7: =IF(F$1>=$I39,IF($M39=0,0,(IF(MOD(($I39-F$1),$M39)=0,$G39,0))),0) -> 0 | G7: =IF(G$1>=$I39,IF($M39=0,0,(IF(MOD(($I39-G$1),$M39)=0,$G39,0))),0) -> 0 | H7: =IF(H$1>=$I39,IF($M39=0,0,(IF(MOD(($I39-H$1),$M39)=0,$G39,0))),0) -> 0 | I7: =IF(I$1>=$I39,IF($M39=0,0,(IF(MOD(($I39-I$1),$M39)=0,$G39,0))),0) -> 0 | J7: =IF(J$1>=$I39,IF($M39=0,0,(IF(MOD(($I39-J$1),$M39)=0,$G39,0))),0) -> 0 | ... X7: =IF(X$1>=$I39,IF($M39=0,0,(IF(MOD(($I39-X$1),$M39)=0,$G39,0))),0) -> 0 | Y7: =SUM(C7:X7) -> 0
A8: =A40 -> #N/A | B8: =B40 -> 0 | C8: =IF(C$1>=$I40,IF($M40=0,0,(IF(MOD(($I40-C$1),$M40)=0,$G40,0))),0) -> 0 | D8: =IF(D$1>=$I40,IF($M40=0,0,(IF(MOD(($I40-D$1),$M40)=0,$G40,0))),0) -> 0 | E8: =IF(E$1>=$I40,IF($M40=0,0,(IF(MOD(($I40-E$1),$M40)=0,$G40,0))),0) -> 0 | F8: =IF(F$1>=$I40,IF($M40=0,0,(IF(MOD(($I40-F$1),$M40)=0,$G40,0))),0) -> 0 | G8: =IF(G$1>=$I40,IF($M40=0,0,(IF(MOD(($I40-G$1),$M40)=0,$G40,0))),0) -> 0 | H8: =IF(H$1>=$I40,IF($M40=0,0,(IF(MOD(($I40-H$1),$M40)=0,$G40,0))),0) -> 0 | I8: =IF(I$1>=$I40,IF($M40=0,0,(IF(MOD(($I40-I$1),$M40)=0,$G40,0))),0) -> 0 | J8: =IF(J$1>=$I40,IF($M40=0,0,(IF(MOD(($I40-J$1),$M40)=0,$G40,0))),0) -> 0 | ... X8: =IF(X$1>=$I40,IF($M40=0,0,(IF(MOD(($I40-X$1),$M40)=0,$G40,0))),0) -> 0 | Y8: =SUM(C8:X8) -> 0
A9: =A41 -> #N/A | B9: =B41 -> 0 | C9: =IF(C$1>=$I41,IF($M41=0,0,(IF(MOD(($I41-C$1),$M41)=0,$G41,0))),0) -> 0 | D9: =IF(D$1>=$I41,IF($M41=0,0,(IF(MOD(($I41-D$1),$M41)=0,$G41,0))),0) -> 0 | E9: =IF(E$1>=$I41,IF($M41=0,0,(IF(MOD(($I41-E$1),$M41)=0,$G41,0))),0) -> 0 | F9: =IF(F$1>=$I41,IF($M41=0,0,(IF(MOD(($I41-F$1),$M41)=0,$G41,0))),0) -> 0 | G9: =IF(G$1>=$I41,IF($M41=0,0,(IF(MOD(($I41-G$1),$M41)=0,$G41,0))),0) -> 0 | H9: =IF(H$1>=$I41,IF($M41=0,0,(IF(MOD(($I41-H$1),$M41)=0,$G41,0))),0) -> 0 | I9: =IF(I$1>=$I41,IF($M41=0,0,(IF(MOD(($I41-I$1),$M41)=0,$G41,0))),0) -> 0 | J9: =IF(J$1>=$I41,IF($M41=0,0,(IF(MOD(($I41-J$1),$M41)=0,$G41,0))),0) -> 0 | ... X9: =IF(X$1>=$I41,IF($M41=0,0,(IF(MOD(($I41-X$1),$M41)=0,$G41,0))),0) -> 0 | Y9: =SUM(C9:X9) -> 0
B10: =B42 -> Indv. Vedligehold
A11: =A43 -> #N/A | B11: =B43 -> 0 | C11: =IF(C$1>=$I43,IF($M43=0,0,(IF(MOD(($I43-C$1),$M43)=0,$G43,0))),0) -> 0 | D11: =IF(D$1>=$I43,IF($M43=0,0,(IF(MOD(($I43-D$1),$M43)=0,$G43,0))),0) -> 0 | E11: =IF(E$1>=$I43,IF($M43=0,0,(IF(MOD(($I43-E$1),$M43)=0,$G43,0))),0) -> 0 | F11: =IF(F$1>=$I43,IF($M43=0,0,(IF(MOD(($I43-F$1),$M43)=0,$G43,0))),0) -> 0 | G11: =IF(G$1>=$I43,IF($M43=0,0,(IF(MOD(($I43-G$1),$M43)=0,$G43,0))),0) -> 0 | H11: =IF(H$1>=$I43,IF($M43=0,0,(IF(MOD(($I43-H$1),$M43)=0,$G43,0))),0) -> 0 | I11: =IF(I$1>=$I43,IF($M43=0,0,(IF(MOD(($I43-I$1),$M43)=0,$G43,0))),0) -> 0 | J11: =IF(J$1>=$I43,IF($M43=0,0,(IF(MOD(($I43-J$1),$M43)=0,$G43,0))),0) -> 0 | ... X11: =IF(X$1>=$I43,IF($M43=0,0,(IF(MOD(($I43-X$1),$M43)=0,$G43,0))),0) -> 0 | Y11: =SUM(C11:X11) -> 0
A12: =A44 -> #N/A | B12: =B44 -> 0 | C12: =IF(C$1>=$I44,IF($M44=0,0,(IF(MOD(($I44-C$1),$M44)=0,$G44,0))),0) -> 0 | D12: =IF(D$1>=$I44,IF($M44=0,0,(IF(MOD(($I44-D$1),$M44)=0,$G44,0))),0) -> 0 | E12: =IF(E$1>=$I44,IF($M44=0,0,(IF(MOD(($I44-E$1),$M44)=0,$G44,0))),0) -> 0 | F12: =IF(F$1>=$I44,IF($M44=0,0,(IF(MOD(($I44-F$1),$M44)=0,$G44,0))),0) -> 0 | G12: =IF(G$1>=$I44,IF($M44=0,0,(IF(MOD(($I44-G$1),$M44)=0,$G44,0))),0) -> 0 | H12: =IF(H$1>=$I44,IF($M44=0,0,(IF(MOD(($I44-H$1),$M44)=0,$G44,0))),0) -> 0 | I12: =IF(I$1>=$I44,IF($M44=0,0,(IF(MOD(($I44-I$1),$M44)=0,$G44,0))),0) -> 0 | J12: =IF(J$1>=$I44,IF($M44=0,0,(IF(MOD(($I44-J$1),$M44)=0,$G44,0))),0) -> 0 | ... X12: =IF(X$1>=$I44,IF($M44=0,0,(IF(MOD(($I44-X$1),$M44)=0,$G44,0))),0) -> 0 | Y12: =SUM(C12:X12) -> 0
A13: =A45 -> #N/A | B13: =B45 -> 0 | C13: =IF(C$1>=$I45,IF($M45=0,0,(IF(MOD(($I45-C$1),$M45)=0,$G45,0))),0) -> 0 | D13: =IF(D$1>=$I45,IF($M45=0,0,(IF(MOD(($I45-D$1),$M45)=0,$G45,0))),0) -> 0 | E13: =IF(E$1>=$I45,IF($M45=0,0,(IF(MOD(($I45-E$1),$M45)=0,$G45,0))),0) -> 0 | F13: =IF(F$1>=$I45,IF($M45=0,0,(IF(MOD(($I45-F$1),$M45)=0,$G45,0))),0) -> 0 | G13: =IF(G$1>=$I45,IF($M45=0,0,(IF(MOD(($I45-G$1),$M45)=0,$G45,0))),0) -> 0 | H13: =IF(H$1>=$I45,IF($M45=0,0,(IF(MOD(($I45-H$1),$M45)=0,$G45,0))),0) -> 0 | I13: =IF(I$1>=$I45,IF($M45=0,0,(IF(MOD(($I45-I$1),$M45)=0,$G45,0))),0) -> 0 | J13: =IF(J$1>=$I45,IF($M45=0,0,(IF(MOD(($I45-J$1),$M45)=0,$G45,0))),0) -> 0 | ... X13: =IF(X$1>=$I45,IF($M45=0,0,(IF(MOD(($I45-X$1),$M45)=0,$G45,0))),0) -> 0 | Y13: =SUM(C13:X13) -> 0
A14: =A46 -> #N/A | B14: =B46 -> 0 | C14: =IF(C$1>=$I46,IF($M46=0,0,(IF(MOD(($I46-C$1),$M46)=0,$G46,0))),0) -> 0 | D14: =IF(D$1>=$I46,IF($M46=0,0,(IF(MOD(($I46-D$1),$M46)=0,$G46,0))),0) -> 0 | E14: =IF(E$1>=$I46,IF($M46=0,0,(IF(MOD(($I46-E$1),$M46)=0,$G46,0))),0) -> 0 | F14: =IF(F$1>=$I46,IF($M46=0,0,(IF(MOD(($I46-F$1),$M46)=0,$G46,0))),0) -> 0 | G14: =IF(G$1>=$I46,IF($M46=0,0,(IF(MOD(($I46-G$1),$M46)=0,$G46,0))),0) -> 0 | H14: =IF(H$1>=$I46,IF($M46=0,0,(IF(MOD(($I46-H$1),$M46)=0,$G46,0))),0) -> 0 | I14: =IF(I$1>=$I46,IF($M46=0,0,(IF(MOD(($I46-I$1),$M46)=0,$G46,0))),0) -> 0 | J14: =IF(J$1>=$I46,IF($M46=0,0,(IF(MOD(($I46-J$1),$M46)=0,$G46,0))),0) -> 0 | ... X14: =IF(X$1>=$I46,IF($M46=0,0,(IF(MOD(($I46-X$1),$M46)=0,$G46,0))),0) -> 0 | Y14: =SUM(C14:X14) -> 0
A15: =A47 -> #N/A | B15: =B47 -> 0 | C15: =IF(C$1>=$I47,IF($M47=0,0,(IF(MOD(($I47-C$1),$M47)=0,$G47,0))),0) -> 0 | D15: =IF(D$1>=$I47,IF($M47=0,0,(IF(MOD(($I47-D$1),$M47)=0,$G47,0))),0) -> 0 | E15: =IF(E$1>=$I47,IF($M47=0,0,(IF(MOD(($I47-E$1),$M47)=0,$G47,0))),0) -> 0 | F15: =IF(F$1>=$I47,IF($M47=0,0,(IF(MOD(($I47-F$1),$M47)=0,$G47,0))),0) -> 0 | G15: =IF(G$1>=$I47,IF($M47=0,0,(IF(MOD(($I47-G$1),$M47)=0,$G47,0))),0) -> 0 | H15: =IF(H$1>=$I47,IF($M47=0,0,(IF(MOD(($I47-H$1),$M47)=0,$G47,0))),0) -> 0 | I15: =IF(I$1>=$I47,IF($M47=0,0,(IF(MOD(($I47-I$1),$M47)=0,$G47,0))),0) -> 0 | J15: =IF(J$1>=$I47,IF($M47=0,0,(IF(MOD(($I47-J$1),$M47)=0,$G47,0))),0) -> 0 | ... X15: =IF(X$1>=$I47,IF($M47=0,0,(IF(MOD(($I47-X$1),$M47)=0,$G47,0))),0) -> 0 | Y15: =SUM(C15:X15) -> 0
A16: =A48 -> #N/A | B16: =B48 -> 0 | C16: =IF(C$1>=$I48,IF($M48=0,0,(IF(MOD(($I48-C$1),$M48)=0,$G48,0))),0) -> 0 | D16: =IF(D$1>=$I48,IF($M48=0,0,(IF(MOD(($I48-D$1),$M48)=0,$G48,0))),0) -> 0 | E16: =IF(E$1>=$I48,IF($M48=0,0,(IF(MOD(($I48-E$1),$M48)=0,$G48,0))),0) -> 0 | F16: =IF(F$1>=$I48,IF($M48=0,0,(IF(MOD(($I48-F$1),$M48)=0,$G48,0))),0) -> 0 | G16: =IF(G$1>=$I48,IF($M48=0,0,(IF(MOD(($I48-G$1),$M48)=0,$G48,0))),0) -> 0 | H16: =IF(H$1>=$I48,IF($M48=0,0,(IF(MOD(($I48-H$1),$M48)=0,$G48,0))),0) -> 0 | I16: =IF(I$1>=$I48,IF($M48=0,0,(IF(MOD(($I48-I$1),$M48)=0,$G48,0))),0) -> 0 | J16: =IF(J$1>=$I48,IF($M48=0,0,(IF(MOD(($I48-J$1),$M48)=0,$G48,0))),0) -> 0 | ... X16: =IF(X$1>=$I48,IF($M48=0,0,(IF(MOD(($I48-X$1),$M48)=0,$G48,0))),0) -> 0 | Y16: =SUM(C16:X16) -> 0
A17: =A49 -> #N/A | B17: =B49 -> 0 | C17: =IF(C$1>=$I49,IF($M49=0,0,(IF(MOD(($I49-C$1),$M49)=0,$G49,0))),0) -> 0 | D17: =IF(D$1>=$I49,IF($M49=0,0,(IF(MOD(($I49-D$1),$M49)=0,$G49,0))),0) -> 0 | E17: =IF(E$1>=$I49,IF($M49=0,0,(IF(MOD(($I49-E$1),$M49)=0,$G49,0))),0) -> 0 | F17: =IF(F$1>=$I49,IF($M49=0,0,(IF(MOD(($I49-F$1),$M49)=0,$G49,0))),0) -> 0 | G17: =IF(G$1>=$I49,IF($M49=0,0,(IF(MOD(($I49-G$1),$M49)=0,$G49,0))),0) -> 0 | H17: =IF(H$1>=$I49,IF($M49=0,0,(IF(MOD(($I49-H$1),$M49)=0,$G49,0))),0) -> 0 | I17: =IF(I$1>=$I49,IF($M49=0,0,(IF(MOD(($I49-I$1),$M49)=0,$G49,0))),0) -> 0 | J17: =IF(J$1>=$I49,IF($M49=0,0,(IF(MOD(($I49-J$1),$M49)=0,$G49,0))),0) -> 0 | ... X17: =IF(X$1>=$I49,IF($M49=0,0,(IF(MOD(($I49-X$1),$M49)=0,$G49,0))),0) -> 0 | Y17: =SUM(C17:X17) -> 0
B18: =B50 -> Tekniske Installationer
A19: =A51 -> #N/A | B19: =B51 -> 0 | C19: =IF(C$1>=$I51,IF($M51=0,0,(IF(MOD(($I51-C$1),$M51)=0,$G51,0))),0) -> 0 | D19: =IF(D$1>=$I51,IF($M51=0,0,(IF(MOD(($I51-D$1),$M51)=0,$G51,0))),0) -> 0 | E19: =IF(E$1>=$I51,IF($M51=0,0,(IF(MOD(($I51-E$1),$M51)=0,$G51,0))),0) -> 0 | F19: =IF(F$1>=$I51,IF($M51=0,0,(IF(MOD(($I51-F$1),$M51)=0,$G51,0))),0) -> 0 | G19: =IF(G$1>=$I51,IF($M51=0,0,(IF(MOD(($I51-G$1),$M51)=0,$G51,0))),0) -> 0 | H19: =IF(H$1>=$I51,IF($M51=0,0,(IF(MOD(($I51-H$1),$M51)=0,$G51,0))),0) -> 0 | I19: =IF(I$1>=$I51,IF($M51=0,0,(IF(MOD(($I51-I$1),$M51)=0,$G51,0))),0) -> 0 | J19: =IF(J$1>=$I51,IF($M51=0,0,(IF(MOD(($I51-J$1),$M51)=0,$G51,0))),0) -> 0 | ... X19: =IF(X$1>=$I51,IF($M51=0,0,(IF(MOD(($I51-X$1),$M51)=0,$G51,0))),0) -> 0 | Y19: =SUM(C19:X19) -> 0
A20: =A52 -> #N/A | B20: =B52 -> 0 | C20: =IF(C$1>=$I52,IF($M52=0,0,(IF(MOD(($I52-C$1),$M52)=0,$G52,0))),0) -> 0 | D20: =IF(D$1>=$I52,IF($M52=0,0,(IF(MOD(($I52-D$1),$M52)=0,$G52,0))),0) -> 0 | E20: =IF(E$1>=$I52,IF($M52=0,0,(IF(MOD(($I52-E$1),$M52)=0,$G52,0))),0) -> 0 | F20: =IF(F$1>=$I52,IF($M52=0,0,(IF(MOD(($I52-F$1),$M52)=0,$G52,0))),0) -> 0 | G20: =IF(G$1>=$I52,IF($M52=0,0,(IF(MOD(($I52-G$1),$M52)=0,$G52,0))),0) -> 0 | H20: =IF(H$1>=$I52,IF($M52=0,0,(IF(MOD(($I52-H$1),$M52)=0,$G52,0))),0) -> 0 | I20: =IF(I$1>=$I52,IF($M52=0,0,(IF(MOD(($I52-I$1),$M52)=0,$G52,0))),0) -> 0 | J20: =IF(J$1>=$I52,IF($M52=0,0,(IF(MOD(($I52-J$1),$M52)=0,$G52,0))),0) -> 0 | ... X20: =IF(X$1>=$I52,IF($M52=0,0,(IF(MOD(($I52-X$1),$M52)=0,$G52,0))),0) -> 0 | Y20: =SUM(C20:X20) -> 0
A21: =A53 -> #N/A | B21: =B53 -> 0 | C21: =IF(C$1>=$I53,IF($M53=0,0,(IF(MOD(($I53-C$1),$M53)=0,$G53,0))),0) -> 0 | D21: =IF(D$1>=$I53,IF($M53=0,0,(IF(MOD(($I53-D$1),$M53)=0,$G53,0))),0) -> 0 | E21: =IF(E$1>=$I53,IF($M53=0,0,(IF(MOD(($I53-E$1),$M53)=0,$G53,0))),0) -> 0 | F21: =IF(F$1>=$I53,IF($M53=0,0,(IF(MOD(($I53-F$1),$M53)=0,$G53,0))),0) -> 0 | G21: =IF(G$1>=$I53,IF($M53=0,0,(IF(MOD(($I53-G$1),$M53)=0,$G53,0))),0) -> 0 | H21: =IF(H$1>=$I53,IF($M53=0,0,(IF(MOD(($I53-H$1),$M53)=0,$G53,0))),0) -> 0 | I21: =IF(I$1>=$I53,IF($M53=0,0,(IF(MOD(($I53-I$1),$M53)=0,$G53,0))),0) -> 0 | J21: =IF(J$1>=$I53,IF($M53=0,0,(IF(MOD(($I53-J$1),$M53)=0,$G53,0))),0) -> 0 | ... X21: =IF(X$1>=$I53,IF($M53=0,0,(IF(MOD(($I53-X$1),$M53)=0,$G53,0))),0) -> 0 | Y21: =SUM(C21:X21) -> 0
B22: =B54 -> Sikringsanlæg
A23: =A55 -> #N/A | B23: =B55 -> 0 | C23: =IF(C$1>=$I55,IF($M55=0,0,(IF(MOD(($I55-C$1),$M55)=0,$G55,0))),0) -> 0 | D23: =IF(D$1>=$I55,IF($M55=0,0,(IF(MOD(($I55-D$1),$M55)=0,$G55,0))),0) -> 0 | E23: =IF(E$1>=$I55,IF($M55=0,0,(IF(MOD(($I55-E$1),$M55)=0,$G55,0))),0) -> 0 | F23: =IF(F$1>=$I55,IF($M55=0,0,(IF(MOD(($I55-F$1),$M55)=0,$G55,0))),0) -> 0 | G23: =IF(G$1>=$I55,IF($M55=0,0,(IF(MOD(($I55-G$1),$M55)=0,$G55,0))),0) -> 0 | H23: =IF(H$1>=$I55,IF($M55=0,0,(IF(MOD(($I55-H$1),$M55)=0,$G55,0))),0) -> 0 | I23: =IF(I$1>=$I55,IF($M55=0,0,(IF(MOD(($I55-I$1),$M55)=0,$G55,0))),0) -> 0 | J23: =IF(J$1>=$I55,IF($M55=0,0,(IF(MOD(($I55-J$1),$M55)=0,$G55,0))),0) -> 0 | ... X23: =IF(X$1>=$I55,IF($M55=0,0,(IF(MOD(($I55-X$1),$M55)=0,$G55,0))),0) -> 0 | Y23: =SUM(C23:X23) -> 0
A24: =A56 -> #N/A | B24: =B56 -> 0 | C24: =IF(C$1>=$I56,IF($M56=0,0,(IF(MOD(($I56-C$1),$M56)=0,$G56,0))),0) -> 0 | D24: =IF(D$1>=$I56,IF($M56=0,0,(IF(MOD(($I56-D$1),$M56)=0,$G56,0))),0) -> 0 | E24: =IF(E$1>=$I56,IF($M56=0,0,(IF(MOD(($I56-E$1),$M56)=0,$G56,0))),0) -> 0 | F24: =IF(F$1>=$I56,IF($M56=0,0,(IF(MOD(($I56-F$1),$M56)=0,$G56,0))),0) -> 0 | G24: =IF(G$1>=$I56,IF($M56=0,0,(IF(MOD(($I56-G$1),$M56)=0,$G56,0))),0) -> 0 | H24: =IF(H$1>=$I56,IF($M56=0,0,(IF(MOD(($I56-H$1),$M56)=0,$G56,0))),0) -> 0 | I24: =IF(I$1>=$I56,IF($M56=0,0,(IF(MOD(($I56-I$1),$M56)=0,$G56,0))),0) -> 0 | J24: =IF(J$1>=$I56,IF($M56=0,0,(IF(MOD(($I56-J$1),$M56)=0,$G56,0))),0) -> 0 | ... X24: =IF(X$1>=$I56,IF($M56=0,0,(IF(MOD(($I56-X$1),$M56)=0,$G56,0))),0) -> 0 | Y24: =SUM(C24:X24) -> 0
A25: =A57 -> #N/A | B25: =B57 -> 0 | C25: =IF(C$1>=$I57,IF($M57=0,0,(IF(MOD(($I57-C$1),$M57)=0,$G57,0))),0) -> 0 | D25: =IF(D$1>=$I57,IF($M57=0,0,(IF(MOD(($I57-D$1),$M57)=0,$G57,0))),0) -> 0 | E25: =IF(E$1>=$I57,IF($M57=0,0,(IF(MOD(($I57-E$1),$M57)=0,$G57,0))),0) -> 0 | F25: =IF(F$1>=$I57,IF($M57=0,0,(IF(MOD(($I57-F$1),$M57)=0,$G57,0))),0) -> 0 | G25: =IF(G$1>=$I57,IF($M57=0,0,(IF(MOD(($I57-G$1),$M57)=0,$G57,0))),0) -> 0 | H25: =IF(H$1>=$I57,IF($M57=0,0,(IF(MOD(($I57-H$1),$M57)=0,$G57,0))),0) -> 0 | I25: =IF(I$1>=$I57,IF($M57=0,0,(IF(MOD(($I57-I$1),$M57)=0,$G57,0))),0) -> 0 | J25: =IF(J$1>=$I57,IF($M57=0,0,(IF(MOD(($I57-J$1),$M57)=0,$G57,0))),0) -> 0 | ... X25: =IF(X$1>=$I57,IF($M57=0,0,(IF(MOD(($I57-X$1),$M57)=0,$G57,0))),0) -> 0 | Y25: =SUM(C25:X25) -> 0
B26: =B58 -> Andet
A27: =A59 -> #N/A | B27: =B59 -> 0 | C27: =IF(C$1>=$I59,IF($M59=0,0,(IF(MOD(($I59-C$1),$M59)=0,$G59,0))),0) -> 0 | D27: =IF(D$1>=$I59,IF($M59=0,0,(IF(MOD(($I59-D$1),$M59)=0,$G59,0))),0) -> 0 | E27: =IF(E$1>=$I59,IF($M59=0,0,(IF(MOD(($I59-E$1),$M59)=0,$G59,0))),0) -> 0 | F27: =IF(F$1>=$I59,IF($M59=0,0,(IF(MOD(($I59-F$1),$M59)=0,$G59,0))),0) -> 0 | G27: =IF(G$1>=$I59,IF($M59=0,0,(IF(MOD(($I59-G$1),$M59)=0,$G59,0))),0) -> 0 | H27: =IF(H$1>=$I59,IF($M59=0,0,(IF(MOD(($I59-H$1),$M59)=0,$G59,0))),0) -> 0 | I27: =IF(I$1>=$I59,IF($M59=0,0,(IF(MOD(($I59-I$1),$M59)=0,$G59,0))),0) -> 0 | J27: =IF(J$1>=$I59,IF($M59=0,0,(IF(MOD(($I59-J$1),$M59)=0,$G59,0))),0) -> 0 | ... X27: =IF(X$1>=$I59,IF($M59=0,0,(IF(MOD(($I59-X$1),$M59)=0,$G59,0))),0) -> 0 | Y27: =SUM(C27:X27) -> 0
A28: =A60 -> #N/A | B28: =B60 -> 0 | C28: =IF(C$1>=$I60,IF($M60=0,0,(IF(MOD(($I60-C$1),$M60)=0,$G60,0))),0) -> 0 | D28: =IF(D$1>=$I60,IF($M60=0,0,(IF(MOD(($I60-D$1),$M60)=0,$G60,0))),0) -> 0 | E28: =IF(E$1>=$I60,IF($M60=0,0,(IF(MOD(($I60-E$1),$M60)=0,$G60,0))),0) -> 0 | F28: =IF(F$1>=$I60,IF($M60=0,0,(IF(MOD(($I60-F$1),$M60)=0,$G60,0))),0) -> 0 | G28: =IF(G$1>=$I60,IF($M60=0,0,(IF(MOD(($I60-G$1),$M60)=0,$G60,0))),0) -> 0 | H28: =IF(H$1>=$I60,IF($M60=0,0,(IF(MOD(($I60-H$1),$M60)=0,$G60,0))),0) -> 0 | I28: =IF(I$1>=$I60,IF($M60=0,0,(IF(MOD(($I60-I$1),$M60)=0,$G60,0))),0) -> 0 | J28: =IF(J$1>=$I60,IF($M60=0,0,(IF(MOD(($I60-J$1),$M60)=0,$G60,0))),0) -> 0 | ... X28: =IF(X$1>=$I60,IF($M60=0,0,(IF(MOD(($I60-X$1),$M60)=0,$G60,0))),0) -> 0 | Y28: =SUM(C28:X28) -> 0
A29: =A61 -> #N/A | B29: =B61 -> 0 | C29: =IF(C$1>=$I61,IF($M61=0,0,(IF(MOD(($I61-C$1),$M61)=0,$G61,0))),0) -> 0 | D29: =IF(D$1>=$I61,IF($M61=0,0,(IF(MOD(($I61-D$1),$M61)=0,$G61,0))),0) -> 0 | E29: =IF(E$1>=$I61,IF($M61=0,0,(IF(MOD(($I61-E$1),$M61)=0,$G61,0))),0) -> 0 | F29: =IF(F$1>=$I61,IF($M61=0,0,(IF(MOD(($I61-F$1),$M61)=0,$G61,0))),0) -> 0 | G29: =IF(G$1>=$I61,IF($M61=0,0,(IF(MOD(($I61-G$1),$M61)=0,$G61,0))),0) -> 0 | H29: =IF(H$1>=$I61,IF($M61=0,0,(IF(MOD(($I61-H$1),$M61)=0,$G61,0))),0) -> 0 | I29: =IF(I$1>=$I61,IF($M61=0,0,(IF(MOD(($I61-I$1),$M61)=0,$G61,0))),0) -> 0 | J29: =IF(J$1>=$I61,IF($M61=0,0,(IF(MOD(($I61-J$1),$M61)=0,$G61,0))),0) -> 0 | ... X29: =IF(X$1>=$I61,IF($M61=0,0,(IF(MOD(($I61-X$1),$M61)=0,$G61,0))),0) -> 0 | Y29: =SUM(C29:X29) -> 0
B30: Total pr år | C30: =SUM(C3:C26) -> 0 | D30: =SUM(D3:D26) -> 0 | E30: =SUM(E3:E26) -> 0 | F30: =SUM(F3:F26) -> 0 | G30: =SUM(G3:G26) -> 0 | H30: =SUM(H3:H26) -> 0 | I30: =SUM(I3:I26) -> 0 | J30: =SUM(J3:J26) -> 0 | ... Y30: =SUM(Y3:Y26) -> 0
C32: Mængde | D32: Enhed | E32: Enhedspris | G32: Samlet udgift | I32: Tidligste udførelse | K32: Senest udførelse | M32: Interval | O32: Pris kvalitet | Q32: Karakter | T32: Bemærkninger
B33: Udv. Vedligehold
B34: Generelt:
A35: =VLOOKUP(B35,Priskatalog!A:J,10,FALSE) -> #N/A | G35: =C35*E35 -> 0 | N35: år
A36: =VLOOKUP(B36,Priskatalog!A:J,10,FALSE) -> #N/A | G36: =C36*E36 -> 0 | N36: år
A37: =VLOOKUP(B37,Priskatalog!A:J,10,FALSE) -> #N/A | G37: =C37*E37 -> 0 | N37: år
A38: =VLOOKUP(B38,Priskatalog!A:J,10,FALSE) -> #N/A | G38: =C38*E38 -> 0 | N38: år
A39: =VLOOKUP(B39,Priskatalog!A:J,10,FALSE) -> #N/A | G39: =C39*E39 -> 0 | N39: år
A40: =VLOOKUP(B40,Priskatalog!A:J,10,FALSE) -> #N/A | G40: =C40*E40 -> 0 | N40: år
A41: =VLOOKUP(B41,Priskatalog!A:J,10,FALSE) -> #N/A | G41: =C41*E41 -> 0 | N41: år
B42: Indv. Vedligehold
A43: =VLOOKUP(B43,Priskatalog!A:J,10,FALSE) -> #N/A | G43: =C43*E43 -> 0 | N43: år
A44: =VLOOKUP(B44,Priskatalog!A:J,10,FALSE) -> #N/A | G44: =C44*E44 -> 0 | N44: år
A45: =VLOOKUP(B45,Priskatalog!A:J,10,FALSE) -> #N/A | G45: =C45*E45 -> 0 | N45: år
A46: =VLOOKUP(B46,Priskatalog!A:J,10,FALSE) -> #N/A | G46: =C46*E46 -> 0 | N46: år
A47: =VLOOKUP(B47,Priskatalog!A:J,10,FALSE) -> #N/A | G47: =C47*E47 -> 0 | N47: år
A48: =VLOOKUP(B48,Priskatalog!A:J,10,FALSE) -> #N/A | G48: =C48*E48 -> 0 | N48: år
A49: =VLOOKUP(B49,Priskatalog!A:J,10,FALSE) -> #N/A | G49: =C49*E49 -> 0 | N49: år
B50: Tekniske Installationer
A51: =VLOOKUP(B51,Priskatalog!A:J,10,FALSE) -> #N/A | G51: =C51*E51 -> 0 | N51: år
A52: =VLOOKUP(B52,Priskatalog!A:J,10,FALSE) -> #N/A | G52: =C52*E52 -> 0 | N52: år
A53: =VLOOKUP(B53,Priskatalog!A:J,10,FALSE) -> #N/A | G53: =C53*E53 -> 0 | N53: år
B54: Sikringsanlæg
A55: =VLOOKUP(B55,Priskatalog!A:J,10,FALSE) -> #N/A | G55: =C55*E55 -> 0 | N55: år
A56: =VLOOKUP(B56,Priskatalog!A:J,10,FALSE) -> #N/A | G56: =C56*E56 -> 0 | N56: år
A57: =VLOOKUP(B57,Priskatalog!A:J,10,FALSE) -> #N/A | G57: =C57*E57 -> 0 | N57: år
B58: Andet
A59: =VLOOKUP(B59,Priskatalog!A:J,10,FALSE) -> #N/A | G59: =C59*E59 -> 0 | N59: år
A60: =VLOOKUP(B60,Priskatalog!A:J,10,FALSE) -> #N/A | G60: =C60*E60 -> 0 | N60: år
A61: =VLOOKUP(B61,Priskatalog!A:J,10,FALSE) -> #N/A | G61: =C61*E61 -> 0 | N61: år

Sheet Ahornvænget 5
B1: Tilbage til årsoversigt | C1: 2024 | D1: 2025 | E1: 2026 | F1: 2027 | G1: 2028 | H1: 2029 | I1: 2030 | J1: 2031 | K1: 2032 | L1: 2033 | M1: 2034 | N1: 2035 | O1: 2036 | P1: 2037 | Q1: 2038 | R1: 2039 | S1: 2040 | T1: 2041 | U1: 2042 | V1: 2043 | W1: 2044 | X1: 2045 | Y1: Total
A2: SFB nr. | B2: Udv. Vedligehold
A3: =A80 -> 0 | B3: =B80 -> Generelt:
A4: =A81 -> 21 | B4: =B81 -> Facader, eftergang af murværk og fuger | C4: =IF(C$1>=$I81,IF($M81=0,0,(IF(MOD(($I81-C$1),$M81)=0,$G81,0))),0) -> 0 | D4: =IF(D$1>=$I81,IF($M81=0,0,(IF(MOD(($I81-D$1),$M81)=0,$G81,0))),0) -> 0 | E4: =IF(E$1>=$I81,IF($M81=0,0,(IF(MOD(($I81-E$1),$M81)=0,$G81,0))),0) -> 28000 | F4: =IF(F$1>=$I81,IF($M81=0,0,(IF(MOD(($I81-F$1),$M81)=0,$G81,0))),0) -> 0 | G4: =IF(G$1>=$I81,IF($M81=0,0,(IF(MOD(($I81-G$1),$M81)=0,$G81,0))),0) -> 28000 | H4: =IF(H$1>=$I81,IF($M81=0,0,(IF(MOD(($I81-H$1),$M81)=0,$G81,0))),0) -> 0 | I4: =IF(I$1>=$I81,IF($M81=0,0,(IF(MOD(($I81-I$1),$M81)=0,$G81,0))),0) -> 28000 | J4: =IF(J$1>=$I81,IF($M81=0,0,(IF(MOD(($I81-J$1),$M81)=0,$G81,0))),0) -> 0 | ... X4: =IF(X$1>=$I81,IF($M81=0,0,(IF(MOD(($I81-X$1),$M81)=0,$G81,0))),0) -> 0 | Y4: =SUM(C4:X4) -> 280000
A5: =A82 -> 41 | B5: =B82 -> Fundament, malerbehandling | C5: =IF(C$1>=$I82,IF($M82=0,0,(IF(MOD(($I82-C$1),$M82)=0,$G82,0))),0) -> 0 | D5: =IF(D$1>=$I82,IF($M82=0,0,(IF(MOD(($I82-D$1),$M82)=0,$G82,0))),0) -> 10000 | E5: =IF(E$1>=$I82,IF($M82=0,0,(IF(MOD(($I82-E$1),$M82)=0,$G82,0))),0) -> 0 | F5: =IF(F$1>=$I82,IF($M82=0,0,(IF(MOD(($I82-F$1),$M82)=0,$G82,0))),0) -> 10000 | G5: =IF(G$1>=$I82,IF($M82=0,0,(IF(MOD(($I82-G$1),$M82)=0,$G82,0))),0) -> 0 | H5: =IF(H$1>=$I82,IF($M82=0,0,(IF(MOD(($I82-H$1),$M82)=0,$G82,0))),0) -> 10000 | I5: =IF(I$1>=$I82,IF($M82=0,0,(IF(MOD(($I82-I$1),$M82)=0,$G82,0))),0) -> 0 | J5: =IF(J$1>=$I82,IF($M82=0,0,(IF(MOD(($I82-J$1),$M82)=0,$G82,0))),0) -> 10000 | ... X5: =IF(X$1>=$I82,IF($M82=0,0,(IF(MOD(($I82-X$1),$M82)=0,$G82,0))),0) -> 10000 | Y5: =SUM(C5:X5) -> 110000
A6: =A83 -> #N/A | B6: =B83 -> 0 | C6: =IF(C$1>=$I83,IF($M83=0,0,(IF(MOD(($I83-C$1),$M83)=0,$G83,0))),0) -> 0 | D6: =IF(D$1>=$I83,IF($M83=0,0,(IF(MOD(($I83-D$1),$M83)=0,$G83,0))),0) -> 0 | E6: =IF(E$1>=$I83,IF($M83=0,0,(IF(MOD(($I83-E$1),$M83)=0,$G83,0))),0) -> 0 | F6: =IF(F$1>=$I83,IF($M83=0,0,(IF(MOD(($I83-F$1),$M83)=0,$G83,0))),0) -> 0 | G6: =IF(G$1>=$I83,IF($M83=0,0,(IF(MOD(($I83-G$1),$M83)=0,$G83,0))),0) -> 0 | H6: =IF(H$1>=$I83,IF($M83=0,0,(IF(MOD(($I83-H$1),$M83)=0,$G83,0))),0) -> 0 | I6: =IF(I$1>=$I83,IF($M83=0,0,(IF(MOD(($I83-I$1),$M83)=0,$G83,0))),0) -> 0 | J6: =IF(J$1>=$I83,IF($M83=0,0,(IF(MOD(($I83-J$1),$M83)=0,$G83,0))),0) -> 0 | ... X6: =IF(X$1>=$I83,IF($M83=0,0,(IF(MOD(($I83-X$1),$M83)=0,$G83,0))),0) -> 0 | Y6: =SUM(C6:X6) -> 0
A7: =A84 -> #N/A | B7: =B84 -> 0 | C7: =IF(C$1>=$I84,IF($M84=0,0,(IF(MOD(($I84-C$1),$M84)=0,$G84,0))),0) -> 0 | D7: =IF(D$1>=$I84,IF($M84=0,0,(IF(MOD(($I84-D$1),$M84)=0,$G84,0))),0) -> 0 | E7: =IF(E$1>=$I84,IF($M84=0,0,(IF(MOD(($I84-E$1),$M84)=0,$G84,0))),0) -> 0 | F7: =IF(F$1>=$I84,IF($M84=0,0,(IF(MOD(($I84-F$1),$M84)=0,$G84,0))),0) -> 0 | G7: =IF(G$1>=$I84,IF($M84=0,0,(IF(MOD(($I84-G$1),$M84)=0,$G84,0))),0) -> 0 | H7: =IF(H$1>=$I84,IF($M84=0,0,(IF(MOD(($I84-H$1),$M84)=0,$G84,0))),0) -> 0 | I7: =IF(I$1>=$I84,IF($M84=0,0,(IF(MOD(($I84-I$1),$M84)=0,$G84,0))),0) -> 0 | J7: =IF(J$1>=$I84,IF($M84=0,0,(IF(MOD(($I84-J$1),$M84)=0,$G84,0))),0) -> 0 | ... X7: =IF(X$1>=$I84,IF($M84=0,0,(IF(MOD(($I84-X$1),$M84)=0,$G84,0))),0) -> 0 | Y7: =SUM(C7:X7) -> 0
A8: =A85 -> 0 | B8: =B85 -> Bygning 1 | C8: =IF(C$1>=$I85,IF($M85=0,0,(IF(MOD(($I85-C$1),$M85)=0,$G85,0))),0) -> 0 | D8: =IF(D$1>=$I85,IF($M85=0,0,(IF(MOD(($I85-D$1),$M85)=0,$G85,0))),0) -> 0 | E8: =IF(E$1>=$I85,IF($M85=0,0,(IF(MOD(($I85-E$1),$M85)=0,$G85,0))),0) -> 0 | F8: =IF(F$1>=$I85,IF($M85=0,0,(IF(MOD(($I85-F$1),$M85)=0,$G85,0))),0) -> 0 | G8: =IF(G$1>=$I85,IF($M85=0,0,(IF(MOD(($I85-G$1),$M85)=0,$G85,0))),0) -> 0 | H8: =IF(H$1>=$I85,IF($M85=0,0,(IF(MOD(($I85-H$1),$M85)=0,$G85,0))),0) -> 0 | I8: =IF(I$1>=$I85,IF($M85=0,0,(IF(MOD(($I85-I$1),$M85)=0,$G85,0))),0) -> 0 | J8: =IF(J$1>=$I85,IF($M85=0,0,(IF(MOD(($I85-J$1),$M85)=0,$G85,0))),0) -> 0 | ... X8: =IF(X$1>=$I85,IF($M85=0,0,(IF(MOD(($I85-X$1),$M85)=0,$G85,0))),0) -> 0 | Y8: =SUM(C8:X8) -> 0
A9: =A86 -> 37 | B9: =B86 -> Ovenlys, udskiftning - 60x60 | C9: =IF(C$1>=$I86,IF($M86=0,0,(IF(MOD(($I86-C$1),$M86)=0,$G86,0))),0) -> 0 | D9: =IF(D$1>=$I86,IF($M86=0,0,(IF(MOD(($I86-D$1),$M86)=0,$G86,0))),0) -> 0 | E9: =IF(E$1>=$I86,IF($M86=0,0,(IF(MOD(($I86-E$1),$M86)=0,$G86,0))),0) -> 0 | F9: =IF(F$1>=$I86,IF($M86=0,0,(IF(MOD(($I86-F$1),$M86)=0,$G86,0))),0) -> 0 | G9: =IF(G$1>=$I86,IF($M86=0,0,(IF(MOD(($I86-G$1),$M86)=0,$G86,0))),0) -> 0 | H9: =IF(H$1>=$I86,IF($M86=0,0,(IF(MOD(($I86-H$1),$M86)=0,$G86,0))),0) -> 0 | I9: =IF(I$1>=$I86,IF($M86=0,0,(IF(MOD(($I86-I$1),$M86)=0,$G86,0))),0) -> 0 | J9: =IF(J$1>=$I86,IF($M86=0,0,(IF(MOD(($I86-J$1),$M86)=0,$G86,0))),0) -> 0 | ... X9: =IF(X$1>=$I86,IF($M86=0,0,(IF(MOD(($I86-X$1),$M86)=0,$G86,0))),0) -> 0 | Y9: =SUM(C9:X9) -> 52000
A10: =A87 -> 31 | B10: =B87 -> Vinduer, udskiftning - gående | C10: =IF(C$1>=$I87,IF($M87=0,0,(IF(MOD(($I87-C$1),$M87)=0,$G87,0))),0) -> 0 | D10: =IF(D$1>=$I87,IF($M87=0,0,(IF(MOD(($I87-D$1),$M87)=0,$G87,0))),0) -> 0 | E10: =IF(E$1>=$I87,IF($M87=0,0,(IF(MOD(($I87-E$1),$M87)=0,$G87,0))),0) -> 0 | F10: =IF(F$1>=$I87,IF($M87=0,0,(IF(MOD(($I87-F$1),$M87)=0,$G87,0))),0) -> 0 | G10: =IF(G$1>=$I87,IF($M87=0,0,(IF(MOD(($I87-G$1),$M87)=0,$G87,0))),0) -> 0 | H10: =IF(H$1>=$I87,IF($M87=0,0,(IF(MOD(($I87-H$1),$M87)=0,$G87,0))),0) -> 47220 | I10: =IF(I$1>=$I87,IF($M87=0,0,(IF(MOD(($I87-I$1),$M87)=0,$G87,0))),0) -> 0 | J10: =IF(J$1>=$I87,IF($M87=0,0,(IF(MOD(($I87-J$1),$M87)=0,$G87,0))),0) -> 0 | ... X10: =IF(X$1>=$I87,IF($M87=0,0,(IF(MOD(($I87-X$1),$M87)=0,$G87,0))),0) -> 0 | Y10: =SUM(C10:X10) -> 47220
A11: =A88 -> 31 | B11: =B88 -> Døre, udskiftning - terrassedør | C11: =IF(C$1>=$I88,IF($M88=0,0,(IF(MOD(($I88-C$1),$M88)=0,$G88,0))),0) -> 0 | D11: =IF(D$1>=$I88,IF($M88=0,0,(IF(MOD(($I88-D$1),$M88)=0,$G88,0))),0) -> 0 | E11: =IF(E$1>=$I88,IF($M88=0,0,(IF(MOD(($I88-E$1),$M88)=0,$G88,0))),0) -> 0 | F11: =IF(F$1>=$I88,IF($M88=0,0,(IF(MOD(($I88-F$1),$M88)=0,$G88,0))),0) -> 0 | G11: =IF(G$1>=$I88,IF($M88=0,0,(IF(MOD(($I88-G$1),$M88)=0,$G88,0))),0) -> 0 | H11: =IF(H$1>=$I88,IF($M88=0,0,(IF(MOD(($I88-H$1),$M88)=0,$G88,0))),0) -> 0 | I11: =IF(I$1>=$I88,IF($M88=0,0,(IF(MOD(($I88-I$1),$M88)=0,$G88,0))),0) -> 21750 | J11: =IF(J$1>=$I88,IF($M88=0,0,(IF(MOD(($I88-J$1),$M88)=0,$G88,0))),0) -> 0 | ... X11: =IF(X$1>=$I88,IF($M88=0,0,(IF(MOD(($I88-X$1),$M88)=0,$G88,0))),0) -> 0 | Y11: =SUM(C11:X11) -> 21750
A12: =A89 -> 41 | B12: =B89 -> Facader, beklædning - eternit | C12: =IF(C$1>=$I89,IF($M89=0,0,(IF(MOD(($I89-C$1),$M89)=0,$G89,0))),0) -> 0 | D12: =IF(D$1>=$I89,IF($M89=0,0,(IF(MOD(($I89-D$1),$M89)=0,$G89,0))),0) -> 0 | E12: =IF(E$1>=$I89,IF($M89=0,0,(IF(MOD(($I89-E$1),$M89)=0,$G89,0))),0) -> 14000 | F12: =IF(F$1>=$I89,IF($M89=0,0,(IF(MOD(($I89-F$1),$M89)=0,$G89,0))),0) -> 0 | G12: =IF(G$1>=$I89,IF($M89=0,0,(IF(MOD(($I89-G$1),$M89)=0,$G89,0))),0) -> 0 | H12: =IF(H$1>=$I89,IF($M89=0,0,(IF(MOD(($I89-H$1),$M89)=0,$G89,0))),0) -> 0 | I12: =IF(I$1>=$I89,IF($M89=0,0,(IF(MOD(($I89-I$1),$M89)=0,$G89,0))),0) -> 0 | J12: =IF(J$1>=$I89,IF($M89=0,0,(IF(MOD(($I89-J$1),$M89)=0,$G89,0))),0) -> 0 | ... X12: =IF(X$1>=$I89,IF($M89=0,0,(IF(MOD(($I89-X$1),$M89)=0,$G89,0))),0) -> 0 | Y12: =SUM(C12:X12) -> 14000
A13: =A90 -> 37 | B13: =B90 -> Tagnedløb, udskiftning - zink | C13: =IF(C$1>=$I90,IF($M90=0,0,(IF(MOD(($I90-C$1),$M90)=0,$G90,0))),0) -> 0 | D13: =IF(D$1>=$I90,IF($M90=0,0,(IF(MOD(($I90-D$1),$M90)=0,$G90,0))),0) -> 0 | E13: =IF(E$1>=$I90,IF($M90=0,0,(IF(MOD(($I90-E$1),$M90)=0,$G90,0))),0) -> 0 | F13: =IF(F$1>=$I90,IF($M90=0,0,(IF(MOD(($I90-F$1),$M90)=0,$G90,0))),0) -> 0 | G13: =IF(G$1>=$I90,IF($M90=0,0,(IF(MOD(($I90-G$1),$M90)=0,$G90,0))),0) -> 0 | H13: =IF(H$1>=$I90,IF($M90=0,0,(IF(MOD(($I90-H$1),$M90)=0,$G90,0))),0) -> 13200 | I13: =IF(I$1>=$I90,IF($M90=0,0,(IF(MOD(($I90-I$1),$M90)=0,$G90,0))),0) -> 0 | J13: =IF(J$1>=$I90,IF($M90=0,0,(IF(MOD(($I90-J$1),$M90)=0,$G90,0))),0) -> 0 | ... X13: =IF(X$1>=$I90,IF($M90=0,0,(IF(MOD(($I90-X$1),$M90)=0,$G90,0))),0) -> 0 | Y13: =SUM(C13:X13) -> 13200
A14: =A91 -> 37 | B14: =B91 -> Tagrende, udskiftning - zink | C14: =IF(C$1>=$I91,IF($M91=0,0,(IF(MOD(($I91-C$1),$M91)=0,$G91,0))),0) -> 0 | D14: =IF(D$1>=$I91,IF($M91=0,0,(IF(MOD(($I91-D$1),$M91)=0,$G91,0))),0) -> 0 | E14: =IF(E$1>=$I91,IF($M91=0,0,(IF(MOD(($I91-E$1),$M91)=0,$G91,0))),0) -> 0 | F14: =IF(F$1>=$I91,IF($M91=0,0,(IF(MOD(($I91-F$1),$M91)=0,$G91,0))),0) -> 0 | G14: =IF(G$1>=$I91,IF($M91=0,0,(IF(MOD(($I91-G$1),$M91)=0,$G91,0))),0) -> 0 | H14: =IF(H$1>=$I91,IF($M91=0,0,(IF(MOD(($I91-H$1),$M91)=0,$G91,0))),0) -> 70000 | I14: =IF(I$1>=$I91,IF($M91=0,0,(IF(MOD(($I91-I$1),$M91)=0,$G91,0))),0) -> 0 | J14: =IF(J$1>=$I91,IF($M91=0,0,(IF(MOD(($I91-J$1),$M91)=0,$G91,0))),0) -> 0 | ... X14: =IF(X$1>=$I91,IF($M91=0,0,(IF(MOD(($I91-X$1),$M91)=0,$G91,0))),0) -> 0 | Y14: =SUM(C14:X14) -> 70000
A15: =A92 -> #N/A | B15: =B92 -> 0 | C15: =IF(C$1>=$I92,IF($M92=0,0,(IF(MOD(($I92-C$1),$M92)=0,$G92,0))),0) -> 0 | D15: =IF(D$1>=$I92,IF($M92=0,0,(IF(MOD(($I92-D$1),$M92)=0,$G92,0))),0) -> 0 | E15: =IF(E$1>=$I92,IF($M92=0,0,(IF(MOD(($I92-E$1),$M92)=0,$G92,0))),0) -> 0 | F15: =IF(F$1>=$I92,IF($M92=0,0,(IF(MOD(($I92-F$1),$M92)=0,$G92,0))),0) -> 0 | G15: =IF(G$1>=$I92,IF($M92=0,0,(IF(MOD(($I92-G$1),$M92)=0,$G92,0))),0) -> 0 | H15: =IF(H$1>=$I92,IF($M92=0,0,(IF(MOD(($I92-H$1),$M92)=0,$G92,0))),0) -> 0 | I15: =IF(I$1>=$I92,IF($M92=0,0,(IF(MOD(($I92-I$1),$M92)=0,$G92,0))),0) -> 0 | J15: =IF(J$1>=$I92,IF($M92=0,0,(IF(MOD(($I92-J$1),$M92)=0,$G92,0))),0) -> 0 | ... X15: =IF(X$1>=$I92,IF($M92=0,0,(IF(MOD(($I92-X$1),$M92)=0,$G92,0))),0) -> 0 | Y15: =SUM(C15:X15) -> 0
... A30: =A107 -> 42 | B30: =B107 -> Indvendigt malerarbejde, rullende aktivitet | C30: =IF(C$1>=$I107,IF($M107=0,0,(IF(MOD(($I107-C$1),$M107)=0,$G107,0))),0) -> 0 | D30: =IF(D$1>=$I107,IF($M107=0,0,(IF(MOD(($I107-D$1),$M107)=0,$G107,0))),0) -> 15000 | E30: =IF(E$1>=$I107,IF($M107=0,0,(IF(MOD(($I107-E$1),$M107)=0,$G107,0))),0) -> 15000 | F30: =IF(F$1>=$I107,IF($M107=0,0,(IF(MOD(($I107-F$1),$M107)=0,$G107,0))),0) -> 15000 | G30: =IF(G$1>=$I107,IF($M107=0,0,(IF(MOD(($I107-G$1),$M107)=0,$G107,0))),0) -> 15000 | H30: =IF(H$1>=$I107,IF($M107=0,0,(IF(MOD(($I107-H$1),$M107)=0,$G107,0))),0) -> 15000 | I30: =IF(I$1>=$I107,IF($M107=0,0,(IF(MOD(($I107-I$1),$M107)=0,$G107,0))),0) -> 15000 | J30: =IF(J$1>=$I107,IF($M107=0,0,(IF(MOD(($I107-J$1),$M107)=0,$G107,0))),0) -> 15000 | ... X30: =IF(X$1>=$I107,IF($M107=0,0,(IF(MOD(($I107-X$1),$M107)=0,$G107,0))),0) -> 15000 | Y30: =SUM(C30:X30) -> 315000
A31: =A109 -> #N/A | B31: =B109 -> 0 | C31: =IF(C$1>=$I109,IF($M109=0,0,(IF(MOD(($I109-C$1),$M109)=0,$G109,0))),0) -> 0 | D31: =IF(D$1>=$I109,IF($M109=0,0,(IF(MOD(($I109-D$1),$M109)=0,$G109,0))),0) -> 0 | E31: =IF(E$1>=$I109,IF($M109=0,0,(IF(MOD(($I109-E$1),$M109)=0,$G109,0))),0) -> 0 | F31: =IF(F$1>=$I109,IF($M109=0,0,(IF(MOD(($I109-F$1),$M109)=0,$G109,0))),0) -> 0 | G31: =IF(G$1>=$I109,IF($M109=0,0,(IF(MOD(($I109-G$1),$M109)=0,$G109,0))),0) -> 0 | H31: =IF(H$1>=$I109,IF($M109=0,0,(IF(MOD(($I109-H$1),$M109)=0,$G109,0))),0) -> 0 | I31: =IF(I$1>=$I109,IF($M109=0,0,(IF(MOD(($I109-I$1),$M109)=0,$G109,0))),0) -> 0 | J31: =IF(J$1>=$I109,IF($M109=0,0,(IF(MOD(($I109-J$1),$M109)=0,$G109,0))),0) -> 0 | ... X31: =IF(X$1>=$I109,IF($M109=0,0,(IF(MOD(($I109-X$1),$M109)=0,$G109,0))),0) -> 0 | Y31: =SUM(C31:X31) -> 0
A32: =A110 -> 0 | B32: =B110 -> Bygning 1 | C32: =IF(C$1>=$I110,IF($M110=0,0,(IF(MOD(($I110-C$1),$M110)=0,$G110,0))),0) -> 0 | D32: =IF(D$1>=$I110,IF($M110=0,0,(IF(MOD(($I110-D$1),$M110)=0,$G110,0))),0) -> 0 | E32: =IF(E$1>=$I110,IF($M110=0,0,(IF(MOD(($I110-E$1),$M110)=0,$G110,0))),0) -> 0 | F32: =IF(F$1>=$I110,IF($M110=0,0,(IF(MOD(($I110-F$1),$M110)=0,$G110,0))),0) -> 0 | G32: =IF(G$1>=$I110,IF($M110=0,0,(IF(MOD(($I110-G$1),$M110)=0,$G110,0))),0) -> 0 | H32: =IF(H$1>=$I110,IF($M110=0,0,(IF(MOD(($I110-H$1),$M110)=0,$G110,0))),0) -> 0 | I32: =IF(I$1>=$I110,IF($M110=0,0,(IF(MOD(($I110-I$1),$M110)=0,$G110,0))),0) -> 0 | J32: =IF(J$1>=$I110,IF($M110=0,0,(IF(MOD(($I110-J$1),$M110)=0,$G110,0))),0) -> 0 | ... X32: =IF(X$1>=$I110,IF($M110=0,0,(IF(MOD(($I110-X$1),$M110)=0,$G110,0))),0) -> 0 | Y32: =SUM(C32:X32) -> 0
A33: =A111 -> 43 | B33: =B111 -> Gulve, udskiftning - rullende aktivitet | C33: =IF(C$1>=$I111,IF($M111=0,0,(IF(MOD(($I111-C$1),$M111)=0,$G111,0))),0) -> 0 | D33: =IF(D$1>=$I111,IF($M111=0,0,(IF(MOD(($I111-D$1),$M111)=0,$G111,0))),0) -> 0 | E33: =IF(E$1>=$I111,IF($M111=0,0,(IF(MOD(($I111-E$1),$M111)=0,$G111,0))),0) -> 0 | F33: =IF(F$1>=$I111,IF($M111=0,0,(IF(MOD(($I111-F$1),$M111)=0,$G111,0))),0) -> 0 | G33: =IF(G$1>=$I111,IF($M111=0,0,(IF(MOD(($I111-G$1),$M111)=0,$G111,0))),0) -> 0 | H33: =IF(H$1>=$I111,IF($M111=0,0,(IF(MOD(($I111-H$1),$M111)=0,$G111,0))),0) -> 0 | I33: =IF(I$1>=$I111,IF($M111=0,0,(IF(MOD(($I111-I$1),$M111)=0,$G111,0))),0) -> 64400 | J33: =IF(J$1>=$I111,IF($M111=0,0,(IF(MOD(($I111-J$1),$M111)=0,$G111,0))),0) -> 0 | ... X33: =IF(X$1>=$I111,IF($M111=0,0,(IF(MOD(($I111-X$1),$M111)=0,$G111,0))),0) -> 0 | Y33: =SUM(C33:X33) -> 64400
A34: =A112 -> 45 | B34: =B112 -> Lofter, udskiftning - akustik | C34: =IF(C$1>=$I112,IF($M112=0,0,(IF(MOD(($I112-C$1),$M112)=0,$G112,0))),0) -> 0 | D34: =IF(D$1>=$I112,IF($M112=0,0,(IF(MOD(($I112-D$1),$M112)=0,$G112,0))),0) -> 0 | E34: =IF(E$1>=$I112,IF($M112=0,0,(IF(MOD(($I112-E$1),$M112)=0,$G112,0))),0) -> 0 | F34: =IF(F$1>=$I112,IF($M112=0,0,(IF(MOD(($I112-F$1),$M112)=0,$G112,0))),0) -> 0 | G34: =IF(G$1>=$I112,IF($M112=0,0,(IF(MOD(($I112-G$1),$M112)=0,$G112,0))),0) -> 0 | H34: =IF(H$1>=$I112,IF($M112=0,0,(IF(MOD(($I112-H$1),$M112)=0,$G112,0))),0) -> 49000 | I34: =IF(I$1>=$I112,IF($M112=0,0,(IF(MOD(($I112-I$1),$M112)=0,$G112,0))),0) -> 0 | J34: =IF(J$1>=$I112,IF($M112=0,0,(IF(MOD(($I112-J$1),$M112)=0,$G112,0))),0) -> 0 | ... X34: =IF(X$1>=$I112,IF($M112=0,0,(IF(MOD(($I112-X$1),$M112)=0,$G112,0))),0) -> 0 | Y34: =SUM(C34:X34) -> 49000
A35: =A113 -> 43 | B35: =B113 -> Gulve, udskiftning - rullende aktivitet | C35: =IF(C$1>=$I113,IF($M113=0,0,(IF(MOD(($I113-C$1),$M113)=0,$G113,0))),0) -> 0 | D35: =IF(D$1>=$I113,IF($M113=0,0,(IF(MOD(($I113-D$1),$M113)=0,$G113,0))),0) -> 0 | E35: =IF(E$1>=$I113,IF($M113=0,0,(IF(MOD(($I113-E$1),$M113)=0,$G113,0))),0) -> 0 | F35: =IF(F$1>=$I113,IF($M113=0,0,(IF(MOD(($I113-F$1),$M113)=0,$G113,0))),0) -> 0 | G35: =IF(G$1>=$I113,IF($M113=0,0,(IF(MOD(($I113-G$1),$M113)=0,$G113,0))),0) -> 0 | H35: =IF(H$1>=$I113,IF($M113=0,0,(IF(MOD(($I113-H$1),$M113)=0,$G113,0))),0) -> 0 | I35: =IF(I$1>=$I113,IF($M113=0,0,(IF(MOD(($I113-I$1),$M113)=0,$G113,0))),0) -> 0 | J35: =IF(J$1>=$I113,IF($M113=0,0,(IF(MOD(($I113-J$1),$M113)=0,$G113,0))),0) -> 36800 | ... X35: =IF(X$1>=$I113,IF($M113=0,0,(IF(MOD(($I113-X$1),$M113)=0,$G113,0))),0) -> 0 | Y35: =SUM(C35:X35) -> 36800
A36: =A114 -> 45 | B36: =B114 -> Lofter, udskiftning - akustik | C36: =IF(C$1>=$I114,IF($M114=0,0,(IF(MOD(($I114-C$1),$M114)=0,$G114,0))),0) -> 0 | D36: =IF(D$1>=$I114,IF($M114=0,0,(IF(MOD(($I114-D$1),$M114)=0,$G114,0))),0) -> 0 | E36: =IF(E$1>=$I114,IF($M114=0,0,(IF(MOD(($I114-E$1),$M114)=0,$G114,0))),0) -> 0 | F36: =IF(F$1>=$I114,IF($M114=0,0,(IF(MOD(($I114-F$1),$M114)=0,$G114,0))),0) -> 0 | G36: =IF(G$1>=$I114,IF($M114=0,0,(IF(MOD(($I114-G$1),$M114)=0,$G114,0))),0) -> 0 | H36: =IF(H$1>=$I114,IF($M114=0,0,(IF(MOD(($I114-H$1),$M114)=0,$G114,0))),0) -> 0 | I36: =IF(I$1>=$I114,IF($M114=0,0,(IF(MOD(($I114-I$1),$M114)=0,$G114,0))),0) -> 0 | J36: =IF(J$1>=$I114,IF($M114=0,0,(IF(MOD(($I114-J$1),$M114)=0,$G114,0))),0) -> 28000 | ... X36: =IF(X$1>=$I114,IF($M114=0,0,(IF(MOD(($I114-X$1),$M114)=0,$G114,0))),0) -> 0 | Y36: =SUM(C36:X36) -> 28000
A37: =A115 -> #N/A | B37: =B115 -> 0 | C37: =IF(C$1>=$I115,IF($M115=0,0,(IF(MOD(($I115-C$1),$M115)=0,$G115,0))),0) -> 0 | D37: =IF(D$1>=$I115,IF($M115=0,0,(IF(MOD(($I115-D$1),$M115)=0,$G115,0))),0) -> 0 | E37: =IF(E$1>=$I115,IF($M115=0,0,(IF(MOD(($I115-E$1),$M115)=0,$G115,0))),0) -> 0 | F37: =IF(F$1>=$I115,IF($M115=0,0,(IF(MOD(($I115-F$1),$M115)=0,$G115,0))),0) -> 0 | G37: =IF(G$1>=$I115,IF($M115=0,0,(IF(MOD(($I115-G$1),$M115)=0,$G115,0))),0) -> 0 | H37: =IF(H$1>=$I115,IF($M115=0,0,(IF(MOD(($I115-H$1),$M115)=0,$G115,0))),0) -> 0 | I37: =IF(I$1>=$I115,IF($M115=0,0,(IF(MOD(($I115-I$1),$M115)=0,$G115,0))),0) -> 0 | J37: =IF(J$1>=$I115,IF($M115=0,0,(IF(MOD(($I115-J$1),$M115)=0,$G115,0))),0) -> 0 | ... X37: =IF(X$1>=$I115,IF($M115=0,0,(IF(MOD(($I115-X$1),$M115)=0,$G115,0))),0) -> 0 | Y37: =SUM(C37:X37) -> 0
A38: =A116 -> 0 | B38: =B116 -> Bygning 5 | C38: =IF(C$1>=$I116,IF($M116=0,0,(IF(MOD(($I116-C$1),$M116)=0,$G116,0))),0) -> 0 | D38: =IF(D$1>=$I116,IF($M116=0,0,(IF(MOD(($I116-D$1),$M116)=0,$G116,0))),0) -> 0 | E38: =IF(E$1>=$I116,IF($M116=0,0,(IF(MOD(($I116-E$1),$M116)=0,$G116,0))),0) -> 0 | F38: =IF(F$1>=$I116,IF($M116=0,0,(IF(MOD(($I116-F$1),$M116)=0,$G116,0))),0) -> 0 | G38: =IF(G$1>=$I116,IF($M116=0,0,(IF(MOD(($I116-G$1),$M116)=0,$G116,0))),0) -> 0 | H38: =IF(H$1>=$I116,IF($M116=0,0,(IF(MOD(($I116-H$1),$M116)=0,$G116,0))),0) -> 0 | I38: =IF(I$1>=$I116,IF($M116=0,0,(IF(MOD(($I116-I$1),$M116)=0,$G116,0))),0) -> 0 | J38: =IF(J$1>=$I116,IF($M116=0,0,(IF(MOD(($I116-J$1),$M116)=0,$G116,0))),0) -> 0 | ... X38: =IF(X$1>=$I116,IF($M116=0,0,(IF(MOD(($I116-X$1),$M116)=0,$G116,0))),0) -> 0 | Y38: =SUM(C38:X38) -> 0
A39: =A117 -> 43 | B39: =B117 -> Gulve, udskiftning - rullende aktivitet | C39: =IF(C$1>=$I117,IF($M117=0,0,(IF(MOD(($I117-C$1),$M117)=0,$G117,0))),0) -> 0 | D39: =IF(D$1>=$I117,IF($M117=0,0,(IF(MOD(($I117-D$1),$M117)=0,$G117,0))),0) -> 0 | E39: =IF(E$1>=$I117,IF($M117=0,0,(IF(MOD(($I117-E$1),$M117)=0,$G117,0))),0) -> 0 | F39: =IF(F$1>=$I117,IF($M117=0,0,(IF(MOD(($I117-F$1),$M117)=0,$G117,0))),0) -> 0 | G39: =IF(G$1>=$I117,IF($M117=0,0,(IF(MOD(($I117-G$1),$M117)=0,$G117,0))),0) -> 39100 | H39: =IF(H$1>=$I117,IF($M117=0,0,(IF(MOD(($I117-H$1),$M117)=0,$G117,0))),0) -> 0 | I39: =IF(I$1>=$I117,IF($M117=0,0,(IF(MOD(($I117-I$1),$M117)=0,$G117,0))),0) -> 0 | J39: =IF(J$1>=$I117,IF($M117=0,0,(IF(MOD(($I117-J$1),$M117)=0,$G117,0))),0) -> 0 | ... X39: =IF(X$1>=$I117,IF($M117=0,0,(IF(MOD(($I117-X$1),$M117)=0,$G117,0))),0) -> 0 | Y39: =SUM(C39:X39) -> 39100
A40: =A118 -> 45 | B40: =B118 -> Lofter, udskiftning - akustik | C40: =IF(C$1>=$I118,IF($M118=0,0,(IF(MOD(($I118-C$1),$M118)=0,$G118,0))),0) -> 0 | D40: =IF(D$1>=$I118,IF($M118=0,0,(IF(MOD(($I118-D$1),$M118)=0,$G118,0))),0) -> 0 | E40: =IF(E$1>=$I118,IF($M118=0,0,(IF(MOD(($I118-E$1),$M118)=0,$G118,0))),0) -> 0 | F40: =IF(F$1>=$I118,IF($M118=0,0,(IF(MOD(($I118-F$1),$M118)=0,$G118,0))),0) -> 0 | G40: =IF(G$1>=$I118,IF($M118=0,0,(IF(MOD(($I118-G$1),$M118)=0,$G118,0))),0) -> 29750 | H40: =IF(H$1>=$I118,IF($M118=0,0,(IF(MOD(($I118-H$1),$M118)=0,$G118,0))),0) -> 0 | I40: =IF(I$1>=$I118,IF($M118=0,0,(IF(MOD(($I118-I$1),$M118)=0,$G118,0))),0) -> 0 | J40: =IF(J$1>=$I118,IF($M118=0,0,(IF(MOD(($I118-J$1),$M118)=0,$G118,0))),0) -> 0 | ... X40: =IF(X$1>=$I118,IF($M118=0,0,(IF(MOD(($I118-X$1),$M118)=0,$G118,0))),0) -> 0 | Y40: =SUM(C40:X40) -> 29750
A41: =A119 -> 31 | B41: =B119 -> Døre, udskiftning | C41: =IF(C$1>=$I119,IF($M119=0,0,(IF(MOD(($I119-C$1),$M119)=0,$G119,0))),0) -> 0 | D41: =IF(D$1>=$I119,IF($M119=0,0,(IF(MOD(($I119-D$1),$M119)=0,$G119,0))),0) -> 0 | E41: =IF(E$1>=$I119,IF($M119=0,0,(IF(MOD(($I119-E$1),$M119)=0,$G119,0))),0) -> 0 | F41: =IF(F$1>=$I119,IF($M119=0,0,(IF(MOD(($I119-F$1),$M119)=0,$G119,0))),0) -> 0 | G41: =IF(G$1>=$I119,IF($M119=0,0,(IF(MOD(($I119-G$1),$M119)=0,$G119,0))),0) -> 0 | H41: =IF(H$1>=$I119,IF($M119=0,0,(IF(MOD(($I119-H$1),$M119)=0,$G119,0))),0) -> 0 | I41: =IF(I$1>=$I119,IF($M119=0,0,(IF(MOD(($I119-I$1),$M119)=0,$G119,0))),0) -> 0 | J41: =IF(J$1>=$I119,IF($M119=0,0,(IF(MOD(($I119-J$1),$M119)=0,$G119,0))),0) -> 0 | ... X41: =IF(X$1>=$I119,IF($M119=0,0,(IF(MOD(($I119-X$1),$M119)=0,$G119,0))),0) -> 0 | Y41: =SUM(C41:X41) -> 0
A42: =A120 -> 31 | B42: =B120 -> Døre, udskiftning | C42: =IF(C$1>=$I120,IF($M120=0,0,(IF(MOD(($I120-C$1),$M120)=0,$G120,0))),0) -> 0 | D42: =IF(D$1>=$I120,IF($M120=0,0,(IF(MOD(($I120-D$1),$M120)=0,$G120,0))),0) -> 0 | E42: =IF(E$1>=$I120,IF($M120=0,0,(IF(MOD(($I120-E$1),$M120)=0,$G120,0))),0) -> 0 | F42: =IF(F$1>=$I120,IF($M120=0,0,(IF(MOD(($I120-F$1),$M120)=0,$G120,0))),0) -> 0 | G42: =IF(G$1>=$I120,IF($M120=0,0,(IF(MOD(($I120-G$1),$M120)=0,$G120,0))),0) -> 0 | H42: =IF(H$1>=$I120,IF($M120=0,0,(IF(MOD(($I120-H$1),$M120)=0,$G120,0))),0) -> 0 | I42: =IF(I$1>=$I120,IF($M120=0,0,(IF(MOD(($I120-I$1),$M120)=0,$G120,0))),0) -> 0 | J42: =IF(J$1>=$I120,IF($M120=0,0,(IF(MOD(($I120-J$1),$M120)=0,$G120,0))),0) -> 0 | ... X42: =IF(X$1>=$I120,IF($M120=0,0,(IF(MOD(($I120-X$1),$M120)=0,$G120,0))),0) -> 0 | Y42: =SUM(C42:X42) -> 0
... A75: =A153 -> #N/A | B75: =B153 -> 0 | C75: =IF(C$1>=$I153,IF($M153=0,0,(IF(MOD(($I153-C$1),$M153)=0,$G153,0))),0) -> 0 | D75: =IF(D$1>=$I153,IF($M153=0,0,(IF(MOD(($I153-D$1),$M153)=0,$G153,0))),0) -> 0 | E75: =IF(E$1>=$I153,IF($M153=0,0,(IF(MOD(($I153-E$1),$M153)=0,$G153,0))),0) -> 0 | F75: =IF(F$1>=$I153,IF($M153=0,0,(IF(MOD(($I153-F$1),$M153)=0,$G153,0))),0) -> 0 | G75: =IF(G$1>=$I153,IF($M153=0,0,(IF(MOD(($I153-G$1),$M153)=0,$G153,0))),0) -> 0 | H75: =IF(H$1>=$I153,IF($M153=0,0,(IF(MOD(($I153-H$1),$M153)=0,$G153,0))),0) -> 0 | I75: =IF(I$1>=$I153,IF($M153=0,0,(IF(MOD(($I153-I$1),$M153)=0,$G153,0))),0) -> 0 | J75: =IF(J$1>=$I153,IF($M153=0,0,(IF(MOD(($I153-J$1),$M153)=0,$G153,0))),0) -> 0 | ... X75: =IF(X$1>=$I153,IF($M153=0,0,(IF(MOD(($I153-X$1),$M153)=0,$G153,0))),0) -> 0 | Y75: =SUM(C75:X75) -> 0
B76: Total pr år | C76: =SUM(C4:C72) -> 0 | D76: =SUM(D4:D72) -> 99000 | E76: =SUM(E4:E72) -> 67500 | F76: =SUM(F4:F72) -> 291540 | G76: =SUM(G4:G72) -> 193330 | H76: =SUM(H4:H72) -> 240120 | I76: =SUM(I4:I72) -> 247750 | J76: =SUM(J4:J72) -> 112300 | ... Y76: =SUM(Y4:Y72) -> 1888040
C78: Mængde | D78: Enhed | E78: Enhedspris | G78: Samlet udgift | I78: Tidligste udførelse | K78: Senest udførelse | M78: Interval | O78: Pris kvalitet | Q78: Karakter | T78: Bemærkninger
B79: Udv. Vedligehold
B80: Generelt:
A81: =VLOOKUP(B81,Priskatalog!A:J,10,FALSE) -> 21 | B81: Facader, eftergang af murværk og fuger | C81: 20 | D81: m² | E81: 1400 | G81: =C81*E81 -> 28000 | I81: 2026 | K81: 2045 | M81: 2 | N81: år | T81: Eftergang af facade (netpuds og maling)
A82: =VLOOKUP(B82,Priskatalog!A:J,10,FALSE) -> 41 | B82: Fundament, malerbehandling | C82: 20 | D82: m² | E82: 500 | G82: =C82*E82 -> 10000 | I82: 2025 | K82: 2045 | M82: 2 | N82: år | T82: Rep. fundament/sokkel
A83: =VLOOKUP(B83,Priskatalog!A:J,10,FALSE) -> #N/A | G83: =C83*E83 -> 0 | N83: år
A84: =VLOOKUP(B84,Priskatalog!A:J,10,FALSE) -> #N/A | G84: =C84*E84 -> 0 | N84: år
B85: Bygning 1
A86: =VLOOKUP(B86,Priskatalog!A:J,10,FALSE) -> 37 | B86: Ovenlys, udskiftning - 60x60 | C86: 13 | D86: stk. | E86: 4000 | G86: =C86*E86 -> 52000 | I86: 2042 | K86: 2043 | M86: 30 | N86: år | T86: hele bygningen
A87: =VLOOKUP(B87,Priskatalog!A:J,10,FALSE) -> 31 | B87: Vinduer, udskiftning - gående | C87: 15 | D87: m² | E87: 3148 | G87: =C87*E87 -> 47220 | I87: 2029 | K87: 2031 | M87: 30 | N87: år | T87: Syd vænge
A88: =VLOOKUP(B88,Priskatalog!A:J,10,FALSE) -> 31 | B88: Døre, udskiftning - terrassedør | C88: 3 | D88: stk. | E88: 7250 | G88: =C88*E88 -> 21750 | I88: 2030 | K88: 2032 | M88: 30 | N88: år | T88: Syd vænge
A89: =VLOOKUP(B89,Priskatalog!A:J,10,FALSE) -> 41 | B89: Facader, beklædning - eternit | C89: 35 | D89: m² | E89: 400 | G89: =C89*E89 -> 14000 | I89: 2026 | K89: 2028 | M89: 30 | N89: år | T89: Skur
A90: =VLOOKUP(B90,Priskatalog!A:J,10,FALSE) -> 37 | B90: Tagnedløb, udskiftning - zink | C90: 30 | D90: m | E90: 440 | G90: =C90*E90 -> 13200 | I90: 2029 | K90: 2031 | M90: 20 | N90: år
A91: =VLOOKUP(B91,Priskatalog!A:J,10,FALSE) -> 37 | B91: Tagrende, udskiftning - zink | C91: 100 | D91: m | E91: 700 | G91: =C91*E91 -> 70000 | I91: 2029 | K91: 2031 | M91: 20 | N91: år
A92: =VLOOKUP(B92,Priskatalog!A:J,10,FALSE) -> #N/A | G92: =C92*E92 -> 0 | N92: år
A93: =VLOOKUP(B93,Priskatalog!A:J,10,FALSE) -> #N/A | G93: =C93*E93 -> 0 | N93: år
A94: =VLOOKUP(B94,Priskatalog!A:J,10,FALSE) -> #N/A | G94: =C94*E94 -> 0 | N94: år
B95: Bygning 5
A96: =VLOOKUP(B96,Priskatalog!A:J,10,FALSE) -> 47 | B96: Tagflade, udskiftning - bølgeeternit | C96: 200 | D96: m² | E96: 1000 | G96: =C96*E96 -> 200000 | I96: 2027 | K96: 2029 | M96: 40 | N96: år
A97: =VLOOKUP(B97,Priskatalog!A:J,10,FALSE) -> 37 | B97: Ovenlys, udskiftning - 60x60 | C97: 6 | D97: stk. | E97: 4000 | G97: =C97*E97 -> 24000 | I97: 2027 | K97: 2029 | M97: 30 | N97: år
A98: =VLOOKUP(B98,Priskatalog!A:J,10,FALSE) -> 37 | B98: Tagrende, udskiftning - zink | C98: 35 | D98: m | E98: 700 | G98: =C98*E98 -> 24500 | I98: 2027 | K98: 2029 | M98: 20 | N98: år
A99: =VLOOKUP(B99,Priskatalog!A:J,10,FALSE) -> 37 | B99: Tagnedløb, udskiftning - zink | C99: 16 | D99: m | E99: 440 | G99: =C99*E99 -> 7040 | I99: 2027 | K99: 2029 | M99: 20 | N99: år
A100: =VLOOKUP(B100,Priskatalog!A:J,10,FALSE) -> 47 | B100: Tagflade, rep./service - tagpap | C100: 20 | D100: m² | E100: 1600 | G100: =C100*E100 -> 32000 | I100: 2025 | K100: 2025 | M100: 30 | N100: år | T100: Rep. af tagflade (tagplader) og udskiftning af velux vindue
A101: =VLOOKUP(B101,Priskatalog!A:J,10,FALSE) -> 21 | B101: Facader, eftergang af murværk og fuger | C101: 20 | D101: m² | E101: 1400 | G101: =C101*E101 -> 28000 | I101: 2025 | K101: 2025 | M101: 5 | N101: år | T101: Rep. af gavl og langside
A102: =VLOOKUP(B102,Priskatalog!A:J,10,FALSE) -> 41 | B102: Facader, beklædning - aluplader | C102: 100 | D102: m² | E102: 500 | G102: =C102*E102 -> 50000 | I102: 2028 | K102: 2030 | M102: 30 | N102: år | T102: Bygning 4
A103: =VLOOKUP(B103,Priskatalog!A:J,10,FALSE) -> 47 | B103: Tagflade, udskiftning - metalplader | C103: 120 | D103: m² | E103: 700 | G103: =C103*E103 -> 84000 | I103: 2030 | K103: 2032 | M103: 40 | N103: år | T103: Bygning 4
A104: =VLOOKUP(B104,Priskatalog!A:J,10,FALSE) -> 31 | B104: Vinduer, udskiftning - gående | C104: 10 | D104: m² | E104: 3148 | G104: =C104*E104 -> 31480 | I104: 2028 | K104: 2030 | M104: 30 | N104: år | T104: bygning 4
A105: =VLOOKUP(B105,Priskatalog!A:J,10,FALSE) -> #N/A | G105: =C105*E105 -> 0 | N105: år
B106: Indv. Vedligehold
A107: =VLOOKUP(B107,Priskatalog!A:J,10,FALSE) -> 42 | B107: Indvendigt malerarbejde, rullende aktivitet | C107: 100 | D107: m² | E107: 150 | G107: =C107*E107 -> 15000 | I107: 2025 | K107: 2045 | M107: 1 | N107: år
A108: =VLOOKUP(B108,Priskatalog!A:J,10,FALSE) -> 43 | B108: Gulve, overfladebehandling - rullende aktivitet | C108: 80 | D108: m² | E108: 150 | G108: =C108*E108 -> 12000 | N108: år
A109: =VLOOKUP(B109,Priskatalog!A:J,10,FALSE) -> #N/A | G109: =C109*E109 -> 0 | N109: år
B110: Bygning 1
A111: =VLOOKUP(B111,Priskatalog!A:J,10,FALSE) -> 43 | B111: Gulve, udskiftning - rullende aktivitet | C111: 140 | D111: m² | E111: 460 | G111: =C111*E111 -> 64400 | I111: 2030 | K111: 2031 | M111: 20 | N111: år | T111: 1.sal mod øst
A112: =VLOOKUP(B112,Priskatalog!A:J,10,FALSE) -> 45 | B112: Lofter, udskiftning - akustik | C112: 140 | D112: m² | E112: 350 | G112: =C112*E112 -> 49000 | I112: 2029 | K112: 2031 | M112: 40 | N112: år | T112: 1.sal mod øst
A113: =VLOOKUP(B113,Priskatalog!A:J,10,FALSE) -> 43 | B113: Gulve, udskiftning - rullende aktivitet | C113: 80 | D113: m² | E113: 460 | G113: =C113*E113 -> 36800 | I113: 2031 | K113: 2033 | M113: 20 | N113: år | T113: Stue mod syd
A114: =VLOOKUP(B114,Priskatalog!A:J,10,FALSE) -> 45 | B114: Lofter, udskiftning - akustik | C114: 80 | D114: m² | E114: 350 | G114: =C114*E114 -> 28000 | I114: 2031 | K114: 2033 | M114: 40 | N114: år | T114: stue mod syd
A115: =VLOOKUP(B115,Priskatalog!A:J,10,FALSE) -> #N/A | G115: =C115*E115 -> 0 | N115: år
B116: Bygning 5
A117: =VLOOKUP(B117,Priskatalog!A:J,10,FALSE) -> 43 | B117: Gulve, udskiftning - rullende aktivitet | C117: 85 | D117: m² | E117: 460 | G117: =C117*E117 -> 39100 | I117: 2028 | K117: 2030 | M117: 20 | N117: år | T117: stue
A118: =VLOOKUP(B118,Priskatalog!A:J,10,FALSE) -> 45 | B118: Lofter, udskiftning - akustik | C118: 85 | D118: m² | E118: 350 | G118: =C118*E118 -> 29750 | I118: 2028 | K118: 2030 | M118: 40 | N118: år | T118: stue
A119: =VLOOKUP(B119,Priskatalog!A:J,10,FALSE) -> 31 | B119: Døre, udskiftning | C119: 20 | D119: m² | E119: 300 | G119: =C119*E119 -> 6000 | I119: 2027 | K119: 2029 | N119: år | T119: Indvendig stue
A120: =VLOOKUP(B120,Priskatalog!A:J,10,FALSE) -> 31 | B120: Døre, udskiftning | C120: 10 | D120: m² | E120: 300 | G120: =C120*E120 -> 3000 | I120: 2027 | K120: 2029 | N120: år | T120: indvendig 1.sal
A121: =VLOOKUP(B121,Priskatalog!A:J,10,FALSE) -> 43 | B121: Gulve, overfladebehandling - rullende aktivitet | C121: 70 | D121: m² | E121: 150 | G121: =C121*E121 -> 10500 | I121: 2026 | K121: 2028 | M121: 10 | N121: år | T121: 1.sal
A122: =VLOOKUP(B122,Priskatalog!A:J,10,FALSE) -> #N/A | G122: =C122*E122 -> 0 | N122: år
B123: Tekniske Installationer
A124: =VLOOKUP(B124,Priskatalog!A:J,10,FALSE) -> 56 | B124: Varme, udskiftning - radiator | C124: 2 | D124: stk. | E124: 3300 | G124: =C124*E124 -> 6600 | I124: 2030 | K124: 2032 | M124: 40 | N124: år | T124: Bygning 1, 1.sal
A125: =VLOOKUP(B125,Priskatalog!A:J,10,FALSE) -> 57 | B125: Ventilation, udskiftning - ventilator | C125: 2 | D125: stk. | E125: 7000 | G125: =C125*E125 -> 14000 | I125: 2025 | K125: 2027 | M125: 20 | N125: år
A126: =VLOOKUP(B126,Priskatalog!A:J,10,FALSE) -> 56 | B126: Varme, udskiftning - radiator | C126: 4 | D126: stk. | E126: 3300 | G126: =C126*E126 -> 13200 | I126: 2029 | K126: 2031 | M126: 40 | N126: år | T126: Bygning 1, stue
A127: =VLOOKUP(B127,Priskatalog!A:J,10,FALSE) -> 63 | B127: Belysning, udskiftning - armaturer | C127: 15 | D127: stk. | E127: 1500 | G127: =C127*E127 -> 22500 | I127: 2029 | K127: 2031 | M127: 30 | N127: år | T127: Bygning 1, 1.sal
A128: =VLOOKUP(B128,Priskatalog!A:J,10,FALSE) -> 63 | B128: Belysning, udskiftning - armaturer | C128: 15 | D128: stk. | E128: 1500 | G128: =C128*E128 -> 22500 | I128: 2031 | K128: 2033 | M128: 30 | N128: år | T128: Bygning 1, stue
A129: =VLOOKUP(B129,Priskatalog!A:J,10,FALSE) -> 52 | B129: Afløb og sanitet, udskiftning - toilet | C129: 1 | D129: stk. | E129: 5000 | G129: =C129*E129 -> 5000 | I129: 2027 | K129: 2029 | M129: 20 | N129: år | T129: bygning 1, 1 sal
A130: =VLOOKUP(B130,Priskatalog!A:J,10,FALSE) -> 52 | B130: Afløb og sanitet, udskiftning - køkkenvask inkl. bl. batteri | C130: 1 | D130: stk. | E130: 6000 | G130: =C130*E130 -> 6000 | I130: 2027 | K130: 2029 | M130: 20 | N130: år | T130: bygning 1, 1.sal
A131: =VLOOKUP(B131,Priskatalog!A:J,10,FALSE) -> #N/A | G131: =C131*E131 -> 0 | N131: år
A132: =VLOOKUP(B132,Priskatalog!A:J,10,FALSE) -> #N/A | G132: =C132*E132 -> 0 | N132: år
A133: =VLOOKUP(B133,Priskatalog!A:J,10,FALSE) -> #N/A | G133: =C133*E133 -> 0 | N133: år
A134: =VLOOKUP(B134,Priskatalog!A:J,10,FALSE) -> #N/A | G134: =C134*E134 -> 0 | N134: år
A135: =VLOOKUP(B135,Priskatalog!A:J,10,FALSE) -> #N/A | G135: =C135*E135 -> 0 | N135: år
A136: =VLOOKUP(B136,Priskatalog!A:J,10,FALSE) -> #N/A | G136: =C136*E136 -> 0 | N136: år
A137: =VLOOKUP(B137,Priskatalog!A:J,10,FALSE) -> #N/A | G137: =C137*E137 -> 0 | N137: år
A138: =VLOOKUP(B138,Priskatalog!A:J,10,FALSE) -> #N/A | G138: =C138*E138 -> 0 | N138: år
A139: =VLOOKUP(B139,Priskatalog!A:J,10,FALSE) -> #N/A | G139: =C139*E139 -> 0 | N139: år
B140: Sikringsanlæg
A141: =VLOOKUP(B141,Priskatalog!A:J,10,FALSE) -> #N/A | G141: =C141*E141 -> 0 | N141: år
A142: =VLOOKUP(B142,Priskatalog!A:J,10,FALSE) -> #N/A | G142: =C142*E142 -> 0 | N142: år
A143: =VLOOKUP(B143,Priskatalog!A:J,10,FALSE) -> #N/A | G143: =C143*E143 -> 0 | N143: år
A144: =VLOOKUP(B144,Priskatalog!A:J,10,FALSE) -> #N/A | G144: =C144*E144 -> 0 | N144: år
A145: =VLOOKUP(B145,Priskatalog!A:J,10,FALSE) -> #N/A | G145: =C145*E145 -> 0 | N145: år
A146: =VLOOKUP(B146,Priskatalog!A:J,10,FALSE) -> #N/A | G146: =C146*E146 -> 0 | N146: år
A147: =VLOOKUP(B147,Priskatalog!A:J,10,FALSE) -> #N/A | G147: =C147*E147 -> 0 | N147: år
...

Sheet Assensvej 96
B1: Tilbage til årsoversigt | C1: 2024 | D1: 2025 | E1: 2026 | F1: 2027 | G1: 2028 | H1: 2029 | I1: 2030 | J1: 2031 | K1: 2032 | L1: 2033 | M1: 2034 | N1: 2035 | O1: 2036 | P1: 2037 | Q1: 2038 | R1: 2039 | S1: 2040 | T1: 2041 | U1: 2042 | V1: 2043 | W1: 2044 | X1: 2045 | Y1: Total
A2: SFB nr. | B2: Udv. Vedligehold
A3: =A35 -> #N/A | B3: =B35 -> 0 | C3: =IF(C$1>=$I35,IF($M35=0,0,(IF(MOD(($I35-C$1),$M35)=0,$G35,0))),0) -> 0 | D3: =IF(D$1>=$I35,IF($M35=0,0,(IF(MOD(($I35-D$1),$M35)=0,$G35,0))),0) -> 0 | E3: =IF(E$1>=$I35,IF($M35=0,0,(IF(MOD(($I35-E$1),$M35)=0,$G35,0))),0) -> 0 | F3: =IF(F$1>=$I35,IF($M35=0,0,(IF(MOD(($I35-F$1),$M35)=0,$G35,0))),0) -> 0 | G3: =IF(G$1>=$I35,IF($M35=0,0,(IF(MOD(($I35-G$1),$M35)=0,$G35,0))),0) -> 0 | H3: =IF(H$1>=$I35,IF($M35=0,0,(IF(MOD(($I35-H$1),$M35)=0,$G35,0))),0) -> 0 | I3: =IF(I$1>=$I35,IF($M35=0,0,(IF(MOD(($I35-I$1),$M35)=0,$G35,0))),0) -> 0 | J3: =IF(J$1>=$I35,IF($M35=0,0,(IF(MOD(($I35-J$1),$M35)=0,$G35,0))),0) -> 0 | ... X3: =IF(X$1>=$I35,IF($M35=0,0,(IF(MOD(($I35-X$1),$M35)=0,$G35,0))),0) -> 0 | Y3: =SUM(C3:X3) -> 0
A4: =A36 -> #N/A | B4: =B36 -> 0 | C4: =IF(C$1>=$I36,IF($M36=0,0,(IF(MOD(($I36-C$1),$M36)=0,$G36,0))),0) -> 0 | D4: =IF(D$1>=$I36,IF($M36=0,0,(IF(MOD(($I36-D$1),$M36)=0,$G36,0))),0) -> 0 | E4: =IF(E$1>=$I36,IF($M36=0,0,(IF(MOD(($I36-E$1),$M36)=0,$G36,0))),0) -> 0 | F4: =IF(F$1>=$I36,IF($M36=0,0,(IF(MOD(($I36-F$1),$M36)=0,$G36,0))),0) -> 0 | G4: =IF(G$1>=$I36,IF($M36=0,0,(IF(MOD(($I36-G$1),$M36)=0,$G36,0))),0) -> 0 | H4: =IF(H$1>=$I36,IF($M36=0,0,(IF(MOD(($I36-H$1),$M36)=0,$G36,0))),0) -> 0 | I4: =IF(I$1>=$I36,IF($M36=0,0,(IF(MOD(($I36-I$1),$M36)=0,$G36,0))),0) -> 0 | J4: =IF(J$1>=$I36,IF($M36=0,0,(IF(MOD(($I36-J$1),$M36)=0,$G36,0))),0) -> 0 | ... X4: =IF(X$1>=$I36,IF($M36=0,0,(IF(MOD(($I36-X$1),$M36)=0,$G36,0))),0) -> 0 | Y4: =SUM(C4:X4) -> 0
A5: =A37 -> #N/A | B5: =B37 -> 0 | C5: =IF(C$1>=$I37,IF($M37=0,0,(IF(MOD(($I37-C$1),$M37)=0,$G37,0))),0) -> 0 | D5: =IF(D$1>=$I37,IF($M37=0,0,(IF(MOD(($I37-D$1),$M37)=0,$G37,0))),0) -> 0 | E5: =IF(E$1>=$I37,IF($M37=0,0,(IF(MOD(($I37-E$1),$M37)=0,$G37,0))),0) -> 0 | F5: =IF(F$1>=$I37,IF($M37=0,0,(IF(MOD(($I37-F$1),$M37)=0,$G37,0))),0) -> 0 | G5: =IF(G$1>=$I37,IF($M37=0,0,(IF(MOD(($I37-G$1),$M37)=0,$G37,0))),0) -> 0 | H5: =IF(H$1>=$I37,IF($M37=0,0,(IF(MOD(($I37-H$1),$M37)=0,$G37,0))),0) -> 0 | I5: =IF(I$1>=$I37,IF($M37=0,0,(IF(MOD(($I37-I$1),$M37)=0,$G37,0))),0) -> 0 | J5: =IF(J$1>=$I37,IF($M37=0,0,(IF(MOD(($I37-J$1),$M37)=0,$G37,0))),0) -> 0 | ... X5: =IF(X$1>=$I37,IF($M37=0,0,(IF(MOD(($I37-X$1),$M37)=0,$G37,0))),0) -> 0 | Y5: =SUM(C5:X5) -> 0
A6: =A38 -> #N/A | B6: =B38 -> 0 | C6: =IF(C$1>=$I38,IF($M38=0,0,(IF(MOD(($I38-C$1),$M38)=0,$G38,0))),0) -> 0 | D6: =IF(D$1>=$I38,IF($M38=0,0,(IF(MOD(($I38-D$1),$M38)=0,$G38,0))),0) -> 0 | E6: =IF(E$1>=$I38,IF($M38=0,0,(IF(MOD(($I38-E$1),$M38)=0,$G38,0))),0) -> 0 | F6: =IF(F$1>=$I38,IF($M38=0,0,(IF(MOD(($I38-F$1),$M38)=0,$G38,0))),0) -> 0 | G6: =IF(G$1>=$I38,IF($M38=0,0,(IF(MOD(($I38-G$1),$M38)=0,$G38,0))),0) -> 0 | H6: =IF(H$1>=$I38,IF($M38=0,0,(IF(MOD(($I38-H$1),$M38)=0,$G38,0))),0) -> 0 | I6: =IF(I$1>=$I38,IF($M38=0,0,(IF(MOD(($I38-I$1),$M38)=0,$G38,0))),0) -> 0 | J6: =IF(J$1>=$I38,IF($M38=0,0,(IF(MOD(($I38-J$1),$M38)=0,$G38,0))),0) -> 0 | ... X6: =IF(X$1>=$I38,IF($M38=0,0,(IF(MOD(($I38-X$1),$M38)=0,$G38,0))),0) -> 0 | Y6: =SUM(C6:X6) -> 0
A7: =A39 -> #N/A | B7: =B39 -> 0 | C7: =IF(C$1>=$I39,IF($M39=0,0,(IF(MOD(($I39-C$1),$M39)=0,$G39,0))),0) -> 0 | D7: =IF(D$1>=$I39,IF($M39=0,0,(IF(MOD(($I39-D$1),$M39)=0,$G39,0))),0) -> 0 | E7: =IF(E$1>=$I39,IF($M39=0,0,(IF(MOD(($I39-E$1),$M39)=0,$G39,0))),0) -> 0 | F7: =IF(F$1>=$I39,IF($M39=0,0,(IF(MOD(($I39-F$1),$M39)=0,$G39,0))),0) -> 0 | G7: =IF(G$1>=$I39,IF($M39=0,0,(IF(MOD(($I39-G$1),$M39)=0,$G39,0))),0) -> 0 | H7: =IF(H$1>=$I39,IF($M39=0,0,(IF(MOD(($I39-H$1),$M39)=0,$G39,0))),0) -> 0 | I7: =IF(I$1>=$I39,IF($M39=0,0,(IF(MOD(($I39-I$1),$M39)=0,$G39,0))),0) -> 0 | J7: =IF(J$1>=$I39,IF($M39=0,0,(IF(MOD(($I39-J$1),$M39)=0,$G39,0))),0) -> 0 | ... X7: =IF(X$1>=$I39,IF($M39=0,0,(IF(MOD(($I39-X$1),$M39)=0,$G39,0))),0) -> 0 | Y7: =SUM(C7:X7) -> 0
A8: =A40 -> #N/A | B8: =B40 -> 0 | C8: =IF(C$1>=$I40,IF($M40=0,0,(IF(MOD(($I40-C$1),$M40)=0,$G40,0))),0) -> 0 | D8: =IF(D$1>=$I40,IF($M40=0,0,(IF(MOD(($I40-D$1),$M40)=0,$G40,0))),0) -> 0 | E8: =IF(E$1>=$I40,IF($M40=0,0,(IF(MOD(($I40-E$1),$M40)=0,$G40,0))),0) -> 0 | F8: =IF(F$1>=$I40,IF($M40=0,0,(IF(MOD(($I40-F$1),$M40)=0,$G40,0))),0) -> 0 | G8: =IF(G$1>=$I40,IF($M40=0,0,(IF(MOD(($I40-G$1),$M40)=0,$G40,0))),0) -> 0 | H8: =IF(H$1>=$I40,IF($M40=0,0,(IF(MOD(($I40-H$1),$M40)=0,$G40,0))),0) -> 0 | I8: =IF(I$1>=$I40,IF($M40=0,0,(IF(MOD(($I40-I$1),$M40)=0,$G40,0))),0) -> 0 | J8: =IF(J$1>=$I40,IF($M40=0,0,(IF(MOD(($I40-J$1),$M40)=0,$G40,0))),0) -> 0 | ... X8: =IF(X$1>=$I40,IF($M40=0,0,(IF(MOD(($I40-X$1),$M40)=0,$G40,0))),0) -> 0 | Y8: =SUM(C8:X8) -> 0
A9: =A41 -> #N/A | B9: =B41 -> 0 | C9: =IF(C$1>=$I41,IF($M41=0,0,(IF(MOD(($I41-C$1),$M41)=0,$G41,0))),0) -> 0 | D9: =IF(D$1>=$I41,IF($M41=0,0,(IF(MOD(($I41-D$1),$M41)=0,$G41,0))),0) -> 0 | E9: =IF(E$1>=$I41,IF($M41=0,0,(IF(MOD(($I41-E$1),$M41)=0,$G41,0))),0) -> 0 | F9: =IF(F$1>=$I41,IF($M41=0,0,(IF(MOD(($I41-F$1),$M41)=0,$G41,0))),0) -> 0 | G9: =IF(G$1>=$I41,IF($M41=0,0,(IF(MOD(($I41-G$1),$M41)=0,$G41,0))),0) -> 0 | H9: =IF(H$1>=$I41,IF($M41=0,0,(IF(MOD(($I41-H$1),$M41)=0,$G41,0))),0) -> 0 | I9: =IF(I$1>=$I41,IF($M41=0,0,(IF(MOD(($I41-I$1),$M41)=0,$G41,0))),0) -> 0 | J9: =IF(J$1>=$I41,IF($M41=0,0,(IF(MOD(($I41-J$1),$M41)=0,$G41,0))),0) -> 0 | ... X9: =IF(X$1>=$I41,IF($M41=0,0,(IF(MOD(($I41-X$1),$M41)=0,$G41,0))),0) -> 0 | Y9: =SUM(C9:X9) -> 0
B10: =B42 -> Indv. Vedligehold
A11: =A43 -> #N/A | B11: =B43 -> 0 | C11: =IF(C$1>=$I43,IF($M43=0,0,(IF(MOD(($I43-C$1),$M43)=0,$G43,0))),0) -> 0 | D11: =IF(D$1>=$I43,IF($M43=0,0,(IF(MOD(($I43-D$1),$M43)=0,$G43,0))),0) -> 0 | E11: =IF(E$1>=$I43,IF($M43=0,0,(IF(MOD(($I43-E$1),$M43)=0,$G43,0))),0) -> 0 | F11: =IF(F$1>=$I43,IF($M43=0,0,(IF(MOD(($I43-F$1),$M43)=0,$G43,0))),0) -> 0 | G11: =IF(G$1>=$I43,IF($M43=0,0,(IF(MOD(($I43-G$1),$M43)=0,$G43,0))),0) -> 0 | H11: =IF(H$1>=$I43,IF($M43=0,0,(IF(MOD(($I43-H$1),$M43)=0,$G43,0))),0) -> 0 | I11: =IF(I$1>=$I43,IF($M43=0,0,(IF(MOD(($I43-I$1),$M43)=0,$G43,0))),0) -> 0 | J11: =IF(J$1>=$I43,IF($M43=0,0,(IF(MOD(($I43-J$1),$M43)=0,$G43,0))),0) -> 0 | ... X11: =IF(X$1>=$I43,IF($M43=0,0,(IF(MOD(($I43-X$1),$M43)=0,$G43,0))),0) -> 0 | Y11: =SUM(C11:X11) -> 0
A12: =A44 -> #N/A | B12: =B44 -> 0 | C12: =IF(C$1>=$I44,IF($M44=0,0,(IF(MOD(($I44-C$1),$M44)=0,$G44,0))),0) -> 0 | D12: =IF(D$1>=$I44,IF($M44=0,0,(IF(MOD(($I44-D$1),$M44)=0,$G44,0))),0) -> 0 | E12: =IF(E$1>=$I44,IF($M44=0,0,(IF(MOD(($I44-E$1),$M44)=0,$G44,0))),0) -> 0 | F12: =IF(F$1>=$I44,IF($M44=0,0,(IF(MOD(($I44-F$1),$M44)=0,$G44,0))),0) -> 0 | G12: =IF(G$1>=$I44,IF($M44=0,0,(IF(MOD(($I44-G$1),$M44)=0,$G44,0))),0) -> 0 | H12: =IF(H$1>=$I44,IF($M44=0,0,(IF(MOD(($I44-H$1),$M44)=0,$G44,0))),0) -> 0 | I12: =IF(I$1>=$I44,IF($M44=0,0,(IF(MOD(($I44-I$1),$M44)=0,$G44,0))),0) -> 0 | J12: =IF(J$1>=$I44,IF($M44=0,0,(IF(MOD(($I44-J$1),$M44)=0,$G44,0))),0) -> 0 | ... X12: =IF(X$1>=$I44,IF($M44=0,0,(IF(MOD(($I44-X$1),$M44)=0,$G44,0))),0) -> 0 | Y12: =SUM(C12:X12) -> 0
A13: =A45 -> #N/A | B13: =B45 -> 0 | C13: =IF(C$1>=$I45,IF($M45=0,0,(IF(MOD(($I45-C$1),$M45)=0,$G45,0))),0) -> 0 | D13: =IF(D$1>=$I45,IF($M45=0,0,(IF(MOD(($I45-D$1),$M45)=0,$G45,0))),0) -> 0 | E13: =IF(E$1>=$I45,IF($M45=0,0,(IF(MOD(($I45-E$1),$M45)=0,$G45,0))),0) -> 0 | F13: =IF(F$1>=$I45,IF($M45=0,0,(IF(MOD(($I45-F$1),$M45)=0,$G45,0))),0) -> 0 | G13: =IF(G$1>=$I45,IF($M45=0,0,(IF(MOD(($I45-G$1),$M45)=0,$G45,0))),0) -> 0 | H13: =IF(H$1>=$I45,IF($M45=0,0,(IF(MOD(($I45-H$1),$M45)=0,$G45,0))),0) -> 0 | I13: =IF(I$1>=$I45,IF($M45=0,0,(IF(MOD(($I45-I$1),$M45)=0,$G45,0))),0) -> 0 | J13: =IF(J$1>=$I45,IF($M45=0,0,(IF(MOD(($I45-J$1),$M45)=0,$G45,0))),0) -> 0 | ... X13: =IF(X$1>=$I45,IF($M45=0,0,(IF(MOD(($I45-X$1),$M45)=0,$G45,0))),0) -> 0 | Y13: =SUM(C13:X13) -> 0
A14: =A46 -> #N/A | B14: =B46 -> 0 | C14: =IF(C$1>=$I46,IF($M46=0,0,(IF(MOD(($I46-C$1),$M46)=0,$G46,0))),0) -> 0 | D14: =IF(D$1>=$I46,IF($M46=0,0,(IF(MOD(($I46-D$1),$M46)=0,$G46,0))),0) -> 0 | E14: =IF(E$1>=$I46,IF($M46=0,0,(IF(MOD(($I46-E$1),$M46)=0,$G46,0))),0) -> 0 | F14: =IF(F$1>=$I46,IF($M46=0,0,(IF(MOD(($I46-F$1),$M46)=0,$G46,0))),0) -> 0 | G14: =IF(G$1>=$I46,IF($M46=0,0,(IF(MOD(($I46-G$1),$M46)=0,$G46,0))),0) -> 0 | H14: =IF(H$1>=$I46,IF($M46=0,0,(IF(MOD(($I46-H$1),$M46)=0,$G46,0))),0) -> 0 | I14: =IF(I$1>=$I46,IF($M46=0,0,(IF(MOD(($I46-I$1),$M46)=0,$G46,0))),0) -> 0 | J14: =IF(J$1>=$I46,IF($M46=0,0,(IF(MOD(($I46-J$1),$M46)=0,$G46,0))),0) -> 0 | ... X14: =IF(X$1>=$I46,IF($M46=0,0,(IF(MOD(($I46-X$1),$M46)=0,$G46,0))),0) -> 0 | Y14: =SUM(C14:X14) -> 0
A15: =A47 -> #N/A | B15: =B47 -> 0 | C15: =IF(C$1>=$I47,IF($M47=0,0,(IF(MOD(($I47-C$1),$M47)=0,$G47,0))),0) -> 0 | D15: =IF(D$1>=$I47,IF($M47=0,0,(IF(MOD(($I47-D$1),$M47)=0,$G47,0))),0) -> 0 | E15: =IF(E$1>=$I47,IF($M47=0,0,(IF(MOD(($I47-E$1),$M47)=0,$G47,0))),0) -> 0 | F15: =IF(F$1>=$I47,IF($M47=0,0,(IF(MOD(($I47-F$1),$M47)=0,$G47,0))),0) -> 0 | G15: =IF(G$1>=$I47,IF($M47=0,0,(IF(MOD(($I47-G$1),$M47)=0,$G47,0))),0) -> 0 | H15: =IF(H$1>=$I47,IF($M47=0,0,(IF(MOD(($I47-H$1),$M47)=0,$G47,0))),0) -> 0 | I15: =IF(I$1>=$I47,IF($M47=0,0,(IF(MOD(($I47-I$1),$M47)=0,$G47,0))),0) -> 0 | J15: =IF(J$1>=$I47,IF($M47=0,0,(IF(MOD(($I47-J$1),$M47)=0,$G47,0))),0) -> 0 | ... X15: =IF(X$1>=$I47,IF($M47=0,0,(IF(MOD(($I47-X$1),$M47)=0,$G47,0))),0) -> 0 | Y15: =SUM(C15:X15) -> 0
A16: =A48 -> #N/A | B16: =B48 -> 0 | C16: =IF(C$1>=$I48,IF($M48=0,0,(IF(MOD(($I48-C$1),$M48)=0,$G48,0))),0) -> 0 | D16: =IF(D$1>=$I48,IF($M48=0,0,(IF(MOD(($I48-D$1),$M48)=0,$G48,0))),0) -> 0 | E16: =IF(E$1>=$I48,IF($M48=0,0,(IF(MOD(($I48-E$1),$M48)=0,$G48,0))),0) -> 0 | F16: =IF(F$1>=$I48,IF($M48=0,0,(IF(MOD(($I48-F$1),$M48)=0,$G48,0))),0) -> 0 | G16: =IF(G$1>=$I48,IF($M48=0,0,(IF(MOD(($I48-G$1),$M48)=0,$G48,0))),0) -> 0 | H16: =IF(H$1>=$I48,IF($M48=0,0,(IF(MOD(($I48-H$1),$M48)=0,$G48,0))),0) -> 0 | I16: =IF(I$1>=$I48,IF($M48=0,0,(IF(MOD(($I48-I$1),$M48)=0,$G48,0))),0) -> 0 | J16: =IF(J$1>=$I48,IF($M48=0,0,(IF(MOD(($I48-J$1),$M48)=0,$G48,0))),0) -> 0 | ... X16: =IF(X$1>=$I48,IF($M48=0,0,(IF(MOD(($I48-X$1),$M48)=0,$G48,0))),0) -> 0 | Y16: =SUM(C16:X16) -> 0
A17: =A49 -> #N/A | B17: =B49 -> 0 | C17: =IF(C$1>=$I49,IF($M49=0,0,(IF(MOD(($I49-C$1),$M49)=0,$G49,0))),0) -> 0 | D17: =IF(D$1>=$I49,IF($M49=0,0,(IF(MOD(($I49-D$1),$M49)=0,$G49,0))),0) -> 0 | E17: =IF(E$1>=$I49,IF($M49=0,0,(IF(MOD(($I49-E$1),$M49)=0,$G49,0))),0) -> 0 | F17: =IF(F$1>=$I49,IF($M49=0,0,(IF(MOD(($I49-F$1),$M49)=0,$G49,0))),0) -> 0 | G17: =IF(G$1>=$I49,IF($M49=0,0,(IF(MOD(($I49-G$1),$M49)=0,$G49,0))),0) -> 0 | H17: =IF(H$1>=$I49,IF($M49=0,0,(IF(MOD(($I49-H$1),$M49)=0,$G49,0))),0) -> 0 | I17: =IF(I$1>=$I49,IF($M49=0,0,(IF(MOD(($I49-I$1),$M49)=0,$G49,0))),0) -> 0 | J17: =IF(J$1>=$I49,IF($M49=0,0,(IF(MOD(($I49-J$1),$M49)=0,$G49,0))),0) -> 0 | ... X17: =IF(X$1>=$I49,IF($M49=0,0,(IF(MOD(($I49-X$1),$M49)=0,$G49,0))),0) -> 0 | Y17: =SUM(C17:X17) -> 0
B18: =B50 -> Tekniske Installationer
A19: =A51 -> #N/A | B19: =B51 -> 0 | C19: =IF(C$1>=$I51,IF($M51=0,0,(IF(MOD(($I51-C$1),$M51)=0,$G51,0))),0) -> 0 | D19: =IF(D$1>=$I51,IF($M51=0,0,(IF(MOD(($I51-D$1),$M51)=0,$G51,0))),0) -> 0 | E19: =IF(E$1>=$I51,IF($M51=0,0,(IF(MOD(($I51-E$1),$M51)=0,$G51,0))),0) -> 0 | F19: =IF(F$1>=$I51,IF($M51=0,0,(IF(MOD(($I51-F$1),$M51)=0,$G51,0))),0) -> 0 | G19: =IF(G$1>=$I51,IF($M51=0,0,(IF(MOD(($I51-G$1),$M51)=0,$G51,0))),0) -> 0 | H19: =IF(H$1>=$I51,IF($M51=0,0,(IF(MOD(($I51-H$1),$M51)=0,$G51,0))),0) -> 0 | I19: =IF(I$1>=$I51,IF($M51=0,0,(IF(MOD(($I51-I$1),$M51)=0,$G51,0))),0) -> 0 | J19: =IF(J$1>=$I51,IF($M51=0,0,(IF(MOD(($I51-J$1),$M51)=0,$G51,0))),0) -> 0 | ... X19: =IF(X$1>=$I51,IF($M51=0,0,(IF(MOD(($I51-X$1),$M51)=0,$G51,0))),0) -> 0 | Y19: =SUM(C19:X19) -> 0
A20: =A52 -> #N/A | B20: =B52 -> 0 | C20: =IF(C$1>=$I52,IF($M52=0,0,(IF(MOD(($I52-C$1),$M52)=0,$G52,0))),0) -> 0 | D20: =IF(D$1>=$I52,IF($M52=0,0,(IF(MOD(($I52-D$1),$M52)=0,$G52,0))),0) -> 0 | E20: =IF(E$1>=$I52,IF($M52=0,0,(IF(MOD(($I52-E$1),$M52)=0,$G52,0))),0) -> 0 | F20: =IF(F$1>=$I52,IF($M52=0,0,(IF(MOD(($I52-F$1),$M52)=0,$G52,0))),0) -> 0 | G20: =IF(G$1>=$I52,IF($M52=0,0,(IF(MOD(($I52-G$1),$M52)=0,$G52,0))),0) -> 0 | H20: =IF(H$1>=$I52,IF($M52=0,0,(IF(MOD(($I52-H$1),$M52)=0,$G52,0))),0) -> 0 | I20: =IF(I$1>=$I52,IF($M52=0,0,(IF(MOD(($I52-I$1),$M52)=0,$G52,0))),0) -> 0 | J20: =IF(J$1>=$I52,IF($M52=0,0,(IF(MOD(($I52-J$1),$M52)=0,$G52,0))),0) -> 0 | ... X20: =IF(X$1>=$I52,IF($M52=0,0,(IF(MOD(($I52-X$1),$M52)=0,$G52,0))),0) -> 0 | Y20: =SUM(C20:X20) -> 0
A21: =A53 -> #N/A | B21: =B53 -> 0 | C21: =IF(C$1>=$I53,IF($M53=0,0,(IF(MOD(($I53-C$1),$M53)=0,$G53,0))),0) -> 0 | D21: =IF(D$1>=$I53,IF($M53=0,0,(IF(MOD(($I53-D$1),$M53)=0,$G53,0))),0) -> 0 | E21: =IF(E$1>=$I53,IF($M53=0,0,(IF(MOD(($I53-E$1),$M53)=0,$G53,0))),0) -> 0 | F21: =IF(F$1>=$I53,IF($M53=0,0,(IF(MOD(($I53-F$1),$M53)=0,$G53,0))),0) -> 0 | G21: =IF(G$1>=$I53,IF($M53=0,0,(IF(MOD(($I53-G$1),$M53)=0,$G53,0))),0) -> 0 | H21: =IF(H$1>=$I53,IF($M53=0,0,(IF(MOD(($I53-H$1),$M53)=0,$G53,0))),0) -> 0 | I21: =IF(I$1>=$I53,IF($M53=0,0,(IF(MOD(($I53-I$1),$M53)=0,$G53,0))),0) -> 0 | J21: =IF(J$1>=$I53,IF($M53=0,0,(IF(MOD(($I53-J$1),$M53)=0,$G53,0))),0) -> 0 | ... X21: =IF(X$1>=$I53,IF($M53=0,0,(IF(MOD(($I53-X$1),$M53)=0,$G53,0))),0) -> 0 | Y21: =SUM(C21:X21) -> 0
B22: =B54 -> Sikringsanlæg
A23: =A55 -> #N/A | B23: =B55 -> 0 | C23: =IF(C$1>=$I55,IF($M55=0,0,(IF(MOD(($I55-C$1),$M55)=0,$G55,0))),0) -> 0 | D23: =IF(D$1>=$I55,IF($M55=0,0,(IF(MOD(($I55-D$1),$M55)=0,$G55,0))),0) -> 0 | E23: =IF(E$1>=$I55,IF($M55=0,0,(IF(MOD(($I55-E$1),$M55)=0,$G55,0))),0) -> 0 | F23: =IF(F$1>=$I55,IF($M55=0,0,(IF(MOD(($I55-F$1),$M55)=0,$G55,0))),0) -> 0 | G23: =IF(G$1>=$I55,IF($M55=0,0,(IF(MOD(($I55-G$1),$M55)=0,$G55,0))),0) -> 0 | H23: =IF(H$1>=$I55,IF($M55=0,0,(IF(MOD(($I55-H$1),$M55)=0,$G55,0))),0) -> 0 | I23: =IF(I$1>=$I55,IF($M55=0,0,(IF(MOD(($I55-I$1),$M55)=0,$G55,0))),0) -> 0 | J23: =IF(J$1>=$I55,IF($M55=0,0,(IF(MOD(($I55-J$1),$M55)=0,$G55,0))),0) -> 0 | ... X23: =IF(X$1>=$I55,IF($M55=0,0,(IF(MOD(($I55-X$1),$M55)=0,$G55,0))),0) -> 0 | Y23: =SUM(C23:X23) -> 0
A24: =A56 -> #N/A | B24: =B56 -> 0 | C24: =IF(C$1>=$I56,IF($M56=0,0,(IF(MOD(($I56-C$1),$M56)=0,$G56,0))),0) -> 0 | D24: =IF(D$1>=$I56,IF($M56=0,0,(IF(MOD(($I56-D$1),$M56)=0,$G56,0))),0) -> 0 | E24: =IF(E$1>=$I56,IF($M56=0,0,(IF(MOD(($I56-E$1),$M56)=0,$G56,0))),0) -> 0 | F24: =IF(F$1>=$I56,IF($M56=0,0,(IF(MOD(($I56-F$1),$M56)=0,$G56,0))),0) -> 0 | G24: =IF(G$1>=$I56,IF($M56=0,0,(IF(MOD(($I56-G$1),$M56)=0,$G56,0))),0) -> 0 | H24: =IF(H$1>=$I56,IF($M56=0,0,(IF(MOD(($I56-H$1),$M56)=0,$G56,0))),0) -> 0 | I24: =IF(I$1>=$I56,IF($M56=0,0,(IF(MOD(($I56-I$1),$M56)=0,$G56,0))),0) -> 0 | J24: =IF(J$1>=$I56,IF($M56=0,0,(IF(MOD(($I56-J$1),$M56)=0,$G56,0))),0) -> 0 | ... X24: =IF(X$1>=$I56,IF($M56=0,0,(IF(MOD(($I56-X$1),$M56)=0,$G56,0))),0) -> 0 | Y24: =SUM(C24:X24) -> 0
A25: =A57 -> #N/A | B25: =B57 -> 0 | C25: =IF(C$1>=$I57,IF($M57=0,0,(IF(MOD(($I57-C$1),$M57)=0,$G57,0))),0) -> 0 | D25: =IF(D$1>=$I57,IF($M57=0,0,(IF(MOD(($I57-D$1),$M57)=0,$G57,0))),0) -> 0 | E25: =IF(E$1>=$I57,IF($M57=0,0,(IF(MOD(($I57-E$1),$M57)=0,$G57,0))),0) -> 0 | F25: =IF(F$1>=$I57,IF($M57=0,0,(IF(MOD(($I57-F$1),$M57)=0,$G57,0))),0) -> 0 | G25: =IF(G$1>=$I57,IF($M57=0,0,(IF(MOD(($I57-G$1),$M57)=0,$G57,0))),0) -> 0 | H25: =IF(H$1>=$I57,IF($M57=0,0,(IF(MOD(($I57-H$1),$M57)=0,$G57,0))),0) -> 0 | I25: =IF(I$1>=$I57,IF($M57=0,0,(IF(MOD(($I57-I$1),$M57)=0,$G57,0))),0) -> 0 | J25: =IF(J$1>=$I57,IF($M57=0,0,(IF(MOD(($I57-J$1),$M57)=0,$G57,0))),0) -> 0 | ... X25: =IF(X$1>=$I57,IF($M57=0,0,(IF(MOD(($I57-X$1),$M57)=0,$G57,0))),0) -> 0 | Y25: =SUM(C25:X25) -> 0
B26: =B58 -> Andet
A27: =A59 -> #N/A | B27: =B59 -> 0 | C27: =IF(C$1>=$I59,IF($M59=0,0,(IF(MOD(($I59-C$1),$M59)=0,$G59,0))),0) -> 0 | D27: =IF(D$1>=$I59,IF($M59=0,0,(IF(MOD(($I59-D$1),$M59)=0,$G59,0))),0) -> 0 | E27: =IF(E$1>=$I59,IF($M59=0,0,(IF(MOD(($I59-E$1),$M59)=0,$G59,0))),0) -> 0 | F27: =IF(F$1>=$I59,IF($M59=0,0,(IF(MOD(($I59-F$1),$M59)=0,$G59,0))),0) -> 0 | G27: =IF(G$1>=$I59,IF($M59=0,0,(IF(MOD(($I59-G$1),$M59)=0,$G59,0))),0) -> 0 | H27: =IF(H$1>=$I59,IF($M59=0,0,(IF(MOD(($I59-H$1),$M59)=0,$G59,0))),0) -> 0 | I27: =IF(I$1>=$I59,IF($M59=0,0,(IF(MOD(($I59-I$1),$M59)=0,$G59,0))),0) -> 0 | J27: =IF(J$1>=$I59,IF($M59=0,0,(IF(MOD(($I59-J$1),$M59)=0,$G59,0))),0) -> 0 | ... X27: =IF(X$1>=$I59,IF($M59=0,0,(IF(MOD(($I59-X$1),$M59)=0,$G59,0))),0) -> 0 | Y27: =SUM(C27:X27) -> 0
A28: =A60 -> #N/A | B28: =B60 -> 0 | C28: =IF(C$1>=$I60,IF($M60=0,0,(IF(MOD(($I60-C$1),$M60)=0,$G60,0))),0) -> 0 | D28: =IF(D$1>=$I60,IF($M60=0,0,(IF(MOD(($I60-D$1),$M60)=0,$G60,0))),0) -> 0 | E28: =IF(E$1>=$I60,IF($M60=0,0,(IF(MOD(($I60-E$1),$M60)=0,$G60,0))),0) -> 0 | F28: =IF(F$1>=$I60,IF($M60=0,0,(IF(MOD(($I60-F$1),$M60)=0,$G60,0))),0) -> 0 | G28: =IF(G$1>=$I60,IF($M60=0,0,(IF(MOD(($I60-G$1),$M60)=0,$G60,0))),0) -> 0 | H28: =IF(H$1>=$I60,IF($M60=0,0,(IF(MOD(($I60-H$1),$M60)=0,$G60,0))),0) -> 0 | I28: =IF(I$1>=$I60,IF($M60=0,0,(IF(MOD(($I60-I$1),$M60)=0,$G60,0))),0) -> 0 | J28: =IF(J$1>=$I60,IF($M60=0,0,(IF(MOD(($I60-J$1),$M60)=0,$G60,0))),0) -> 0 | ... X28: =IF(X$1>=$I60,IF($M60=0,0,(IF(MOD(($I60-X$1),$M60)=0,$G60,0))),0) -> 0 | Y28: =SUM(C28:X28) -> 0
A29: =A61 -> #N/A | B29: =B61 -> 0 | C29: =IF(C$1>=$I61,IF($M61=0,0,(IF(MOD(($I61-C$1),$M61)=0,$G61,0))),0) -> 0 | D29: =IF(D$1>=$I61,IF($M61=0,0,(IF(MOD(($I61-D$1),$M61)=0,$G61,0))),0) -> 0 | E29: =IF(E$1>=$I61,IF($M61=0,0,(IF(MOD(($I61-E$1),$M61)=0,$G61,0))),0) -> 0 | F29: =IF(F$1>=$I61,IF($M61=0,0,(IF(MOD(($I61-F$1),$M61)=0,$G61,0))),0) -> 0 | G29: =IF(G$1>=$I61,IF($M61=0,0,(IF(MOD(($I61-G$1),$M61)=0,$G61,0))),0) -> 0 | H29: =IF(H$1>=$I61,IF($M61=0,0,(IF(MOD(($I61-H$1),$M61)=0,$G61,0))),0) -> 0 | I29: =IF(I$1>=$I61,IF($M61=0,0,(IF(MOD(($I61-I$1),$M61)=0,$G61,0))),0) -> 0 | J29: =IF(J$1>=$I61,IF($M61=0,0,(IF(MOD(($I61-J$1),$M61)=0,$G61,0))),0) -> 0 | ... X29: =IF(X$1>=$I61,IF($M61=0,0,(IF(MOD(($I61-X$1),$M61)=0,$G61,0))),0) -> 0 | Y29: =SUM(C29:X29) -> 0
B30: Total pr år | C30: =SUM(C3:C26) -> 0 | D30: =SUM(D3:D26) -> 0 | E30: =SUM(E3:E26) -> 0 | F30: =SUM(F3:F26) -> 0 | G30: =SUM(G3:G26) -> 0 | H30: =SUM(H3:H26) -> 0 | I30: =SUM(I3:I26) -> 0 | J30: =SUM(J3:J26) -> 0 | ... Y30: =SUM(Y3:Y26) -> 0
C32: Mængde | D32: Enhed | E32: Enhedspris | G32: Samlet udgift | I32: Tidligste udførelse | K32: Senest udførelse | M32: Interval | O32: Pris kvalitet | Q32: Karakter | T32: Bemærkninger
B33: Udv. Vedligehold
B34: Generelt:
A35: =VLOOKUP(B35,Priskatalog!A:J,10,FALSE) -> #N/A | G35: =C35*E35 -> 0 | N35: år
A36: =VLOOKUP(B36,Priskatalog!A:J,10,FALSE) -> #N/A | G36: =C36*E36 -> 0 | N36: år
A37: =VLOOKUP(B37,Priskatalog!A:J,10,FALSE) -> #N/A | G37: =C37*E37 -> 0 | N37: år
A38: =VLOOKUP(B38,Priskatalog!A:J,10,FALSE) -> #N/A | G38: =C38*E38 -> 0 | N38: år
A39: =VLOOKUP(B39,Priskatalog!A:J,10,FALSE) -> #N/A | G39: =C39*E39 -> 0 | N39: år
A40: =VLOOKUP(B40,Priskatalog!A:J,10,FALSE) -> #N/A | G40: =C40*E40 -> 0 | N40: år
A41: =VLOOKUP(B41,Priskatalog!A:J,10,FALSE) -> #N/A | G41: =C41*E41 -> 0 | N41: år
B42: Indv. Vedligehold
A43: =VLOOKUP(B43,Priskatalog!A:J,10,FALSE) -> #N/A | G43: =C43*E43 -> 0 | N43: år
A44: =VLOOKUP(B44,Priskatalog!A:J,10,FALSE) -> #N/A | G44: =C44*E44 -> 0 | N44: år
A45: =VLOOKUP(B45,Priskatalog!A:J,10,FALSE) -> #N/A | G45: =C45*E45 -> 0 | N45: år
A46: =VLOOKUP(B46,Priskatalog!A:J,10,FALSE) -> #N/A | G46: =C46*E46 -> 0 | N46: år
A47: =VLOOKUP(B47,Priskatalog!A:J,10,FALSE) -> #N/A | G47: =C47*E47 -> 0 | N47: år
A48: =VLOOKUP(B48,Priskatalog!A:J,10,FALSE) -> #N/A | G48: =C48*E48 -> 0 | N48: år
A49: =VLOOKUP(B49,Priskatalog!A:J,10,FALSE) -> #N/A | G49: =C49*E49 -> 0 | N49: år
B50: Tekniske Installationer
A51: =VLOOKUP(B51,Priskatalog!A:J,10,FALSE) -> #N/A | G51: =C51*E51 -> 0 | N51: år
A52: =VLOOKUP(B52,Priskatalog!A:J,10,FALSE) -> #N/A | G52: =C52*E52 -> 0 | N52: år
A53: =VLOOKUP(B53,Priskatalog!A:J,10,FALSE) -> #N/A | G53: =C53*E53 -> 0 | N53: år
B54: Sikringsanlæg
A55: =VLOOKUP(B55,Priskatalog!A:J,10,FALSE) -> #N/A | G55: =C55*E55 -> 0 | N55: år
A56: =VLOOKUP(B56,Priskatalog!A:J,10,FALSE) -> #N/A | G56: =C56*E56 -> 0 | N56: år
A57: =VLOOKUP(B57,Priskatalog!A:J,10,FALSE) -> #N/A | G57: =C57*E57 -> 0 | N57: år
B58: Andet
A59: =VLOOKUP(B59,Priskatalog!A:J,10,FALSE) -> #N/A | G59: =C59*E59 -> 0 | N59: år
A60: =VLOOKUP(B60,Priskatalog!A:J,10,FALSE) -> #N/A | G60: =C60*E60 -> 0 | N60: år
A61: =VLOOKUP(B61,Priskatalog!A:J,10,FALSE) -> #N/A | G61: =C61*E61 -> 0 | N61: år

Sheet Algade 40
B1: Tilbage til årsoversigt | C1: 2024 | D1: 2025 | E1: 2026 | F1: 2027 | G1: 2028 | H1: 2029 | I1: 2030 | J1: 2031 | K1: 2032 | L1: 2033 | M1: 2034 | N1: 2035 | O1: 2036 | P1: 2037 | Q1: 2038 | R1: 2039 | S1: 2040 | T1: 2041 | U1: 2042 | V1: 2043 | W1: 2044 | X1: 2045 | Y1: Total
A2: SFB nr. | B2: Udv. Vedligehold
A3: =A35 -> #N/A | B3: =B35 -> 0 | C3: =IF(C$1>=$I35,IF($M35=0,0,(IF(MOD(($I35-C$1),$M35)=0,$G35,0))),0) -> 0 | D3: =IF(D$1>=$I35,IF($M35=0,0,(IF(MOD(($I35-D$1),$M35)=0,$G35,0))),0) -> 0 | E3: =IF(E$1>=$I35,IF($M35=0,0,(IF(MOD(($I35-E$1),$M35)=0,$G35,0))),0) -> 0 | F3: =IF(F$1>=$I35,IF($M35=0,0,(IF(MOD(($I35-F$1),$M35)=0,$G35,0))),0) -> 0 | G3: =IF(G$1>=$I35,IF($M35=0,0,(IF(MOD(($I35-G$1),$M35)=0,$G35,0))),0) -> 0 | H3: =IF(H$1>=$I35,IF($M35=0,0,(IF(MOD(($I35-H$1),$M35)=0,$G35,0))),0) -> 0 | I3: =IF(I$1>=$I35,IF($M35=0,0,(IF(MOD(($I35-I$1),$M35)=0,$G35,0))),0) -> 0 | J3: =IF(J$1>=$I35,IF($M35=0,0,(IF(MOD(($I35-J$1),$M35)=0,$G35,0))),0) -> 0 | ... X3: =IF(X$1>=$I35,IF($M35=0,0,(IF(MOD(($I35-X$1),$M35)=0,$G35,0))),0) -> 0 | Y3: =SUM(C3:X3) -> 0
A4: =A36 -> #N/A | B4: =B36 -> 0 | C4: =IF(C$1>=$I36,IF($M36=0,0,(IF(MOD(($I36-C$1),$M36)=0,$G36,0))),0) -> 0 | D4: =IF(D$1>=$I36,IF($M36=0,0,(IF(MOD(($I36-D$1),$M36)=0,$G36,0))),0) -> 0 | E4: =IF(E$1>=$I36,IF($M36=0,0,(IF(MOD(($I36-E$1),$M36)=0,$G36,0))),0) -> 0 | F4: =IF(F$1>=$I36,IF($M36=0,0,(IF(MOD(($I36-F$1),$M36)=0,$G36,0))),0) -> 0 | G4: =IF(G$1>=$I36,IF($M36=0,0,(IF(MOD(($I36-G$1),$M36)=0,$G36,0))),0) -> 0 | H4: =IF(H$1>=$I36,IF($M36=0,0,(IF(MOD(($I36-H$1),$M36)=0,$G36,0))),0) -> 0 | I4: =IF(I$1>=$I36,IF($M36=0,0,(IF(MOD(($I36-I$1),$M36)=0,$G36,0))),0) -> 0 | J4: =IF(J$1>=$I36,IF($M36=0,0,(IF(MOD(($I36-J$1),$M36)=0,$G36,0))),0) -> 0 | ... X4: =IF(X$1>=$I36,IF($M36=0,0,(IF(MOD(($I36-X$1),$M36)=0,$G36,0))),0) -> 0 | Y4: =SUM(C4:X4) -> 0
A5: =A37 -> #N/A | B5: =B37 -> 0 | C5: =IF(C$1>=$I37,IF($M37=0,0,(IF(MOD(($I37-C$1),$M37)=0,$G37,0))),0) -> 0 | D5: =IF(D$1>=$I37,IF($M37=0,0,(IF(MOD(($I37-D$1),$M37)=0,$G37,0))),0) -> 0 | E5: =IF(E$1>=$I37,IF($M37=0,0,(IF(MOD(($I37-E$1),$M37)=0,$G37,0))),0) -> 0 | F5: =IF(F$1>=$I37,IF($M37=0,0,(IF(MOD(($I37-F$1),$M37)=0,$G37,0))),0) -> 0 | G5: =IF(G$1>=$I37,IF($M37=0,0,(IF(MOD(($I37-G$1),$M37)=0,$G37,0))),0) -> 0 | H5: =IF(H$1>=$I37,IF($M37=0,0,(IF(MOD(($I37-H$1),$M37)=0,$G37,0))),0) -> 0 | I5: =IF(I$1>=$I37,IF($M37=0,0,(IF(MOD(($I37-I$1),$M37)=0,$G37,0))),0) -> 0 | J5: =IF(J$1>=$I37,IF($M37=0,0,(IF(MOD(($I37-J$1),$M37)=0,$G37,0))),0) -> 0 | ... X5: =IF(X$1>=$I37,IF($M37=0,0,(IF(MOD(($I37-X$1),$M37)=0,$G37,0))),0) -> 0 | Y5: =SUM(C5:X5) -> 0
A6: =A38 -> #N/A | B6: =B38 -> 0 | C6: =IF(C$1>=$I38,IF($M38=0,0,(IF(MOD(($I38-C$1),$M38)=0,$G38,0))),0) -> 0 | D6: =IF(D$1>=$I38,IF($M38=0,0,(IF(MOD(($I38-D$1),$M38)=0,$G38,0))),0) -> 0 | E6: =IF(E$1>=$I38,IF($M38=0,0,(IF(MOD(($I38-E$1),$M38)=0,$G38,0))),0) -> 0 | F6: =IF(F$1>=$I38,IF($M38=0,0,(IF(MOD(($I38-F$1),$M38)=0,$G38,0))),0) -> 0 | G6: =IF(G$1>=$I38,IF($M38=0,0,(IF(MOD(($I38-G$1),$M38)=0,$G38,0))),0) -> 0 | H6: =IF(H$1>=$I38,IF($M38=0,0,(IF(MOD(($I38-H$1),$M38)=0,$G38,0))),0) -> 0 | I6: =IF(I$1>=$I38,IF($M38=0,0,(IF(MOD(($I38-I$1),$M38)=0,$G38,0))),0) -> 0 | J6: =IF(J$1>=$I38,IF($M38=0,0,(IF(MOD(($I38-J$1),$M38)=0,$G38,0))),0) -> 0 | ... X6: =IF(X$1>=$I38,IF($M38=0,0,(IF(MOD(($I38-X$1),$M38)=0,$G38,0))),0) -> 0 | Y6: =SUM(C6:X6) -> 0
A7: =A39 -> #N/A | B7: =B39 -> 0 | C7: =IF(C$1>=$I39,IF($M39=0,0,(IF(MOD(($I39-C$1),$M39)=0,$G39,0))),0) -> 0 | D7: =IF(D$1>=$I39,IF($M39=0,0,(IF(MOD(($I39-D$1),$M39)=0,$G39,0))),0) -> 0 | E7: =IF(E$1>=$I39,IF($M39=0,0,(IF(MOD(($I39-E$1),$M39)=0,$G39,0))),0) -> 0 | F7: =IF(F$1>=$I39,IF($M39=0,0,(IF(MOD(($I39-F$1),$M39)=0,$G39,0))),0) -> 0 | G7: =IF(G$1>=$I39,IF($M39=0,0,(IF(MOD(($I39-G$1),$M39)=0,$G39,0))),0) -> 0 | H7: =IF(H$1>=$I39,IF($M39=0,0,(IF(MOD(($I39-H$1),$M39)=0,$G39,0))),0) -> 0 | I7: =IF(I$1>=$I39,IF($M39=0,0,(IF(MOD(($I39-I$1),$M39)=0,$G39,0))),0) -> 0 | J7: =IF(J$1>=$I39,IF($M39=0,0,(IF(MOD(($I39-J$1),$M39)=0,$G39,0))),0) -> 0 | ... X7: =IF(X$1>=$I39,IF($M39=0,0,(IF(MOD(($I39-X$1),$M39)=0,$G39,0))),0) -> 0 | Y7: =SUM(C7:X7) -> 0
A8: =A40 -> #N/A | B8: =B40 -> 0 | C8: =IF(C$1>=$I40,IF($M40=0,0,(IF(MOD(($I40-C$1),$M40)=0,$G40,0))),0) -> 0 | D8: =IF(D$1>=$I40,IF($M40=0,0,(IF(MOD(($I40-D$1),$M40)=0,$G40,0))),0) -> 0 | E8: =IF(E$1>=$I40,IF($M40=0,0,(IF(MOD(($I40-E$1),$M40)=0,$G40,0))),0) -> 0 | F8: =IF(F$1>=$I40,IF($M40=0,0,(IF(MOD(($I40-F$1),$M40)=0,$G40,0))),0) -> 0 | G8: =IF(G$1>=$I40,IF($M40=0,0,(IF(MOD(($I40-G$1),$M40)=0,$G40,0))),0) -> 0 | H8: =IF(H$1>=$I40,IF($M40=0,0,(IF(MOD(($I40-H$1),$M40)=0,$G40,0))),0) -> 0 | I8: =IF(I$1>=$I40,IF($M40=0,0,(IF(MOD(($I40-I$1),$M40)=0,$G40,0))),0) -> 0 | J8: =IF(J$1>=$I40,IF($M40=0,0,(IF(MOD(($I40-J$1),$M40)=0,$G40,0))),0) -> 0 | ... X8: =IF(X$1>=$I40,IF($M40=0,0,(IF(MOD(($I40-X$1),$M40)=0,$G40,0))),0) -> 0 | Y8: =SUM(C8:X8) -> 0
A9: =A41 -> #N/A | B9: =B41 -> 0 | C9: =IF(C$1>=$I41,IF($M41=0,0,(IF(MOD(($I41-C$1),$M41)=0,$G41,0))),0) -> 0 | D9: =IF(D$1>=$I41,IF($M41=0,0,(IF(MOD(($I41-D$1),$M41)=0,$G41,0))),0) -> 0 | E9: =IF(E$1>=$I41,IF($M41=0,0,(IF(MOD(($I41-E$1),$M41)=0,$G41,0))),0) -> 0 | F9: =IF(F$1>=$I41,IF($M41=0,0,(IF(MOD(($I41-F$1),$M41)=0,$G41,0))),0) -> 0 | G9: =IF(G$1>=$I41,IF($M41=0,0,(IF(MOD(($I41-G$1),$M41)=0,$G41,0))),0) -> 0 | H9: =IF(H$1>=$I41,IF($M41=0,0,(IF(MOD(($I41-H$1),$M41)=0,$G41,0))),0) -> 0 | I9: =IF(I$1>=$I41,IF($M41=0,0,(IF(MOD(($I41-I$1),$M41)=0,$G41,0))),0) -> 0 | J9: =IF(J$1>=$I41,IF($M41=0,0,(IF(MOD(($I41-J$1),$M41)=0,$G41,0))),0) -> 0 | ... X9: =IF(X$1>=$I41,IF($M41=0,0,(IF(MOD(($I41-X$1),$M41)=0,$G41,0))),0) -> 0 | Y9: =SUM(C9:X9) -> 0
B10: =B42 -> Indv. Vedligehold
A11: =A43 -> #N/A | B11: =B43 -> 0 | C11: =IF(C$1>=$I43,IF($M43=0,0,(IF(MOD(($I43-C$1),$M43)=0,$G43,0))),0) -> 0 | D11: =IF(D$1>=$I43,IF($M43=0,0,(IF(MOD(($I43-D$1),$M43)=0,$G43,0))),0) -> 0 | E11: =IF(E$1>=$I43,IF($M43=0,0,(IF(MOD(($I43-E$1),$M43)=0,$G43,0))),0) -> 0 | F11: =IF(F$1>=$I43,IF($M43=0,0,(IF(MOD(($I43-F$1),$M43)=0,$G43,0))),0) -> 0 | G11: =IF(G$1>=$I43,IF($M43=0,0,(IF(MOD(($I43-G$1),$M43)=0,$G43,0))),0) -> 0 | H11: =IF(H$1>=$I43,IF($M43=0,0,(IF(MOD(($I43-H$1),$M43)=0,$G43,0))),0) -> 0 | I11: =IF(I$1>=$I43,IF($M43=0,0,(IF(MOD(($I43-I$1),$M43)=0,$G43,0))),0) -> 0 | J11: =IF(J$1>=$I43,IF($M43=0,0,(IF(MOD(($I43-J$1),$M43)=0,$G43,0))),0) -> 0 | ... X11: =IF(X$1>=$I43,IF($M43=0,0,(IF(MOD(($I43-X$1),$M43)=0,$G43,0))),0) -> 0 | Y11: =SUM(C11:X11) -> 0
A12: =A44 -> #N/A | B12: =B44 -> 0 | C12: =IF(C$1>=$I44,IF($M44=0,0,(IF(MOD(($I44-C$1),$M44)=0,$G44,0))),0) -> 0 | D12: =IF(D$1>=$I44,IF($M44=0,0,(IF(MOD(($I44-D$1),$M44)=0,$G44,0))),0) -> 0 | E12: =IF(E$1>=$I44,IF($M44=0,0,(IF(MOD(($I44-E$1),$M44)=0,$G44,0))),0) -> 0 | F12: =IF(F$1>=$I44,IF($M44=0,0,(IF(MOD(($I44-F$1),$M44)=0,$G44,0))),0) -> 0 | G12: =IF(G$1>=$I44,IF($M44=0,0,(IF(MOD(($I44-G$1),$M44)=0,$G44,0))),0) -> 0 | H12: =IF(H$1>=$I44,IF($M44=0,0,(IF(MOD(($I44-H$1),$M44)=0,$G44,0))),0) -> 0 | I12: =IF(I$1>=$I44,IF($M44=0,0,(IF(MOD(($I44-I$1),$M44)=0,$G44,0))),0) -> 0 | J12: =IF(J$1>=$I44,IF($M44=0,0,(IF(MOD(($I44-J$1),$M44)=0,$G44,0))),0) -> 0 | ... X12: =IF(X$1>=$I44,IF($M44=0,0,(IF(MOD(($I44-X$1),$M44)=0,$G44,0))),0) -> 0 | Y12: =SUM(C12:X12) -> 0
A13: =A45 -> #N/A | B13: =B45 -> 0 | C13: =IF(C$1>=$I45,IF($M45=0,0,(IF(MOD(($I45-C$1),$M45)=0,$G45,0))),0) -> 0 | D13: =IF(D$1>=$I45,IF($M45=0,0,(IF(MOD(($I45-D$1),$M45)=0,$G45,0))),0) -> 0 | E13: =IF(E$1>=$I45,IF($M45=0,0,(IF(MOD(($I45-E$1),$M45)=0,$G45,0))),0) -> 0 | F13: =IF(F$1>=$I45,IF($M45=0,0,(IF(MOD(($I45-F$1),$M45)=0,$G45,0))),0) -> 0 | G13: =IF(G$1>=$I45,IF($M45=0,0,(IF(MOD(($I45-G$1),$M45)=0,$G45,0))),0) -> 0 | H13: =IF(H$1>=$I45,IF($M45=0,0,(IF(MOD(($I45-H$1),$M45)=0,$G45,0))),0) -> 0 | I13: =IF(I$1>=$I45,IF($M45=0,0,(IF(MOD(($I45-I$1),$M45)=0,$G45,0))),0) -> 0 | J13: =IF(J$1>=$I45,IF($M45=0,0,(IF(MOD(($I45-J$1),$M45)=0,$G45,0))),0) -> 0 | ... X13: =IF(X$1>=$I45,IF($M45=0,0,(IF(MOD(($I45-X$1),$M45)=0,$G45,0))),0) -> 0 | Y13: =SUM(C13:X13) -> 0
A14: =A46 -> #N/A | B14: =B46 -> 0 | C14: =IF(C$1>=$I46,IF($M46=0,0,(IF(MOD(($I46-C$1),$M46)=0,$G46,0))),0) -> 0 | D14: =IF(D$1>=$I46,IF($M46=0,0,(IF(MOD(($I46-D$1),$M46)=0,$G46,0))),0) -> 0 | E14: =IF(E$1>=$I46,IF($M46=0,0,(IF(MOD(($I46-E$1),$M46)=0,$G46,0))),0) -> 0 | F14: =IF(F$1>=$I46,IF($M46=0,0,(IF(MOD(($I46-F$1),$M46)=0,$G46,0))),0) -> 0 | G14: =IF(G$1>=$I46,IF($M46=0,0,(IF(MOD(($I46-G$1),$M46)=0,$G46,0))),0) -> 0 | H14: =IF(H$1>=$I46,IF($M46=0,0,(IF(MOD(($I46-H$1),$M46)=0,$G46,0))),0) -> 0 | I14: =IF(I$1>=$I46,IF($M46=0,0,(IF(MOD(($I46-I$1),$M46)=0,$G46,0))),0) -> 0 | J14: =IF(J$1>=$I46,IF($M46=0,0,(IF(MOD(($I46-J$1),$M46)=0,$G46,0))),0) -> 0 | ... X14: =IF(X$1>=$I46,IF($M46=0,0,(IF(MOD(($I46-X$1),$M46)=0,$G46,0))),0) -> 0 | Y14: =SUM(C14:X14) -> 0
A15: =A47 -> #N/A | B15: =B47 -> 0 | C15: =IF(C$1>=$I47,IF($M47=0,0,(IF(MOD(($I47-C$1),$M47)=0,$G47,0))),0) -> 0 | D15: =IF(D$1>=$I47,IF($M47=0,0,(IF(MOD(($I47-D$1),$M47)=0,$G47,0))),0) -> 0 | E15: =IF(E$1>=$I47,IF($M47=0,0,(IF(MOD(($I47-E$1),$M47)=0,$G47,0))),0) -> 0 | F15: =IF(F$1>=$I47,IF($M47=0,0,(IF(MOD(($I47-F$1),$M47)=0,$G47,0))),0) -> 0 | G15: =IF(G$1>=$I47,IF($M47=0,0,(IF(MOD(($I47-G$1),$M47)=0,$G47,0))),0) -> 0 | H15: =IF(H$1>=$I47,IF($M47=0,0,(IF(MOD(($I47-H$1),$M47)=0,$G47,0))),0) -> 0 | I15: =IF(I$1>=$I47,IF($M47=0,0,(IF(MOD(($I47-I$1),$M47)=0,$G47,0))),0) -> 0 | J15: =IF(J$1>=$I47,IF($M47=0,0,(IF(MOD(($I47-J$1),$M47)=0,$G47,0))),0) -> 0 | ... X15: =IF(X$1>=$I47,IF($M47=0,0,(IF(MOD(($I47-X$1),$M47)=0,$G47,0))),0) -> 0 | Y15: =SUM(C15:X15) -> 0
A16: =A48 -> #N/A | B16: =B48 -> 0 | C16: =IF(C$1>=$I48,IF($M48=0,0,(IF(MOD(($I48-C$1),$M48)=0,$G48,0))),0) -> 0 | D16: =IF(D$1>=$I48,IF($M48=0,0,(IF(MOD(($I48-D$1),$M48)=0,$G48,0))),0) -> 0 | E16: =IF(E$1>=$I48,IF($M48=0,0,(IF(MOD(($I48-E$1),$M48)=0,$G48,0))),0) -> 0 | F16: =IF(F$1>=$I48,IF($M48=0,0,(IF(MOD(($I48-F$1),$M48)=0,$G48,0))),0) -> 0 | G16: =IF(G$1>=$I48,IF($M48=0,0,(IF(MOD(($I48-G$1),$M48)=0,$G48,0))),0) -> 0 | H16: =IF(H$1>=$I48,IF($M48=0,0,(IF(MOD(($I48-H$1),$M48)=0,$G48,0))),0) -> 0 | I16: =IF(I$1>=$I48,IF($M48=0,0,(IF(MOD(($I48-I$1),$M48)=0,$G48,0))),0) -> 0 | J16: =IF(J$1>=$I48,IF($M48=0,0,(IF(MOD(($I48-J$1),$M48)=0,$G48,0))),0) -> 0 | ... X16: =IF(X$1>=$I48,IF($M48=0,0,(IF(MOD(($I48-X$1),$M48)=0,$G48,0))),0) -> 0 | Y16: =SUM(C16:X16) -> 0
A17: =A49 -> #N/A | B17: =B49 -> 0 | C17: =IF(C$1>=$I49,IF($M49=0,0,(IF(MOD(($I49-C$1),$M49)=0,$G49,0))),0) -> 0 | D17: =IF(D$1>=$I49,IF($M49=0,0,(IF(MOD(($I49-D$1),$M49)=0,$G49,0))),0) -> 0 | E17: =IF(E$1>=$I49,IF($M49=0,0,(IF(MOD(($I49-E$1),$M49)=0,$G49,0))),0) -> 0 | F17: =IF(F$1>=$I49,IF($M49=0,0,(IF(MOD(($I49-F$1),$M49)=0,$G49,0))),0) -> 0 | G17: =IF(G$1>=$I49,IF($M49=0,0,(IF(MOD(($I49-G$1),$M49)=0,$G49,0))),0) -> 0 | H17: =IF(H$1>=$I49,IF($M49=0,0,(IF(MOD(($I49-H$1),$M49)=0,$G49,0))),0) -> 0 | I17: =IF(I$1>=$I49,IF($M49=0,0,(IF(MOD(($I49-I$1),$M49)=0,$G49,0))),0) -> 0 | J17: =IF(J$1>=$I49,IF($M49=0,0,(IF(MOD(($I49-J$1),$M49)=0,$G49,0))),0) -> 0 | ... X17: =IF(X$1>=$I49,IF($M49=0,0,(IF(MOD(($I49-X$1),$M49)=0,$G49,0))),0) -> 0 | Y17: =SUM(C17:X17) -> 0
B18: =B50 -> Tekniske Installationer
A19: =A51 -> #N/A | B19: =B51 -> 0 | C19: =IF(C$1>=$I51,IF($M51=0,0,(IF(MOD(($I51-C$1),$M51)=0,$G51,0))),0) -> 0 | D19: =IF(D$1>=$I51,IF($M51=0,0,(IF(MOD(($I51-D$1),$M51)=0,$G51,0))),0) -> 0 | E19: =IF(E$1>=$I51,IF($M51=0,0,(IF(MOD(($I51-E$1),$M51)=0,$G51,0))),0) -> 0 | F19: =IF(F$1>=$I51,IF($M51=0,0,(IF(MOD(($I51-F$1),$M51)=0,$G51,0))),0) -> 0 | G19: =IF(G$1>=$I51,IF($M51=0,0,(IF(MOD(($I51-G$1),$M51)=0,$G51,0))),0) -> 0 | H19: =IF(H$1>=$I51,IF($M51=0,0,(IF(MOD(($I51-H$1),$M51)=0,$G51,0))),0) -> 0 | I19: =IF(I$1>=$I51,IF($M51=0,0,(IF(MOD(($I51-I$1),$M51)=0,$G51,0))),0) -> 0 | J19: =IF(J$1>=$I51,IF($M51=0,0,(IF(MOD(($I51-J$1),$M51)=0,$G51,0))),0) -> 0 | ... X19: =IF(X$1>=$I51,IF($M51=0,0,(IF(MOD(($I51-X$1),$M51)=0,$G51,0))),0) -> 0 | Y19: =SUM(C19:X19) -> 0
A20: =A52 -> #N/A | B20: =B52 -> 0 | C20: =IF(C$1>=$I52,IF($M52=0,0,(IF(MOD(($I52-C$1),$M52)=0,$G52,0))),0) -> 0 | D20: =IF(D$1>=$I52,IF($M52=0,0,(IF(MOD(($I52-D$1),$M52)=0,$G52,0))),0) -> 0 | E20: =IF(E$1>=$I52,IF($M52=0,0,(IF(MOD(($I52-E$1),$M52)=0,$G52,0))),0) -> 0 | F20: =IF(F$1>=$I52,IF($M52=0,0,(IF(MOD(($I52-F$1),$M52)=0,$G52,0))),0) -> 0 | G20: =IF(G$1>=$I52,IF($M52=0,0,(IF(MOD(($I52-G$1),$M52)=0,$G52,0))),0) -> 0 | H20: =IF(H$1>=$I52,IF($M52=0,0,(IF(MOD(($I52-H$1),$M52)=0,$G52,0))),0) -> 0 | I20: =IF(I$1>=$I52,IF($M52=0,0,(IF(MOD(($I52-I$1),$M52)=0,$G52,0))),0) -> 0 | J20: =IF(J$1>=$I52,IF($M52=0,0,(IF(MOD(($I52-J$1),$M52)=0,$G52,0))),0) -> 0 | ... X20: =IF(X$1>=$I52,IF($M52=0,0,(IF(MOD(($I52-X$1),$M52)=0,$G52,0))),0) -> 0 | Y20: =SUM(C20:X20) -> 0
A21: =A53 -> #N/A | B21: =B53 -> 0 | C21: =IF(C$1>=$I53,IF($M53=0,0,(IF(MOD(($I53-C$1),$M53)=0,$G53,0))),0) -> 0 | D21: =IF(D$1>=$I53,IF($M53=0,0,(IF(MOD(($I53-D$1),$M53)=0,$G53,0))),0) -> 0 | E21: =IF(E$1>=$I53,IF($M53=0,0,(IF(MOD(($I53-E$1),$M53)=0,$G53,0))),0) -> 0 | F21: =IF(F$1>=$I53,IF($M53=0,0,(IF(MOD(($I53-F$1),$M53)=0,$G53,0))),0) -> 0 | G21: =IF(G$1>=$I53,IF($M53=0,0,(IF(MOD(($I53-G$1),$M53)=0,$G53,0))),0) -> 0 | H21: =IF(H$1>=$I53,IF($M53=0,0,(IF(MOD(($I53-H$1),$M53)=0,$G53,0))),0) -> 0 | I21: =IF(I$1>=$I53,IF($M53=0,0,(IF(MOD(($I53-I$1),$M53)=0,$G53,0))),0) -> 0 | J21: =IF(J$1>=$I53,IF($M53=0,0,(IF(MOD(($I53-J$1),$M53)=0,$G53,0))),0) -> 0 | ... X21: =IF(X$1>=$I53,IF($M53=0,0,(IF(MOD(($I53-X$1),$M53)=0,$G53,0))),0) -> 0 | Y21: =SUM(C21:X21) -> 0
B22: =B54 -> Sikringsanlæg
A23: =A55 -> #N/A | B23: =B55 -> 0 | C23: =IF(C$1>=$I55,IF($M55=0,0,(IF(MOD(($I55-C$1),$M55)=0,$G55,0))),0) -> 0 | D23: =IF(D$1>=$I55,IF($M55=0,0,(IF(MOD(($I55-D$1),$M55)=0,$G55,0))),0) -> 0 | E23: =IF(E$1>=$I55,IF($M55=0,0,(IF(MOD(($I55-E$1),$M55)=0,$G55,0))),0) -> 0 | F23: =IF(F$1>=$I55,IF($M55=0,0,(IF(MOD(($I55-F$1),$M55)=0,$G55,0))),0) -> 0 | G23: =IF(G$1>=$I55,IF($M55=0,0,(IF(MOD(($I55-G$1),$M55)=0,$G55,0))),0) -> 0 | H23: =IF(H$1>=$I55,IF($M55=0,0,(IF(MOD(($I55-H$1),$M55)=0,$G55,0))),0) -> 0 | I23: =IF(I$1>=$I55,IF($M55=0,0,(IF(MOD(($I55-I$1),$M55)=0,$G55,0))),0) -> 0 | J23: =IF(J$1>=$I55,IF($M55=0,0,(IF(MOD(($I55-J$1),$M55)=0,$G55,0))),0) -> 0 | ... X23: =IF(X$1>=$I55,IF($M55=0,0,(IF(MOD(($I55-X$1),$M55)=0,$G55,0))),0) -> 0 | Y23: =SUM(C23:X23) -> 0
A24: =A56 -> #N/A | B24: =B56 -> 0 | C24: =IF(C$1>=$I56,IF($M56=0,0,(IF(MOD(($I56-C$1),$M56)=0,$G56,0))),0) -> 0 | D24: =IF(D$1>=$I56,IF($M56=0,0,(IF(MOD(($I56-D$1),$M56)=0,$G56,0))),0) -> 0 | E24: =IF(E$1>=$I56,IF($M56=0,0,(IF(MOD(($I56-E$1),$M56)=0,$G56,0))),0) -> 0 | F24: =IF(F$1>=$I56,IF($M56=0,0,(IF(MOD(($I56-F$1),$M56)=0,$G56,0))),0) -> 0 | G24: =IF(G$1>=$I56,IF($M56=0,0,(IF(MOD(($I56-G$1),$M56)=0,$G56,0))),0) -> 0 | H24: =IF(H$1>=$I56,IF($M56=0,0,(IF(MOD(($I56-H$1),$M56)=0,$G56,0))),0) -> 0 | I24: =IF(I$1>=$I56,IF($M56=0,0,(IF(MOD(($I56-I$1),$M56)=0,$G56,0))),0) -> 0 | J24: =IF(J$1>=$I56,IF($M56=0,0,(IF(MOD(($I56-J$1),$M56)=0,$G56,0))),0) -> 0 | ... X24: =IF(X$1>=$I56,IF($M56=0,0,(IF(MOD(($I56-X$1),$M56)=0,$G56,0))),0) -> 0 | Y24: =SUM(C24:X24) -> 0
A25: =A57 -> #N/A | B25: =B57 -> 0 | C25: =IF(C$1>=$I57,IF($M57=0,0,(IF(MOD(($I57-C$1),$M57)=0,$G57,0))),0) -> 0 | D25: =IF(D$1>=$I57,IF($M57=0,0,(IF(MOD(($I57-D$1),$M57)=0,$G57,0))),0) -> 0 | E25: =IF(E$1>=$I57,IF($M57=0,0,(IF(MOD(($I57-E$1),$M57)=0,$G57,0))),0) -> 0 | F25: =IF(F$1>=$I57,IF($M57=0,0,(IF(MOD(($I57-F$1),$M57)=0,$G57,0))),0) -> 0 | G25: =IF(G$1>=$I57,IF($M57=0,0,(IF(MOD(($I57-G$1),$M57)=0,$G57,0))),0) -> 0 | H25: =IF(H$1>=$I57,IF($M57=0,0,(IF(MOD(($I57-H$1),$M57)=0,$G57,0))),0) -> 0 | I25: =IF(I$1>=$I57,IF($M57=0,0,(IF(MOD(($I57-I$1),$M57)=0,$G57,0))),0) -> 0 | J25: =IF(J$1>=$I57,IF($M57=0,0,(IF(MOD(($I57-J$1),$M57)=0,$G57,0))),0) -> 0 | ... X25: =IF(X$1>=$I57,IF($M57=0,0,(IF(MOD(($I57-X$1),$M57)=0,$G57,0))),0) -> 0 | Y25: =SUM(C25:X25) -> 0
B26: =B58 -> Andet
A27: =A59 -> #N/A | B27: =B59 -> 0 | C27: =IF(C$1>=$I59,IF($M59=0,0,(IF(MOD(($I59-C$1),$M59)=0,$G59,0))),0) -> 0 | D27: =IF(D$1>=$I59,IF($M59=0,0,(IF(MOD(($I59-D$1),$M59)=0,$G59,0))),0) -> 0 | E27: =IF(E$1>=$I59,IF($M59=0,0,(IF(MOD(($I59-E$1),$M59)=0,$G59,0))),0) -> 0 | F27: =IF(F$1>=$I59,IF($M59=0,0,(IF(MOD(($I59-F$1),$M59)=0,$G59,0))),0) -> 0 | G27: =IF(G$1>=$I59,IF($M59=0,0,(IF(MOD(($I59-G$1),$M59)=0,$G59,0))),0) -> 0 | H27: =IF(H$1>=$I59,IF($M59=0,0,(IF(MOD(($I59-H$1),$M59)=0,$G59,0))),0) -> 0 | I27: =IF(I$1>=$I59,IF($M59=0,0,(IF(MOD(($I59-I$1),$M59)=0,$G59,0))),0) -> 0 | J27: =IF(J$1>=$I59,IF($M59=0,0,(IF(MOD(($I59-J$1),$M59)=0,$G59,0))),0) -> 0 | ... X27: =IF(X$1>=$I59,IF($M59=0,0,(IF(MOD(($I59-X$1),$M59)=0,$G59,0))),0) -> 0 | Y27: =SUM(C27:X27) -> 0
A28: =A60 -> #N/A | B28: =B60 -> 0 | C28: =IF(C$1>=$I60,IF($M60=0,0,(IF(MOD(($I60-C$1),$M60)=0,$G60,0))),0) -> 0 | D28: =IF(D$1>=$I60,IF($M60=0,0,(IF(MOD(($I60-D$1),$M60)=0,$G60,0))),0) -> 0 | E28: =IF(E$1>=$I60,IF($M60=0,0,(IF(MOD(($I60-E$1),$M60)=0,$G60,0))),0) -> 0 | F28: =IF(F$1>=$I60,IF($M60=0,0,(IF(MOD(($I60-F$1),$M60)=0,$G60,0))),0) -> 0 | G28: =IF(G$1>=$I60,IF($M60=0,0,(IF(MOD(($I60-G$1),$M60)=0,$G60,0))),0) -> 0 | H28: =IF(H$1>=$I60,IF($M60=0,0,(IF(MOD(($I60-H$1),$M60)=0,$G60,0))),0) -> 0 | I28: =IF(I$1>=$I60,IF($M60=0,0,(IF(MOD(($I60-I$1),$M60)=0,$G60,0))),0) -> 0 | J28: =IF(J$1>=$I60,IF($M60=0,0,(IF(MOD(($I60-J$1),$M60)=0,$G60,0))),0) -> 0 | ... X28: =IF(X$1>=$I60,IF($M60=0,0,(IF(MOD(($I60-X$1),$M60)=0,$G60,0))),0) -> 0 | Y28: =SUM(C28:X28) -> 0
A29: =A61 -> #N/A | B29: =B61 -> 0 | C29: =IF(C$1>=$I61,IF($M61=0,0,(IF(MOD(($I61-C$1),$M61)=0,$G61,0))),0) -> 0 | D29: =IF(D$1>=$I61,IF($M61=0,0,(IF(MOD(($I61-D$1),$M61)=0,$G61,0))),0) -> 0 | E29: =IF(E$1>=$I61,IF($M61=0,0,(IF(MOD(($I61-E$1),$M61)=0,$G61,0))),0) -> 0 | F29: =IF(F$1>=$I61,IF($M61=0,0,(IF(MOD(($I61-F$1),$M61)=0,$G61,0))),0) -> 0 | G29: =IF(G$1>=$I61,IF($M61=0,0,(IF(MOD(($I61-G$1),$M61)=0,$G61,0))),0) -> 0 | H29: =IF(H$1>=$I61,IF($M61=0,0,(IF(MOD(($I61-H$1),$M61)=0,$G61,0))),0) -> 0 | I29: =IF(I$1>=$I61,IF($M61=0,0,(IF(MOD(($I61-I$1),$M61)=0,$G61,0))),0) -> 0 | J29: =IF(J$1>=$I61,IF($M61=0,0,(IF(MOD(($I61-J$1),$M61)=0,$G61,0))),0) -> 0 | ... X29: =IF(X$1>=$I61,IF($M61=0,0,(IF(MOD(($I61-X$1),$M61)=0,$G61,0))),0) -> 0 | Y29: =SUM(C29:X29) -> 0
B30: Total pr år | C30: =SUM(C3:C26) -> 0 | D30: =SUM(D3:D26) -> 0 | E30: =SUM(E3:E26) -> 0 | F30: =SUM(F3:F26) -> 0 | G30: =SUM(G3:G26) -> 0 | H30: =SUM(H3:H26) -> 0 | I30: =SUM(I3:I26) -> 0 | J30: =SUM(J3:J26) -> 0 | ... Y30: =SUM(Y3:Y26) -> 0
C32: Mængde | D32: Enhed | E32: Enhedspris | G32: Samlet udgift | I32: Tidligste udførelse | K32: Senest udførelse | M32: Interval | O32: Pris kvalitet | Q32: Karakter | T32: Bemærkninger
B33: Udv. Vedligehold
B34: Generelt:
A35: =VLOOKUP(B35,Priskatalog!A:J,10,FALSE) -> #N/A | G35: =C35*E35 -> 0 | N35: år
A36: =VLOOKUP(B36,Priskatalog!A:J,10,FALSE) -> #N/A | G36: =C36*E36 -> 0 | N36: år
A37: =VLOOKUP(B37,Priskatalog!A:J,10,FALSE) -> #N/A | G37: =C37*E37 -> 0 | N37: år
A38: =VLOOKUP(B38,Priskatalog!A:J,10,FALSE) -> #N/A | G38: =C38*E38 -> 0 | N38: år
A39: =VLOOKUP(B39,Priskatalog!A:J,10,FALSE) -> #N/A | G39: =C39*E39 -> 0 | N39: år
A40: =VLOOKUP(B40,Priskatalog!A:J,10,FALSE) -> #N/A | G40: =C40*E40 -> 0 | N40: år
A41: =VLOOKUP(B41,Priskatalog!A:J,10,FALSE) -> #N/A | G41: =C41*E41 -> 0 | N41: år
B42: Indv. Vedligehold
A43: =VLOOKUP(B43,Priskatalog!A:J,10,FALSE) -> #N/A | G43: =C43*E43 -> 0 | N43: år
A44: =VLOOKUP(B44,Priskatalog!A:J,10,FALSE) -> #N/A | G44: =C44*E44 -> 0 | N44: år
A45: =VLOOKUP(B45,Priskatalog!A:J,10,FALSE) -> #N/A | G45: =C45*E45 -> 0 | N45: år
A46: =VLOOKUP(B46,Priskatalog!A:J,10,FALSE) -> #N/A | G46: =C46*E46 -> 0 | N46: år
A47: =VLOOKUP(B47,Priskatalog!A:J,10,FALSE) -> #N/A | G47: =C47*E47 -> 0 | N47: år
A48: =VLOOKUP(B48,Priskatalog!A:J,10,FALSE) -> #N/A | G48: =C48*E48 -> 0 | N48: år
A49: =VLOOKUP(B49,Priskatalog!A:J,10,FALSE) -> #N/A | G49: =C49*E49 -> 0 | N49: år
B50: Tekniske Installationer
A51: =VLOOKUP(B51,Priskatalog!A:J,10,FALSE) -> #N/A | G51: =C51*E51 -> 0 | N51: år
A52: =VLOOKUP(B52,Priskatalog!A:J,10,FALSE) -> #N/A | G52: =C52*E52 -> 0 | N52: år
A53: =VLOOKUP(B53,Priskatalog!A:J,10,FALSE) -> #N/A | G53: =C53*E53 -> 0 | N53: år
B54: Sikringsanlæg
A55: =VLOOKUP(B55,Priskatalog!A:J,10,FALSE) -> #N/A | G55: =C55*E55 -> 0 | N55: år
A56: =VLOOKUP(B56,Priskatalog!A:J,10,FALSE) -> #N/A | G56: =C56*E56 -> 0 | N56: år
A57: =VLOOKUP(B57,Priskatalog!A:J,10,FALSE) -> #N/A | G57: =C57*E57 -> 0 | N57: år
B58: Andet
A59: =VLOOKUP(B59,Priskatalog!A:J,10,FALSE) -> #N/A | G59: =C59*E59 -> 0 | N59: år
A60: =VLOOKUP(B60,Priskatalog!A:J,10,FALSE) -> #N/A | G60: =C60*E60 -> 0 | N60: år
A61: =VLOOKUP(B61,Priskatalog!A:J,10,FALSE) -> #N/A | G61: =C61*E61 -> 0 | N61: år

Sheet Assensvej 183
B1: Tilbage til årsoversigt | C1: 2024 | D1: 2025 | E1: 2026 | F1: 2027 | G1: 2028 | H1: 2029 | I1: 2030 | J1: 2031 | K1: 2032 | L1: 2033 | M1: 2034 | N1: 2035 | O1: 2036 | P1: 2037 | Q1: 2038 | R1: 2039 | S1: 2040 | T1: 2041 | U1: 2042 | V1: 2043 | W1: 2044 | X1: 2045 | Y1: Total
A2: SFB nr. | B2: Udv. Vedligehold
A3: =A35 -> #N/A | B3: =B35 -> 0 | C3: =IF(C$1>=$I35,IF($M35=0,0,(IF(MOD(($I35-C$1),$M35)=0,$G35,0))),0) -> 0 | D3: =IF(D$1>=$I35,IF($M35=0,0,(IF(MOD(($I35-D$1),$M35)=0,$G35,0))),0) -> 0 | E3: =IF(E$1>=$I35,IF($M35=0,0,(IF(MOD(($I35-E$1),$M35)=0,$G35,0))),0) -> 0 | F3: =IF(F$1>=$I35,IF($M35=0,0,(IF(MOD(($I35-F$1),$M35)=0,$G35,0))),0) -> 0 | G3: =IF(G$1>=$I35,IF($M35=0,0,(IF(MOD(($I35-G$1),$M35)=0,$G35,0))),0) -> 0 | H3: =IF(H$1>=$I35,IF($M35=0,0,(IF(MOD(($I35-H$1),$M35)=0,$G35,0))),0) -> 0 | I3: =IF(I$1>=$I35,IF($M35=0,0,(IF(MOD(($I35-I$1),$M35)=0,$G35,0))),0) -> 0 | J3: =IF(J$1>=$I35,IF($M35=0,0,(IF(MOD(($I35-J$1),$M35)=0,$G35,0))),0) -> 0 | ... X3: =IF(X$1>=$I35,IF($M35=0,0,(IF(MOD(($I35-X$1),$M35)=0,$G35,0))),0) -> 0 | Y3: =SUM(C3:X3) -> 0
A4: =A36 -> #N/A | B4: =B36 -> 0 | C4: =IF(C$1>=$I36,IF($M36=0,0,(IF(MOD(($I36-C$1),$M36)=0,$G36,0))),0) -> 0 | D4: =IF(D$1>=$I36,IF($M36=0,0,(IF(MOD(($I36-D$1),$M36)=0,$G36,0))),0) -> 0 | E4: =IF(E$1>=$I36,IF($M36=0,0,(IF(MOD(($I36-E$1),$M36)=0,$G36,0))),0) -> 0 | F4: =IF(F$1>=$I36,IF($M36=0,0,(IF(MOD(($I36-F$1),$M36)=0,$G36,0))),0) -> 0 | G4: =IF(G$1>=$I36,IF($M36=0,0,(IF(MOD(($I36-G$1),$M36)=0,$G36,0))),0) -> 0 | H4: =IF(H$1>=$I36,IF($M36=0,0,(IF(MOD(($I36-H$1),$M36)=0,$G36,0))),0) -> 0 | I4: =IF(I$1>=$I36,IF($M36=0,0,(IF(MOD(($I36-I$1),$M36)=0,$G36,0))),0) -> 0 | J4: =IF(J$1>=$I36,IF($M36=0,0,(IF(MOD(($I36-J$1),$M36)=0,$G36,0))),0) -> 0 | ... X4: =IF(X$1>=$I36,IF($M36=0,0,(IF(MOD(($I36-X$1),$M36)=0,$G36,0))),0) -> 0 | Y4: =SUM(C4:X4) -> 0
A5: =A37 -> #N/A | B5: =B37 -> 0 | C5: =IF(C$1>=$I37,IF($M37=0,0,(IF(MOD(($I37-C$1),$M37)=0,$G37,0))),0) -> 0 | D5: =IF(D$1>=$I37,IF($M37=0,0,(IF(MOD(($I37-D$1),$M37)=0,$G37,0))),0) -> 0 | E5: =IF(E$1>=$I37,IF($M37=0,0,(IF(MOD(($I37-E$1),$M37)=0,$G37,0))),0) -> 0 | F5: =IF(F$1>=$I37,IF($M37=0,0,(IF(MOD(($I37-F$1),$M37)=0,$G37,0))),0) -> 0 | G5: =IF(G$1>=$I37,IF($M37=0,0,(IF(MOD(($I37-G$1),$M37)=0,$G37,0))),0) -> 0 | H5: =IF(H$1>=$I37,IF($M37=0,0,(IF(MOD(($I37-H$1),$M37)=0,$G37,0))),0) -> 0 | I5: =IF(I$1>=$I37,IF($M37=0,0,(IF(MOD(($I37-I$1),$M37)=0,$G37,0))),0) -> 0 | J5: =IF(J$1>=$I37,IF($M37=0,0,(IF(MOD(($I37-J$1),$M37)=0,$G37,0))),0) -> 0 | ... X5: =IF(X$1>=$I37,IF($M37=0,0,(IF(MOD(($I37-X$1),$M37)=0,$G37,0))),0) -> 0 | Y5: =SUM(C5:X5) -> 0
A6: =A38 -> #N/A | B6: =B38 -> 0 | C6: =IF(C$1>=$I38,IF($M38=0,0,(IF(MOD(($I38-C$1),$M38)=0,$G38,0))),0) -> 0 | D6: =IF(D$1>=$I38,IF($M38=0,0,(IF(MOD(($I38-D$1),$M38)=0,$G38,0))),0) -> 0 | E6: =IF(E$1>=$I38,IF($M38=0,0,(IF(MOD(($I38-E$1),$M38)=0,$G38,0))),0) -> 0 | F6: =IF(F$1>=$I38,IF($M38=0,0,(IF(MOD(($I38-F$1),$M38)=0,$G38,0))),0) -> 0 | G6: =IF(G$1>=$I38,IF($M38=0,0,(IF(MOD(($I38-G$1),$M38)=0,$G38,0))),0) -> 0 | H6: =IF(H$1>=$I38,IF($M38=0,0,(IF(MOD(($I38-H$1),$M38)=0,$G38,0))),0) -> 0 | I6: =IF(I$1>=$I38,IF($M38=0,0,(IF(MOD(($I38-I$1),$M38)=0,$G38,0))),0) -> 0 | J6: =IF(J$1>=$I38,IF($M38=0,0,(IF(MOD(($I38-J$1),$M38)=0,$G38,0))),0) -> 0 | ... X6: =IF(X$1>=$I38,IF($M38=0,0,(IF(MOD(($I38-X$1),$M38)=0,$G38,0))),0) -> 0 | Y6: =SUM(C6:X6) -> 0
A7: =A39 -> #N/A | B7: =B39 -> 0 | C7: =IF(C$1>=$I39,IF($M39=0,0,(IF(MOD(($I39-C$1),$M39)=0,$G39,0))),0) -> 0 | D7: =IF(D$1>=$I39,IF($M39=0,0,(IF(MOD(($I39-D$1),$M39)=0,$G39,0))),0) -> 0 | E7: =IF(E$1>=$I39,IF($M39=0,0,(IF(MOD(($I39-E$1),$M39)=0,$G39,0))),0) -> 0 | F7: =IF(F$1>=$I39,IF($M39=0,0,(IF(MOD(($I39-F$1),$M39)=0,$G39,0))),0) -> 0 | G7: =IF(G$1>=$I39,IF($M39=0,0,(IF(MOD(($I39-G$1),$M39)=0,$G39,0))),0) -> 0 | H7: =IF(H$1>=$I39,IF($M39=0,0,(IF(MOD(($I39-H$1),$M39)=0,$G39,0))),0) -> 0 | I7: =IF(I$1>=$I39,IF($M39=0,0,(IF(MOD(($I39-I$1),$M39)=0,$G39,0))),0) -> 0 | J7: =IF(J$1>=$I39,IF($M39=0,0,(IF(MOD(($I39-J$1),$M39)=0,$G39,0))),0) -> 0 | ... X7: =IF(X$1>=$I39,IF($M39=0,0,(IF(MOD(($I39-X$1),$M39)=0,$G39,0))),0) -> 0 | Y7: =SUM(C7:X7) -> 0
