Workbook

Sheet Service  på alle anlæg
A1: Adresse | B1: Navn | C1: Placering på anlæg | D1: Anlægsnr. | E1: Leverandør | F1: Type | G1: Årstal for opsætning | H1: Gammel filter nr | I1: Nyt filter nr | J1: Antal filtre | K1: Str på filter | L1: Styring | M1: Frostsikring | N1: Luftmængde (Vent-ordning) | O1: Dato for filterskifte | P1: Dage siden skift | Q1: Person som har skiftet filtret | R1: Dato på eftersyn (VENT-ordning) | S1: Kommentar. / Anmærkninger | T1: Service | U1: Hvornår udløber kontrakt
A2: =IF(Åløkkeparken!A2="","",Åløkkeparken!A2) -> Åløkkevej 4 5672 brobyværk | B2: =IF(Åløkkeparken!G2="","",Åløkkeparken!G2) -> ??? | C2: =IF(Åløkkeparken!C2="","",Åløkkeparken!C2) -> Skunk træningssal | D2: =IF(Åløkkeparken!D2="","",Åløkkeparken!D2) -> U1 | E2: =IF(Åløkkeparken!E2="","",Åløkkeparken!E2) | F2: =IF(Åløkkeparken!F2="","",Åløkkeparken!F2) -> Boksventilator | G2: =IF(Åløkkeparken!#REF!="","",Åløkkeparken!#REF!) -> #REF! | H2: =IF(Åløkkeparken!H2="","",Åløkkeparken!H2) -> Uden filtre | I2: =IF(Åløkkeparken!I2="","",Åløkkeparken!I2) | J2: =IF(Åløkkeparken!J2="","",Åløkkeparken!J2) | K2: =IF(Åløkkeparken!K2="","",Åløkkeparken!K2) | L2: =IF(Åløkkeparken!L2="","",Åløkkeparken!L2) | M2: =IF(Åløkkeparken!M2="","",Åløkkeparken!M2) | N2: =IF(Åløkkeparken!N2="","",Åløkkeparken!N2) | O2: =IF(Åløkkeparken!O2="","",Åløkkeparken!O2) -> 45804 | ... U2: =IF(Åløkkeparken!U2="","",Åløkkeparken!U2)
A3: =IF(Åløkkeparken!A3="","",Åløkkeparken!A3) -> Åløkkevej 4 5672 brobyværk | B3: =IF(Åløkkeparken!B3="","",Åløkkeparken!B3) -> Plejehjemmet Åløkkeparken | C3: =IF(Åløkkeparken!C3="","",Åløkkeparken!C3) -> Skunk træningsal, emfang i aflastningen | D3: =IF(Åløkkeparken!D3="","",Åløkkeparken!D3) -> U2 | E3: =IF(Åløkkeparken!E3="","",Åløkkeparken!E3) | F3: =IF(Åløkkeparken!F3="","",Åløkkeparken!F3) -> Boksventilator | G3: =IF(Åløkkeparken!G3="","",Åløkkeparken!G3) -> Lindab IRE 250 C LDK Man.tp | H3: =IF(Åløkkeparken!H3="","",Åløkkeparken!H3) -> Uden filtre | ... U3: =IF(Åløkkeparken!U3="","",Åløkkeparken!U3)
A4: =IF(Åløkkeparken!A4="","",Åløkkeparken!A4) -> Åløkkevej 4 5672 brobyværk | B4: =IF(Åløkkeparken!B4="","",Åløkkeparken!B4) -> Plejehjemmet Åløkkeparken | C4: =IF(Åløkkeparken!C4="","",Åløkkeparken!C4) -> Depot i legestuen start af sencor i loft | D4: =IF(Åløkkeparken!D4="","",Åløkkeparken!D4) -> VE01 | E4: =IF(Åløkkeparken!E4="","",Åløkkeparken!E4) | F4: =IF(Åløkkeparken!F4="","",Åløkkeparken!F4) -> Centrale agregregater | G4: =IF(Åløkkeparken!G4="","",Åløkkeparken!G4) -> CombiAir 550 L Luxe | H4: =IF(Åløkkeparken!H4="","",Åløkkeparken!H4) -> 16890 | ... U4: =IF(Åløkkeparken!U4="","",Åløkkeparken!U4)
A5: =IF(Åløkkeparken!A5="","",Åløkkeparken!A5) -> Åløkkevej 4 5672 brobyværk | B5: =IF(Åløkkeparken!B5="","",Åløkkeparken!B5) -> Plejehjemmet Åløkkeparken | C5: =IF(Åløkkeparken!C5="","",Åløkkeparken!C5) -> Loft over daghjem | D5: =IF(Åløkkeparken!D5="","",Åløkkeparken!D5) -> VE02 | E5: =IF(Åløkkeparken!E5="","",Åløkkeparken!E5) | F5: =IF(Åløkkeparken!F5="","",Åløkkeparken!F5) -> Centrale agregregater | G5: =IF(Åløkkeparken!G5="","",Åløkkeparken!G5) | H5: =IF(Åløkkeparken!H5="","",Åløkkeparken!H5) -> 1250247 | ... U5: =IF(Åløkkeparken!U5="","",Åløkkeparken!U5)
A6: =IF(Åløkkeparken!A6="","",Åløkkeparken!A6) -> Åløkkevej 4 5672 brobyværk | B6: =IF(Åløkkeparken!G7="","",Åløkkeparken!G7) -> Exhausto V160 Ecopleat G 0155 | C6: =IF(Åløkkeparken!C6="","",Åløkkeparken!C6) -> Flat tag ved hus B | D6: =IF(Åløkkeparken!D6="","",Åløkkeparken!D6) -> VE03 | E6: =IF(Åløkkeparken!E6="","",Åløkkeparken!E6) -> Camfil | F6: =IF(Åløkkeparken!F6="","",Åløkkeparken!F6) -> Centrale agregregater | G6: =IF(Åløkkeparken!G6="","",Åløkkeparken!G6) -> Enervent Hi-Flo G 1060 | H6: =IF(Åløkkeparken!H6="","",Åløkkeparken!H6) -> 1015953 | I6: =IF(Åløkkeparken!I6="","",Åløkkeparken!I6) -> 1015953 | J6: =IF(Åløkkeparken!J6="","",Åløkkeparken!J6) -> 2 | ... U6: =IF(Åløkkeparken!U6="","",Åløkkeparken!U6)
A7: =IF(Åløkkeparken!A7="","",Åløkkeparken!A7) -> Åløkkevej 4 5672 brobyværk | B7: =IF(Åløkkeparken!G8="","",Åløkkeparken!G8) -> Heru 130 Hi-Flo G 160 | C7: =IF(Åløkkeparken!C7="","",Åløkkeparken!C7) -> Loft over storkøkken | D7: =IF(Åløkkeparken!D7="","",Åløkkeparken!D7) -> VE04 | E7: =IF(Åløkkeparken!E7="","",Åløkkeparken!E7) -> Camfil | F7: =IF(Åløkkeparken!F7="","",Åløkkeparken!F7) -> Centrale agregregater | G7: =IF(Åløkkeparken!#REF!="","",Åløkkeparken!#REF!) -> #REF! | H7: =IF(Åløkkeparken!H7="","",Åløkkeparken!H7) -> 211835-L | I7: =IF(Åløkkeparken!I7="","",Åløkkeparken!I7) -> 1112979 | J7: =IF(Åløkkeparken!J7="","",Åløkkeparken!J7) -> 2 | K7: =IF(Åløkkeparken!K7="","",Åløkkeparken!K7) -> 838x700x96 | L7: =IF(Åløkkeparken!L7="","",Åløkkeparken!L7) | M7: =IF(Åløkkeparken!M7="","",Åløkkeparken!M7) | N7: =IF(Åløkkeparken!N7="","",Åløkkeparken!N7) | O7: =IF(Åløkkeparken!O7="","",Åløkkeparken!O7) -> 45804 | ... U7: =IF(Åløkkeparken!U7="","",Åløkkeparken!U7)
A8: =IF(Åløkkeparken!A8="","",Åløkkeparken!A8) -> Åløkkevej 4 5672 brobyværk | B8: =IF(Åløkkeparken!G9="","",Åløkkeparken!G9) | C8: =IF(Åløkkeparken!C8="","",Åløkkeparken!C8) -> Skunk træningssal | D8: =IF(Åløkkeparken!D8="","",Åløkkeparken!D8) -> VE05 | E8: =IF(Åløkkeparken!E8="","",Åløkkeparken!E8) -> Camfil | F8: =IF(Åløkkeparken!F8="","",Åløkkeparken!F8) -> Centrale agregregater | G8: =IF(Åløkkeparken!#REF!="","",Åløkkeparken!#REF!) -> #REF! | H8: =IF(Åløkkeparken!H8="","",Åløkkeparken!H8) -> 1015811 | I8: =IF(Åløkkeparken!I8="","",Åløkkeparken!I8) -> 1015811 | J8: =IF(Åløkkeparken!J8="","",Åløkkeparken!J8) -> 2 | K8: =IF(Åløkkeparken!K8="","",Åløkkeparken!K8) -> 205x468x250-3-25 | L8: =IF(Åløkkeparken!L8="","",Åløkkeparken!L8) | M8: =IF(Åløkkeparken!M8="","",Åløkkeparken!M8) | N8: =IF(Åløkkeparken!N8="","",Åløkkeparken!N8) | O8: =IF(Åløkkeparken!O8="","",Åløkkeparken!O8) -> 45804 | ... U8: =IF(Åløkkeparken!U8="","",Åløkkeparken!U8)
A9: =IF(Åløkkeparken!A9="","",Åløkkeparken!A9) -> Åløkkevej 4 5672 brobyværk | B9: =IF(Åløkkeparken!B9="","",Åløkkeparken!B9) -> Plejehjemmet Åløkkeparken | C9: =IF(Åløkkeparken!C9="","",Åløkkeparken!C9) -> Møderum bagerste rum på 1 sal | D9: =IF(Åløkkeparken!D9="","",Åløkkeparken!D9) -> VE06 | E9: =IF(Åløkkeparken!E9="","",Åløkkeparken!E9) | F9: =IF(Åløkkeparken!F9="","",Åløkkeparken!F9) -> De-Centrale agregregater | G9: =IF(Åløkkeparken!#REF!="","",Åløkkeparken!#REF!) -> #REF! | H9: =IF(Åløkkeparken!H9="","",Åløkkeparken!H9) -> ? | I9: =IF(Åløkkeparken!I9="","",Åløkkeparken!I9) -> 100483 | J9: =IF(Åløkkeparken!J9="","",Åløkkeparken!J9) -> 2 | K9: =IF(Åløkkeparken!K9="","",Åløkkeparken!K9) -> 150x310x360/2p | L9: =IF(Åløkkeparken!L9="","",Åløkkeparken!L9) | M9: =IF(Åløkkeparken!M9="","",Åløkkeparken!M9) | N9: =IF(Åløkkeparken!N9="","",Åløkkeparken!N9) | O9: =IF(Åløkkeparken!O9="","",Åløkkeparken!O9) -> 45881 | ... U9: =IF(Åløkkeparken!U9="","",Åløkkeparken!U9)
A10: =IF(Åløkkeparken!A10="","",Åløkkeparken!A10) -> Åløkkevej 4 5672 brobyværk | B10: =IF(Åløkkeparken!B10="","",Åløkkeparken!B10) -> Plejehjemmet Åløkkeparken | C10: =IF(Åløkkeparken!C10="","",Åløkkeparken!C10) -> Skunk overfor ergoteapeuternes kontor | D10: =IF(Åløkkeparken!D10="","",Åløkkeparken!D10) -> VE07 | E10: =IF(Åløkkeparken!E10="","",Åløkkeparken!E10) | F10: =IF(Åløkkeparken!F10="","",Åløkkeparken!F10) -> Centrale agregregater | G10: =IF(Åløkkeparken!G10="","",Åløkkeparken!G10) -> ??? | H10: =IF(Åløkkeparken!H10="","",Åløkkeparken!H10) -> Uden filtre | ... U10: =IF(Åløkkeparken!U10="","",Åløkkeparken!U10)
A11: =IF('Nr.Broby. Gl. Rådhus'!A2="","",'Nr.Broby. Gl. Rådhus'!A2) -> Østeragade | B11: =IF('Nr.Broby. Gl. Rådhus'!B2="","",'Nr.Broby. Gl. Rådhus'!B2) -> Broby Gl. Rådhus | C11: =IF('Nr.Broby. Gl. Rådhus'!C2="","",'Nr.Broby. Gl. Rådhus'!C2) -> KÆLDER | D11: =IF('Nr.Broby. Gl. Rådhus'!D2="","",'Nr.Broby. Gl. Rådhus'!D2) -> VE01 | E11: =IF('Nr.Broby. Gl. Rådhus'!E2="","",'Nr.Broby. Gl. Rådhus'!E2) | F11: =IF('Nr.Broby. Gl. Rådhus'!F2="","",'Nr.Broby. Gl. Rådhus'!F2) -> DANVENT SPAR 20. PROD.NR. 0900-42325-2 | G11: =IF('Nr.Broby. Gl. Rådhus'!G2="","",'Nr.Broby. Gl. Rådhus'!G2) | H11: =IF('Nr.Broby. Gl. Rådhus'!H2="","",'Nr.Broby. Gl. Rådhus'!H2) -> 1013684 | ... U11: =IF('Nr.Broby. Gl. Rådhus'!U2="","",'Nr.Broby. Gl. Rådhus'!U2)
A12: =IF('Nr.Broby. Gl. Rådhus'!A3="","",'Nr.Broby. Gl. Rådhus'!A3) -> Østeragade | B12: =IF('Nr.Broby. Gl. Rådhus'!B3="","",'Nr.Broby. Gl. Rådhus'!B3) -> Broby Gl. Rådhus | C12: =IF('Nr.Broby. Gl. Rådhus'!C3="","",'Nr.Broby. Gl. Rådhus'!C3) -> KÆLDER | D12: =IF('Nr.Broby. Gl. Rådhus'!D3="","",'Nr.Broby. Gl. Rådhus'!D3) -> VE01 | E12: =IF('Nr.Broby. Gl. Rådhus'!E3="","",'Nr.Broby. Gl. Rådhus'!E3) | F12: =IF('Nr.Broby. Gl. Rådhus'!F3="","",'Nr.Broby. Gl. Rådhus'!F3) -> DANVENT SPAR 20. PROD.NR. 0900-42325-2 | G12: =IF('Nr.Broby. Gl. Rådhus'!G3="","",'Nr.Broby. Gl. Rådhus'!G3) | H12: =IF('Nr.Broby. Gl. Rådhus'!H3="","",'Nr.Broby. Gl. Rådhus'!H3) -> 1013684 | ... U12: =IF('Nr.Broby. Gl. Rådhus'!U3="","",'Nr.Broby. Gl. Rådhus'!U3)
A13: =IF('Nr.Broby. Gl. Rådhus'!A4="","",'Nr.Broby. Gl. Rådhus'!A4) -> Østeragade | B13: =IF('Nr.Broby. Gl. Rådhus'!B4="","",'Nr.Broby. Gl. Rådhus'!B4) -> Broby Gl. Rådhus | C13: =IF('Nr.Broby. Gl. Rådhus'!C4="","",'Nr.Broby. Gl. Rådhus'!C4) -> LOFT | D13: =IF('Nr.Broby. Gl. Rådhus'!D4="","",'Nr.Broby. Gl. Rådhus'!D4) -> VE02 | E13: =IF('Nr.Broby. Gl. Rådhus'!E4="","",'Nr.Broby. Gl. Rådhus'!E4) | F13: =IF('Nr.Broby. Gl. Rådhus'!F4="","",'Nr.Broby. Gl. Rådhus'!F4) -> SYSTEMAIR DANVENT DV TIME 25 PROD. NR. 1208-69475-1 | G13: =IF('Nr.Broby. Gl. Rådhus'!G4="","",'Nr.Broby. Gl. Rådhus'!G4) | H13: =IF('Nr.Broby. Gl. Rådhus'!H4="","",'Nr.Broby. Gl. Rådhus'!H4) -> 1013259 | ... U13: =IF('Nr.Broby. Gl. Rådhus'!U4="","",'Nr.Broby. Gl. Rådhus'!U4)
A14: =IF('Nr.Broby. Gl. Rådhus'!A5="","",'Nr.Broby. Gl. Rådhus'!A5) -> Østeragade | B14: =IF('Nr.Broby. Gl. Rådhus'!B5="","",'Nr.Broby. Gl. Rådhus'!B5) -> Broby Gl. Rådhus | C14: =IF('Nr.Broby. Gl. Rådhus'!C5="","",'Nr.Broby. Gl. Rådhus'!C5) -> LOFT | D14: =IF('Nr.Broby. Gl. Rådhus'!D5="","",'Nr.Broby. Gl. Rådhus'!D5) -> VE02 | E14: =IF('Nr.Broby. Gl. Rådhus'!E5="","",'Nr.Broby. Gl. Rådhus'!E5) | F14: =IF('Nr.Broby. Gl. Rådhus'!F5="","",'Nr.Broby. Gl. Rådhus'!F5) -> SYSTEMAIR DANVENT DV TIME 25 PROD. NR. 1208-69475-1 | G14: =IF('Nr.Broby. Gl. Rådhus'!G5="","",'Nr.Broby. Gl. Rådhus'!G5) | H14: =IF('Nr.Broby. Gl. Rådhus'!H5="","",'Nr.Broby. Gl. Rådhus'!H5) -> 1013247 | ... U14: =IF('Nr.Broby. Gl. Rådhus'!U5="","",'Nr.Broby. Gl. Rådhus'!U5)
A15: =IF('motorikken klatretræet'!A5="","",'motorikken klatretræet'!A5) -> Torpegårdsvej 2a 5792 Årslev | B15: =IF('motorikken klatretræet'!B5="","",'motorikken klatretræet'!B5) -> Klatretræet | C15: =IF('motorikken klatretræet'!C5="","",'motorikken klatretræet'!C5) -> Loftet | D15: =IF('motorikken klatretræet'!D5="","",'motorikken klatretræet'!D5) -> 157628/03 | E15: =IF('motorikken klatretræet'!E5="","",'motorikken klatretræet'!E5) -> VENT ORDNINGEN | F15: =IF('motorikken klatretræet'!F5="","",'motorikken klatretræet'!F5) -> VEX150HL EC | G15: =IF('motorikken klatretræet'!G5="","",'motorikken klatretræet'!G5) -> 2022 | H15: =IF('motorikken klatretræet'!H5="","",'motorikken klatretræet'!H5) -> 1104755-23577500 | ... U15: =IF('motorikken klatretræet'!U5="","",'motorikken klatretræet'!U5)
A16: =IF('Øhavsskolen Uglen'!A18="","",'Øhavsskolen Uglen'!A18) -> Toftegårdsvej 7 | B16: =IF('Øhavsskolen Uglen'!B18="","",'Øhavsskolen Uglen'!B18) -> Øhavsskolerne afd. Uglen | C16: =IF('Øhavsskolen Uglen'!C18="","",'Øhavsskolen Uglen'!C18) -> hallen køber selv til den | D16: =IF('Øhavsskolen Uglen'!D18="","",'Øhavsskolen Uglen'!D18) -> ve 10 | E16: =IF('Øhavsskolen Uglen'!E18="","",'Øhavsskolen Uglen'!E18) | F16: =IF('Øhavsskolen Uglen'!F18="","",'Øhavsskolen Uglen'!F18) | G16: =IF('Øhavsskolen Uglen'!G18="","",'Øhavsskolen Uglen'!G18) | H16: =IF('Øhavsskolen Uglen'!H18="","",'Øhavsskolen Uglen'!H18) -> vi kiipper selv filter til | I16: =IF('Øhavsskolen Uglen'!H18="","",'Øhavsskolen Uglen'!H18) -> vi kiipper selv filter til | J16: =IF('Øhavsskolen Uglen'!J18="","",'Øhavsskolen Uglen'!J18) -> 2 | K16: =IF('Øhavsskolen Uglen'!K18="","",'Øhavsskolen Uglen'!K18) -> 860 x 750 | L16: =IF('Øhavsskolen Uglen'!L18="","",'Øhavsskolen Uglen'!L18) -> NEJ | M16: =IF('Øhavsskolen Uglen'!M18="","",'Øhavsskolen Uglen'!M18) | N16: =IF('Øhavsskolen Uglen'!N18="","",'Øhavsskolen Uglen'!N18) | O16: =IF('Øhavsskolen Uglen'!O18="","",'Øhavsskolen Uglen'!O18) -> 45803 | P16: =IF('Øhavsskolen Uglen'!P18="","",'Øhavsskolen Uglen'!P18) -> -234 | Q16: =IF('Øhavsskolen Uglen'!Q18="","",'Øhavsskolen Uglen'!Q18) -> Per / Kjeld | ... U16: =IF('Øhavsskolen Uglen'!U18="","",'Øhavsskolen Uglen'!U18)
A17: =IF('Øhavsskolen Uglen'!A20="","",'Øhavsskolen Uglen'!A20) -> Toftegårdsvej 7 | B17: =IF('Øhavsskolen Uglen'!B20="","",'Øhavsskolen Uglen'!B20) -> Øhavsskolerne afd. Uglen | C17: =IF('Øhavsskolen Uglen'!C20="","",'Øhavsskolen Uglen'!C20) -> Blok 1 på taget | D17: =IF('Øhavsskolen Uglen'!D20="","",'Øhavsskolen Uglen'!D20) -> VE11 | E17: =IF('Øhavsskolen Uglen'!E20="","",'Øhavsskolen Uglen'!E20) -> JS Ventilation a/s | F17: =IF('Øhavsskolen Uglen'!F20="","",'Øhavsskolen Uglen'!F20) -> Geniox Core 18 | G17: =IF('Øhavsskolen Uglen'!G20="","",'Øhavsskolen Uglen'!G20) -> 2023 | H17: =IF('Øhavsskolen Uglen'!H20="","",'Øhavsskolen Uglen'!H20) -> 308603 /GFP 76460801 | ... U17: =IF('Øhavsskolen Uglen'!U20="","",'Øhavsskolen Uglen'!U20)
A18: =IF('Øhavsskolen Uglen'!A22="","",'Øhavsskolen Uglen'!A22) -> Toftegårdsvej 7 | B18: =IF('Øhavsskolen Uglen'!B22="","",'Øhavsskolen Uglen'!B22) -> Øhavsskolerne afd. Uglen | C18: =IF('Øhavsskolen Uglen'!C22="","",'Øhavsskolen Uglen'!C22) -> Blok 1 på taget | D18: =IF('Øhavsskolen Uglen'!D22="","",'Øhavsskolen Uglen'!D22) -> VE11 | E18: =IF('Øhavsskolen Uglen'!E22="","",'Øhavsskolen Uglen'!E22) -> JS Ventilation a/s | F18: =IF('Øhavsskolen Uglen'!F22="","",'Øhavsskolen Uglen'!F22) -> Geniox Core 18 | G18: =IF('Øhavsskolen Uglen'!G22="","",'Øhavsskolen Uglen'!G22) -> 2023 | H18: =IF('Øhavsskolen Uglen'!H22="","",'Øhavsskolen Uglen'!H22) -> 305245 / MPG 56460601 | ... U18: =IF('Øhavsskolen Uglen'!U22="","",'Øhavsskolen Uglen'!U22)
A19: =IF('Øhavsskolen Uglen'!A25="","",'Øhavsskolen Uglen'!A25) -> Toftegårdsvej 7 | B19: =IF('Øhavsskolen Uglen'!B25="","",'Øhavsskolen Uglen'!B25) -> Øhavsskolerne afd. Uglen | C19: =IF('Øhavsskolen Uglen'!C25="","",'Øhavsskolen Uglen'!C25) -> Blok 6 på taget | D19: =IF('Øhavsskolen Uglen'!D25="","",'Øhavsskolen Uglen'!D25) -> VE61 | E19: =IF('Øhavsskolen Uglen'!E25="","",'Øhavsskolen Uglen'!E25) -> JS Ventilation a/s | F19: =IF('Øhavsskolen Uglen'!F25="","",'Øhavsskolen Uglen'!F25) -> Geniox Core 16 | G19: =IF('Øhavsskolen Uglen'!G25="","",'Øhavsskolen Uglen'!G25) -> 2023 | H19: =IF('Øhavsskolen Uglen'!H25="","",'Øhavsskolen Uglen'!H25) -> 308600 / GFP 75660601 | ... U19: =IF('Øhavsskolen Uglen'!U25="","",'Øhavsskolen Uglen'!U25)
A20: =IF('Øhavsskolen Uglen'!A26="","",'Øhavsskolen Uglen'!A26) -> Toftegårdsvej 7 | B20: =IF('Øhavsskolen Uglen'!B26="","",'Øhavsskolen Uglen'!B26) -> Øhavsskolerne afd. Uglen | C20: =IF('Øhavsskolen Uglen'!C26="","",'Øhavsskolen Uglen'!C26) -> Blok 6 på taget | D20: =IF('Øhavsskolen Uglen'!D26="","",'Øhavsskolen Uglen'!D26) -> VE61 | E20: =IF('Øhavsskolen Uglen'!E26="","",'Øhavsskolen Uglen'!E26) -> JS Ventilation a/s | F20: =IF('Øhavsskolen Uglen'!F26="","",'Øhavsskolen Uglen'!F26) -> Geniox Core 16 | G20: =IF('Øhavsskolen Uglen'!G26="","",'Øhavsskolen Uglen'!G26) -> 2023 | H20: =IF('Øhavsskolen Uglen'!H26="","",'Øhavsskolen Uglen'!H26) -> 310621 / MPG 55601 | ... U20: =IF('Øhavsskolen Uglen'!U26="","",'Øhavsskolen Uglen'!U26)
A21: =IF('Øhavsskolen Uglen'!A21="","",'Øhavsskolen Uglen'!A21) -> Toftegårdsvej 7 | B21: =IF('Øhavsskolen Uglen'!B21="","",'Øhavsskolen Uglen'!B21) -> Øhavsskolerne afd. Uglen | C21: =IF('Øhavsskolen Uglen'!C21="","",'Øhavsskolen Uglen'!C21) -> Blok 1 på taget | D21: =IF('Øhavsskolen Uglen'!D21="","",'Øhavsskolen Uglen'!D21) -> VE11 | E21: =IF('Øhavsskolen Uglen'!E21="","",'Øhavsskolen Uglen'!E21) -> JS Ventilation a/s | F21: =IF('Øhavsskolen Uglen'!F21="","",'Øhavsskolen Uglen'!F21) -> Geniox Core 18 | G21: =IF('Øhavsskolen Uglen'!G21="","",'Øhavsskolen Uglen'!G21) -> 2023 | H21: =IF('Øhavsskolen Uglen'!H21="","",'Øhavsskolen Uglen'!H21) -> 297307 / MPP 5408 | ... U21: =IF('Øhavsskolen Uglen'!U21="","",'Øhavsskolen Uglen'!U21)
A22: =IF('Øhavsskolen Uglen'!A23="","",'Øhavsskolen Uglen'!A23) -> Toftegårdsvej 7 | B22: =IF('Øhavsskolen Uglen'!B23="","",'Øhavsskolen Uglen'!B23) -> Øhavsskolerne afd. Uglen | C22: =IF('Øhavsskolen Uglen'!C23="","",'Øhavsskolen Uglen'!C23) -> Blok 1 på taget | D22: =IF('Øhavsskolen Uglen'!D23="","",'Øhavsskolen Uglen'!D23) -> VE11 | E22: =IF('Øhavsskolen Uglen'!E23="","",'Øhavsskolen Uglen'!E23) -> JS Ventilation a/s | F22: =IF('Øhavsskolen Uglen'!F23="","",'Øhavsskolen Uglen'!F23) -> Geniox Core 18 | G22: =IF('Øhavsskolen Uglen'!G23="","",'Øhavsskolen Uglen'!G23) -> 2023 | H22: =IF('Øhavsskolen Uglen'!H23="","",'Øhavsskolen Uglen'!H23) -> 307291 / MPG 55414 | ... U22: =IF('Øhavsskolen Uglen'!U23="","",'Øhavsskolen Uglen'!U23)
A23: =IF('Øhavsskolen Uglen'!A2="","",'Øhavsskolen Uglen'!A2) -> Toftegårdsvej 7 | B23: =IF('Øhavsskolen Uglen'!B2="","",'Øhavsskolen Uglen'!B2) -> Øhavsskolerne afd. Uglen | C23: =IF('Øhavsskolen Uglen'!C2="","",'Øhavsskolen Uglen'!C2) -> Bananen | D23: =IF('Øhavsskolen Uglen'!D2="","",'Øhavsskolen Uglen'!D2) -> ve 01 | E23: =IF('Øhavsskolen Uglen'!E2="","",'Øhavsskolen Uglen'!E2) -> Kemp & Lauritzen | F23: =IF('Øhavsskolen Uglen'!F2="","",'Øhavsskolen Uglen'!F2) -> Exhausto VEX3.5-4-1MPR EVR57 | G23: =IF('Øhavsskolen Uglen'!G2="","",'Øhavsskolen Uglen'!G2) -> 2011 | H23: =IF('Øhavsskolen Uglen'!H2="","",'Øhavsskolen Uglen'!H2) -> 1104785 | ... U23: =IF('Øhavsskolen Uglen'!U2="","",'Øhavsskolen Uglen'!U2)
A24: =IF('Øhavsskolen Uglen'!A3="","",'Øhavsskolen Uglen'!A3) -> Toftegårdsvej 7 | B24: =IF('Øhavsskolen Uglen'!B3="","",'Øhavsskolen Uglen'!B3) -> Øhavsskolerne afd. Uglen | C24: =IF('Øhavsskolen Uglen'!C3="","",'Øhavsskolen Uglen'!C3) -> Bananen | D24: =IF('Øhavsskolen Uglen'!D3="","",'Øhavsskolen Uglen'!D3) -> ve 02 | E24: =IF('Øhavsskolen Uglen'!E3="","",'Øhavsskolen Uglen'!E3) -> Kemp & Lauritzen | F24: =IF('Øhavsskolen Uglen'!F3="","",'Øhavsskolen Uglen'!F3) -> Exhausto VEX3.5-4-1MPR EVR57 | G24: =IF('Øhavsskolen Uglen'!G3="","",'Øhavsskolen Uglen'!G3) -> 2011 | H24: =IF('Øhavsskolen Uglen'!H3="","",'Øhavsskolen Uglen'!H3) -> 1104785 | ... U24: =IF('Øhavsskolen Uglen'!U3="","",'Øhavsskolen Uglen'!U3)
A25: =IF('Øhavsskolen Uglen'!A4="","",'Øhavsskolen Uglen'!A4) -> Toftegårdsvej 7 | B25: =IF('Øhavsskolen Uglen'!B4="","",'Øhavsskolen Uglen'!B4) -> Øhavsskolerne afd. Uglen | C25: =IF('Øhavsskolen Uglen'!C4="","",'Øhavsskolen Uglen'!C4) -> Bananen | D25: =IF('Øhavsskolen Uglen'!D4="","",'Øhavsskolen Uglen'!D4) -> ve 03 | E25: =IF('Øhavsskolen Uglen'!E4="","",'Øhavsskolen Uglen'!E4) -> Kemp & Lauritzen | F25: =IF('Øhavsskolen Uglen'!F4="","",'Øhavsskolen Uglen'!F4) -> Exhausto VEX3.5-4-1MPR EVR57 | G25: =IF('Øhavsskolen Uglen'!G4="","",'Øhavsskolen Uglen'!G4) -> 2011 | H25: =IF('Øhavsskolen Uglen'!H4="","",'Øhavsskolen Uglen'!H4) -> 1104785 | ... U25: =IF('Øhavsskolen Uglen'!U4="","",'Øhavsskolen Uglen'!U4)
A26: =IF('Øhavsskolen Uglen'!A5="","",'Øhavsskolen Uglen'!A5) -> Toftegårdsvej 7 | B26: =IF('Øhavsskolen Uglen'!B5="","",'Øhavsskolen Uglen'!B5) -> Øhavsskolerne afd. Uglen | C26: =IF('Øhavsskolen Uglen'!C5="","",'Øhavsskolen Uglen'!C5) -> Bananen | D26: =IF('Øhavsskolen Uglen'!D5="","",'Øhavsskolen Uglen'!D5) -> ve 04 | E26: =IF('Øhavsskolen Uglen'!E5="","",'Øhavsskolen Uglen'!E5) -> Kemp & Lauritzen | F26: =IF('Øhavsskolen Uglen'!F5="","",'Øhavsskolen Uglen'!F5) -> Exhausto VEX3.5-4-1MPR EVR57 | G26: =IF('Øhavsskolen Uglen'!G5="","",'Øhavsskolen Uglen'!G5) -> 2011 | H26: =IF('Øhavsskolen Uglen'!H5="","",'Øhavsskolen Uglen'!H5) -> 1104785 | ... U26: =IF('Øhavsskolen Uglen'!U5="","",'Øhavsskolen Uglen'!U5)
A27: =IF('Øhavsskolen Uglen'!A7="","",'Øhavsskolen Uglen'!A7) -> Toftegårdsvej 7 | B27: =IF('Øhavsskolen Uglen'!B7="","",'Øhavsskolen Uglen'!B7) -> Øhavsskolerne afd. Uglen | C27: =IF('Øhavsskolen Uglen'!C7="","",'Øhavsskolen Uglen'!C7) -> blok 4 | D27: =IF('Øhavsskolen Uglen'!D7="","",'Øhavsskolen Uglen'!D7) -> ve 05 | E27: =IF('Øhavsskolen Uglen'!E7="","",'Øhavsskolen Uglen'!E7) -> NOVENCO | F27: =IF('Øhavsskolen Uglen'!F7="","",'Øhavsskolen Uglen'!F7) -> Climaster ZCF-15 10C-R1 | G27: =IF('Øhavsskolen Uglen'!G7="","",'Øhavsskolen Uglen'!G7) -> 2011 | H27: =IF('Øhavsskolen Uglen'!H7="","",'Øhavsskolen Uglen'!H7) -> 1013468 små | ... U27: =IF('Øhavsskolen Uglen'!U7="","",'Øhavsskolen Uglen'!U7)
A28: =IF('Øhavsskolen Uglen'!A8="","",'Øhavsskolen Uglen'!A8) -> Toftegårdsvej 7 | B28: =IF('Øhavsskolen Uglen'!B8="","",'Øhavsskolen Uglen'!B8) -> Øhavsskolerne afd. Uglen | C28: =IF('Øhavsskolen Uglen'!C8="","",'Øhavsskolen Uglen'!C8) -> blok 4 | D28: =IF('Øhavsskolen Uglen'!D8="","",'Øhavsskolen Uglen'!D8) -> ve 05 | E28: =IF('Øhavsskolen Uglen'!E8="","",'Øhavsskolen Uglen'!E8) -> NOVENCO | F28: =IF('Øhavsskolen Uglen'!F8="","",'Øhavsskolen Uglen'!F8) -> Climaster ZCF-15 10C-R1 | G28: =IF('Øhavsskolen Uglen'!G8="","",'Øhavsskolen Uglen'!G8) -> 2011 | H28: =IF('Øhavsskolen Uglen'!H8="","",'Øhavsskolen Uglen'!H8) -> 1013247 store | ... U28: =IF('Øhavsskolen Uglen'!U8="","",'Øhavsskolen Uglen'!U8)
A29: =IF('Øhavsskolen Uglen'!A9="","",'Øhavsskolen Uglen'!A9) -> Toftegårdsvej 7 | B29: =IF('Øhavsskolen Uglen'!B9="","",'Øhavsskolen Uglen'!B9) -> Øhavsskolerne afd. Uglen | C29: =IF('Øhavsskolen Uglen'!C9="","",'Øhavsskolen Uglen'!C9) -> blok 4 | D29: =IF('Øhavsskolen Uglen'!D9="","",'Øhavsskolen Uglen'!D9) -> ve 05 | E29: =IF('Øhavsskolen Uglen'!E9="","",'Øhavsskolen Uglen'!E9) -> NOVENCO | F29: =IF('Øhavsskolen Uglen'!F9="","",'Øhavsskolen Uglen'!F9) -> Climaster ZCF-15 10C-R1 | G29: =IF('Øhavsskolen Uglen'!G9="","",'Øhavsskolen Uglen'!G9) -> 2011 | H29: =IF('Øhavsskolen Uglen'!H9="","",'Øhavsskolen Uglen'!H9) -> 1013259 stor | ... U29: =IF('Øhavsskolen Uglen'!U9="","",'Øhavsskolen Uglen'!U9)
A30: =IF('Øhavsskolen Uglen'!A10="","",'Øhavsskolen Uglen'!A10) -> Toftegårdsvej 7 | B30: =IF('Øhavsskolen Uglen'!B10="","",'Øhavsskolen Uglen'!B10) -> Øhavsskolerne afd. Uglen | C30: =IF('Øhavsskolen Uglen'!C10="","",'Øhavsskolen Uglen'!C10) -> blok 4 | D30: =IF('Øhavsskolen Uglen'!D10="","",'Øhavsskolen Uglen'!D10) -> ve 05 | E30: =IF('Øhavsskolen Uglen'!E10="","",'Øhavsskolen Uglen'!E10) -> NOVENCO | F30: =IF('Øhavsskolen Uglen'!F10="","",'Øhavsskolen Uglen'!F10) -> Climaster ZCF-15 10C-R1 | G30: =IF('Øhavsskolen Uglen'!G10="","",'Øhavsskolen Uglen'!G10) -> 2011 | H30: =IF('Øhavsskolen Uglen'!H10="","",'Øhavsskolen Uglen'!H10) -> 1013498 Ssmå | ... U30: =IF('Øhavsskolen Uglen'!U10="","",'Øhavsskolen Uglen'!U10)
A31: =IF('Øhavsskolen Uglen'!A12="","",'Øhavsskolen Uglen'!A12) -> Toftegårdsvej 7 | B31: =IF('Øhavsskolen Uglen'!B12="","",'Øhavsskolen Uglen'!B12) -> Øhavsskolerne afd. Uglen | C31: =IF('Øhavsskolen Uglen'!C12="","",'Øhavsskolen Uglen'!C12) -> blok 5 fagblok | D31: =IF('Øhavsskolen Uglen'!D12="","",'Øhavsskolen Uglen'!D12) -> VE01- KØKKEN | E31: =IF('Øhavsskolen Uglen'!E12="","",'Øhavsskolen Uglen'!E12) -> Belvent A/S | F31: =IF('Øhavsskolen Uglen'!F12="","",'Øhavsskolen Uglen'!F12) -> Geniox 10 | G31: =IF('Øhavsskolen Uglen'!G12="","",'Øhavsskolen Uglen'!G12) -> 2024 | H31: =IF('Øhavsskolen Uglen'!H12="","",'Øhavsskolen Uglen'!H12) | ... U31: =IF('Øhavsskolen Uglen'!U12="","",'Øhavsskolen Uglen'!U12)
A32: =IF('Øhavsskolen Uglen'!A13="","",'Øhavsskolen Uglen'!A13) -> Toftegårdsvej 7 | B32: =IF('Øhavsskolen Uglen'!B13="","",'Øhavsskolen Uglen'!B13) -> Øhavsskolerne afd. Uglen | C32: =IF('Øhavsskolen Uglen'!C13="","",'Øhavsskolen Uglen'!C13) -> blok 5 fagblok | D32: =IF('Øhavsskolen Uglen'!D13="","",'Øhavsskolen Uglen'!D13) -> VE01- KØKKEN | E32: =IF('Øhavsskolen Uglen'!E13="","",'Øhavsskolen Uglen'!E13) -> Belvent A/S | F32: =IF('Øhavsskolen Uglen'!F13="","",'Øhavsskolen Uglen'!F13) -> Geniox 10 | G32: =IF('Øhavsskolen Uglen'!G13="","",'Øhavsskolen Uglen'!G13) -> 2024 | H32: =IF('Øhavsskolen Uglen'!H13="","",'Øhavsskolen Uglen'!H13) | ... S32: =IF('Øhavsskolen Uglen'!S13="","",'Øhavsskolen Uglen'!S13)
A33: =IF('Øhavsskolen Uglen'!A16="","",'Øhavsskolen Uglen'!A16) -> Toftegårdsvej 7 | B33: =IF('Øhavsskolen Uglen'!B16="","",'Øhavsskolen Uglen'!B16) -> Øhavsskolerne afd. Uglen | C33: =IF('Øhavsskolen Uglen'!C16="","",'Øhavsskolen Uglen'!C16) -> blok 5 på taget fagblok | D33: =IF('Øhavsskolen Uglen'!D16="","",'Øhavsskolen Uglen'!D16) -> VE02- LOKALER | E33: =IF('Øhavsskolen Uglen'!E16="","",'Øhavsskolen Uglen'!E16) -> Belvent A/S | F33: =IF('Øhavsskolen Uglen'!F16="","",'Øhavsskolen Uglen'!F16) -> Geniox 14 | G33: =IF('Øhavsskolen Uglen'!G16="","",'Øhavsskolen Uglen'!G16) -> 2024 | H33: =IF('Øhavsskolen Uglen'!H16="","",'Øhavsskolen Uglen'!H16) | ... S33: =IF('Øhavsskolen Uglen'!S16="","",'Øhavsskolen Uglen'!S16)
A34: =IF('Øhavsskolen Uglen'!A15="","",'Øhavsskolen Uglen'!A15) -> Toftegårdsvej 7 | B34: =IF('Øhavsskolen Uglen'!B15="","",'Øhavsskolen Uglen'!B15) -> Øhavsskolerne afd. Uglen | C34: =IF('Øhavsskolen Uglen'!C15="","",'Øhavsskolen Uglen'!C15) -> blok 5 på taget fagblok | D34: =IF('Øhavsskolen Uglen'!D15="","",'Øhavsskolen Uglen'!D15) -> VE02- LOKALER | E34: =IF('Øhavsskolen Uglen'!E15="","",'Øhavsskolen Uglen'!E15) -> Belvent A/S | F34: =IF('Øhavsskolen Uglen'!F15="","",'Øhavsskolen Uglen'!F15) -> Geniox 14 | G34: =IF('Øhavsskolen Uglen'!G15="","",'Øhavsskolen Uglen'!G15) -> 2024 | H34: =IF('Øhavsskolen Uglen'!H15="","",'Øhavsskolen Uglen'!H15) | ... S34: =IF('Øhavsskolen Uglen'!S15="","",'Øhavsskolen Uglen'!S15)
A35: =IF('Bøgebjergskolen Vester Åby'!A2="","",'Bøgebjergskolen Vester Åby'!A2) -> Svendborgvej 357 | B35: =IF('Bøgebjergskolen Vester Åby'!B2="","",'Bøgebjergskolen Vester Åby'!B2) -> Bøgebjergskolen | C35: =IF('Bøgebjergskolen Vester Åby'!C2="","",'Bøgebjergskolen Vester Åby'!C2) -> Børnehaven loft over fyrrum | D35: =IF('Bøgebjergskolen Vester Åby'!D2="","",'Bøgebjergskolen Vester Åby'!D2) | E35: =IF('Bøgebjergskolen Vester Åby'!E2="","",'Bøgebjergskolen Vester Åby'!E2) | F35: =IF('Bøgebjergskolen Vester Åby'!F2="","",'Bøgebjergskolen Vester Åby'!F2) -> WR EKOSALDA RIS 2500 H | G35: =IF('Bøgebjergskolen Vester Åby'!G2="","",'Bøgebjergskolen Vester Åby'!G2) -> 2015 | H35: =IF('Bøgebjergskolen Vester Åby'!H2="","",'Bøgebjergskolen Vester Åby'!H2) -> 1007426 | ... U35: =IF('Bøgebjergskolen Vester Åby'!U2="","",'Bøgebjergskolen Vester Åby'!U2)
A36: =IF('Bøgebjergskolen Vester Åby'!A3="","",'Bøgebjergskolen Vester Åby'!A3) -> Svendborgvej 357 | B36: =IF('Bøgebjergskolen Vester Åby'!B3="","",'Bøgebjergskolen Vester Åby'!B3) -> Bøgebjergskolen | C36: =IF('Bøgebjergskolen Vester Åby'!C3="","",'Bøgebjergskolen Vester Åby'!C3) -> Børnehaven loft over fyrrum | D36: =IF('Bøgebjergskolen Vester Åby'!D3="","",'Bøgebjergskolen Vester Åby'!D3) | E36: =IF('Bøgebjergskolen Vester Åby'!E3="","",'Bøgebjergskolen Vester Åby'!E3) | F36: =IF('Bøgebjergskolen Vester Åby'!F3="","",'Bøgebjergskolen Vester Åby'!F3) -> WR EKOSALDA RIS 2500 H | G36: =IF('Bøgebjergskolen Vester Åby'!G3="","",'Bøgebjergskolen Vester Åby'!G3) -> 2015 | H36: =IF('Bøgebjergskolen Vester Åby'!H3="","",'Bøgebjergskolen Vester Åby'!H3) -> 1007368 | ... U36: =IF('Bøgebjergskolen Vester Åby'!U3="","",'Bøgebjergskolen Vester Åby'!U3)
A37: =IF('Bøgebjergskolen Vester Åby'!A5="","",'Bøgebjergskolen Vester Åby'!A5) -> Svendborgvej 357 | B37: =IF('Bøgebjergskolen Vester Åby'!B5="","",'Bøgebjergskolen Vester Åby'!B5) -> Bøgebjergskolen | C37: =IF('Bøgebjergskolen Vester Åby'!C5="","",'Bøgebjergskolen Vester Åby'!C5) -> Skolen kælder ved gymnastik | D37: =IF('Bøgebjergskolen Vester Åby'!D5="","",'Bøgebjergskolen Vester Åby'!D5) -> VEN 01 | E37: =IF('Bøgebjergskolen Vester Åby'!E5="","",'Bøgebjergskolen Vester Åby'!E5) | F37: =IF('Bøgebjergskolen Vester Åby'!F5="","",'Bøgebjergskolen Vester Åby'!F5) -> Komfovent Verso-R-3000-V-W | G37: =IF('Bøgebjergskolen Vester Åby'!G5="","",'Bøgebjergskolen Vester Åby'!G5) | H37: =IF('Bøgebjergskolen Vester Åby'!H5="","",'Bøgebjergskolen Vester Åby'!H5) -> Der er inne noget nr. | ... K37: =IF('Bøgebjergskolen Vester Åby'!K5="","",'Bøgebjergskolen Vester Åby'!K5) -> 525x510x48 | L37: =IF('Bøgebjergskolen Vester Åby'!#REF!="","",'Bøgebjergskolen Vester Åby'!#REF!) -> #REF! | M37: =IF('Bøgebjergskolen Vester Åby'!M5="","",'Bøgebjergskolen Vester Åby'!M5) -> Ja | N37: =IF('Bøgebjergskolen Vester Åby'!N5="","",'Bøgebjergskolen Vester Åby'!N5) | O37: =IF('Bøgebjergskolen Vester Åby'!O5="","",'Bøgebjergskolen Vester Åby'!O5) -> 45968 | P37: =IF('Bøgebjergskolen Vester Åby'!P5="","",'Bøgebjergskolen Vester Åby'!P5) -> -69 | Q37: =IF('Bøgebjergskolen Vester Åby'!Q5="","",'Bøgebjergskolen Vester Åby'!Q5) -> Kjeld / Ian | R37: =IF('Bøgebjergskolen Vester Åby'!R5="","",'Bøgebjergskolen Vester Åby'!R5) -> 45777 | S37: =IF('Bøgebjergskolen Vester Åby'!L5="","",'Bøgebjergskolen Vester Åby'!L5) -> CTS | T37: =IF('Bøgebjergskolen Vester Åby'!T5="","",'Bøgebjergskolen Vester Åby'!T5) | U37: =IF('Bøgebjergskolen Vester Åby'!U5="","",'Bøgebjergskolen Vester Åby'!U5)
A38: =IF('Bøgebjergskolen Vester Åby'!A6="","",'Bøgebjergskolen Vester Åby'!A6) -> Svendborgvej 357 | B38: =IF('Bøgebjergskolen Vester Åby'!B6="","",'Bøgebjergskolen Vester Åby'!B6) -> Bøgebjergskolen | C38: =IF('Bøgebjergskolen Vester Åby'!C6="","",'Bøgebjergskolen Vester Åby'!C6) -> Skolen kælder ved gymnastik | D38: =IF('Bøgebjergskolen Vester Åby'!D6="","",'Bøgebjergskolen Vester Åby'!D6) | E38: =IF('Bøgebjergskolen Vester Åby'!E6="","",'Bøgebjergskolen Vester Åby'!E6) | F38: =IF('Bøgebjergskolen Vester Åby'!F6="","",'Bøgebjergskolen Vester Åby'!F6) -> Komfovent Verso-R-3000-V-W | G38: =IF('Bøgebjergskolen Vester Åby'!G6="","",'Bøgebjergskolen Vester Åby'!G6) | H38: =IF('Bøgebjergskolen Vester Åby'!H6="","",'Bøgebjergskolen Vester Åby'!H6) -> Der er inne noget nr. | ... K38: =IF('Bøgebjergskolen Vester Åby'!K6="","",'Bøgebjergskolen Vester Åby'!K6) -> 525X510X48 | L38: =IF('Bøgebjergskolen Vester Åby'!#REF!="","",'Bøgebjergskolen Vester Åby'!#REF!) -> #REF! | M38: =IF('Bøgebjergskolen Vester Åby'!M6="","",'Bøgebjergskolen Vester Åby'!M6) -> Ja | N38: =IF('Bøgebjergskolen Vester Åby'!N6="","",'Bøgebjergskolen Vester Åby'!N6) | O38: =IF('Bøgebjergskolen Vester Åby'!O6="","",'Bøgebjergskolen Vester Åby'!O6) -> 45968 | P38: =IF('Bøgebjergskolen Vester Åby'!P6="","",'Bøgebjergskolen Vester Åby'!P6) -> -69 | Q38: =IF('Bøgebjergskolen Vester Åby'!Q6="","",'Bøgebjergskolen Vester Åby'!Q6) -> Kjeld / Ian | R38: =IF('Bøgebjergskolen Vester Åby'!R6="","",'Bøgebjergskolen Vester Åby'!R6) -> 45777 | S38: =IF('Bøgebjergskolen Vester Åby'!L6="","",'Bøgebjergskolen Vester Åby'!L6) -> CTS | T38: =IF('Bøgebjergskolen Vester Åby'!T6="","",'Bøgebjergskolen Vester Åby'!T6) | U38: =IF('Bøgebjergskolen Vester Åby'!U6="","",'Bøgebjergskolen Vester Åby'!U6)
A39: =IF('Bøgebjergskolen Vester Åby'!A9="","",'Bøgebjergskolen Vester Åby'!A9) -> Svendborgvej 357 | B39: =IF('Bøgebjergskolen Vester Åby'!B9="","",'Bøgebjergskolen Vester Åby'!B9) -> Bøgebjergskolen | C39: =IF('Bøgebjergskolen Vester Åby'!C9="","",'Bøgebjergskolen Vester Åby'!C9) -> Skolen loft over kontor | D39: =IF('Bøgebjergskolen Vester Åby'!D9="","",'Bøgebjergskolen Vester Åby'!D9) | E39: =IF('Bøgebjergskolen Vester Åby'!E9="","",'Bøgebjergskolen Vester Åby'!E9) | F39: =IF('Bøgebjergskolen Vester Åby'!F9="","",'Bøgebjergskolen Vester Åby'!F9) -> Komfovent Verso-R-20-ML | G39: =IF('Bøgebjergskolen Vester Åby'!G9="","",'Bøgebjergskolen Vester Åby'!G9) | H39: =IF('Bøgebjergskolen Vester Åby'!H9="","",'Bøgebjergskolen Vester Åby'!H9) -> Der er ikke noget nr. | ... K39: =IF('Bøgebjergskolen Vester Åby'!K9="","",'Bøgebjergskolen Vester Åby'!K9) -> 490x490x500 | L39: =IF('Bøgebjergskolen Vester Åby'!#REF!="","",'Bøgebjergskolen Vester Åby'!#REF!) -> #REF! | M39: =IF('Bøgebjergskolen Vester Åby'!M9="","",'Bøgebjergskolen Vester Åby'!M9) -> Ja | N39: =IF('Bøgebjergskolen Vester Åby'!N9="","",'Bøgebjergskolen Vester Åby'!N9) | O39: =IF('Bøgebjergskolen Vester Åby'!O9="","",'Bøgebjergskolen Vester Åby'!O9) -> 45968 | P39: =IF('Bøgebjergskolen Vester Åby'!P9="","",'Bøgebjergskolen Vester Åby'!P9) -> -69 | Q39: =IF('Bøgebjergskolen Vester Åby'!Q9="","",'Bøgebjergskolen Vester Åby'!Q9) -> Kjeld / Ian | R39: =IF('Bøgebjergskolen Vester Åby'!R9="","",'Bøgebjergskolen Vester Åby'!R9) -> 45777 | S39: =IF('Bøgebjergskolen Vester Åby'!L9="","",'Bøgebjergskolen Vester Åby'!L9) -> CTS | T39: =IF('Bøgebjergskolen Vester Åby'!T9="","",'Bøgebjergskolen Vester Åby'!T9) | U39: =IF('Bøgebjergskolen Vester Åby'!U9="","",'Bøgebjergskolen Vester Åby'!U9)
A40: =IF('Bøgebjergskolen Vester Åby'!A12="","",'Bøgebjergskolen Vester Åby'!A12) -> Svendborgvej 357 | B40: =IF('Bøgebjergskolen Vester Åby'!B12="","",'Bøgebjergskolen Vester Åby'!B12) -> Bøgebjergskolen | C40: =IF('Bøgebjergskolen Vester Åby'!C12="","",'Bøgebjergskolen Vester Åby'!C12) -> Skolen ved Billedkunst | D40: =IF('Bøgebjergskolen Vester Åby'!D12="","",'Bøgebjergskolen Vester Åby'!D12) | E40: =IF('Bøgebjergskolen Vester Åby'!E12="","",'Bøgebjergskolen Vester Åby'!E12) | F40: =IF('Bøgebjergskolen Vester Åby'!F12="","",'Bøgebjergskolen Vester Åby'!F12) -> Komfovent Verso | G40: =IF('Bøgebjergskolen Vester Åby'!G12="","",'Bøgebjergskolen Vester Åby'!G12) | H40: =IF('Bøgebjergskolen Vester Åby'!H12="","",'Bøgebjergskolen Vester Åby'!H12) -> Der er ikke noget nr. | ... K40: =IF('Bøgebjergskolen Vester Åby'!K12="","",'Bøgebjergskolen Vester Åby'!K12) -> 525x510x48 | L40: =IF('Bøgebjergskolen Vester Åby'!#REF!="","",'Bøgebjergskolen Vester Åby'!#REF!) -> #REF! | M40: =IF('Bøgebjergskolen Vester Åby'!M12="","",'Bøgebjergskolen Vester Åby'!M12) -> er el | N40: =IF('Bøgebjergskolen Vester Åby'!N12="","",'Bøgebjergskolen Vester Åby'!N12) | O40: =IF('Bøgebjergskolen Vester Åby'!O12="","",'Bøgebjergskolen Vester Åby'!O12) -> 45968 | P40: =IF('Bøgebjergskolen Vester Åby'!P12="","",'Bøgebjergskolen Vester Åby'!P12) -> -69 | Q40: =IF('Bøgebjergskolen Vester Åby'!Q12="","",'Bøgebjergskolen Vester Åby'!Q12) -> Kjeld / Ian | R40: =IF('Bøgebjergskolen Vester Åby'!R12="","",'Bøgebjergskolen Vester Åby'!R12) -> 45777 | S40: =IF('Bøgebjergskolen Vester Åby'!L12="","",'Bøgebjergskolen Vester Åby'!L12) -> CTS | T40: =IF('Bøgebjergskolen Vester Åby'!T12="","",'Bøgebjergskolen Vester Åby'!T12) | U40: =IF('Bøgebjergskolen Vester Åby'!U12="","",'Bøgebjergskolen Vester Åby'!U12)
A41: =IF('Bøgebjergskolen Vester Åby'!A8="","",'Bøgebjergskolen Vester Åby'!A8) -> Svendborgvej 357 | B41: =IF('Bøgebjergskolen Vester Åby'!B8="","",'Bøgebjergskolen Vester Åby'!B8) -> Bøgebjergskolen | C41: =IF('Bøgebjergskolen Vester Åby'!C8="","",'Bøgebjergskolen Vester Åby'!C8) -> Skolen loft over kontor | D41: =IF('Bøgebjergskolen Vester Åby'!D8="","",'Bøgebjergskolen Vester Åby'!D8) -> VEN 02 | E41: =IF('Bøgebjergskolen Vester Åby'!E8="","",'Bøgebjergskolen Vester Åby'!E8) | F41: =IF('Bøgebjergskolen Vester Åby'!F8="","",'Bøgebjergskolen Vester Åby'!F8) -> Komfovent Verso-R-20-ML | G41: =IF('Bøgebjergskolen Vester Åby'!G8="","",'Bøgebjergskolen Vester Åby'!G8) | H41: =IF('Bøgebjergskolen Vester Åby'!H8="","",'Bøgebjergskolen Vester Åby'!H8) -> Der er ikke noget nr. | ... K41: =IF('Bøgebjergskolen Vester Åby'!K8="","",'Bøgebjergskolen Vester Åby'!K8) -> 490x490x500 | L41: =IF('Bøgebjergskolen Vester Åby'!#REF!="","",'Bøgebjergskolen Vester Åby'!#REF!) -> #REF! | M41: =IF('Bøgebjergskolen Vester Åby'!M8="","",'Bøgebjergskolen Vester Åby'!M8) -> Ja | N41: =IF('Bøgebjergskolen Vester Åby'!N8="","",'Bøgebjergskolen Vester Åby'!N8) | O41: =IF('Bøgebjergskolen Vester Åby'!O8="","",'Bøgebjergskolen Vester Åby'!O8) -> 45968 | P41: =IF('Bøgebjergskolen Vester Åby'!P8="","",'Bøgebjergskolen Vester Åby'!P8) -> -69 | Q41: =IF('Bøgebjergskolen Vester Åby'!Q8="","",'Bøgebjergskolen Vester Åby'!Q8) -> Kjeld / Ian | R41: =IF('Bøgebjergskolen Vester Åby'!R8="","",'Bøgebjergskolen Vester Åby'!R8) -> 45777 | S41: =IF('Bøgebjergskolen Vester Åby'!L8="","",'Bøgebjergskolen Vester Åby'!L8) -> CTS | T41: =IF('Bøgebjergskolen Vester Åby'!T8="","",'Bøgebjergskolen Vester Åby'!T8) | U41: =IF('Bøgebjergskolen Vester Åby'!U8="","",'Bøgebjergskolen Vester Åby'!U8)
A42: =IF('Bøgebjergskolen Vester Åby'!A11="","",'Bøgebjergskolen Vester Åby'!A11) -> Svendborgvej 357 | B42: =IF('Bøgebjergskolen Vester Åby'!B11="","",'Bøgebjergskolen Vester Åby'!B11) -> Bøgebjergskolen | C42: =IF('Bøgebjergskolen Vester Åby'!C11="","",'Bøgebjergskolen Vester Åby'!C11) -> Skolen ved Billedkunst | D42: =IF('Bøgebjergskolen Vester Åby'!D11="","",'Bøgebjergskolen Vester Åby'!D11) -> VEN 03 | E42: =IF('Bøgebjergskolen Vester Åby'!E11="","",'Bøgebjergskolen Vester Åby'!E11) | F42: =IF('Bøgebjergskolen Vester Åby'!F11="","",'Bøgebjergskolen Vester Åby'!F11) -> Komfovent Verso | G42: =IF('Bøgebjergskolen Vester Åby'!G11="","",'Bøgebjergskolen Vester Åby'!G11) | H42: =IF('Bøgebjergskolen Vester Åby'!H11="","",'Bøgebjergskolen Vester Åby'!H11) -> Der er inne noget nr. | ... K42: =IF('Bøgebjergskolen Vester Åby'!K11="","",'Bøgebjergskolen Vester Åby'!K11) -> 525x510x48 | L42: =IF('Bøgebjergskolen Vester Åby'!#REF!="","",'Bøgebjergskolen Vester Åby'!#REF!) -> #REF! | M42: =IF('Bøgebjergskolen Vester Åby'!M11="","",'Bøgebjergskolen Vester Åby'!M11) -> Varme flade | N42: =IF('Bøgebjergskolen Vester Åby'!N11="","",'Bøgebjergskolen Vester Åby'!N11) | O42: =IF('Bøgebjergskolen Vester Åby'!O11="","",'Bøgebjergskolen Vester Åby'!O11) -> 45968 | P42: =IF('Bøgebjergskolen Vester Åby'!P11="","",'Bøgebjergskolen Vester Åby'!P11) -> -69 | Q42: =IF('Bøgebjergskolen Vester Åby'!Q11="","",'Bøgebjergskolen Vester Åby'!Q11) -> Kjeld / Ian | R42: =IF('Bøgebjergskolen Vester Åby'!R11="","",'Bøgebjergskolen Vester Åby'!R11) -> 45777 | S42: =IF('Bøgebjergskolen Vester Åby'!L11="","",'Bøgebjergskolen Vester Åby'!L11) -> CTS | T42: =IF('Bøgebjergskolen Vester Åby'!T11="","",'Bøgebjergskolen Vester Åby'!T11) | U42: =IF('Bøgebjergskolen Vester Åby'!U11="","",'Bøgebjergskolen Vester Åby'!U11)
A43: =IF('Øhavsskolen Svanen '!A18="","",'Øhavsskolen Svanen '!A18) -> Sundvænget 9 | B43: =IF('Øhavsskolen Svanen '!B18="","",'Øhavsskolen Svanen '!B18) -> Øhavsskolen Svanen | C43: =IF('Øhavsskolen Svanen '!C18="","",'Øhavsskolen Svanen '!C18) -> græs på taget | D43: =IF('Øhavsskolen Svanen '!D18="","",'Øhavsskolen Svanen '!D18) -> ve06 | E43: =IF('Øhavsskolen Svanen '!E18="","",'Øhavsskolen Svanen '!E18) | F43: =IF('Øhavsskolen Svanen '!F18="","",'Øhavsskolen Svanen '!F18) | G43: =IF('Øhavsskolen Svanen '!G18="","",'Øhavsskolen Svanen '!G18) | H43: =IF('Øhavsskolen Svanen '!H18="","",'Øhavsskolen Svanen '!H18) -> 1013259 | ... U43: =IF('Øhavsskolen Svanen '!U18="","",'Øhavsskolen Svanen '!U18)
A44: =IF('Øhavsskolen Svanen '!A19="","",'Øhavsskolen Svanen '!A19) -> Sundvænget 9 | B44: =IF('Øhavsskolen Svanen '!B19="","",'Øhavsskolen Svanen '!B19) -> Øhavsskolen Svanen | C44: =IF('Øhavsskolen Svanen '!C19="","",'Øhavsskolen Svanen '!C19) -> græs på taget | D44: =IF('Øhavsskolen Svanen '!D19="","",'Øhavsskolen Svanen '!D19) -> ve06 | E44: =IF('Øhavsskolen Svanen '!E19="","",'Øhavsskolen Svanen '!E19) | F44: =IF('Øhavsskolen Svanen '!F19="","",'Øhavsskolen Svanen '!F19) | G44: =IF('Øhavsskolen Svanen '!G19="","",'Øhavsskolen Svanen '!G19) | H44: =IF('Øhavsskolen Svanen '!H19="","",'Øhavsskolen Svanen '!H19) -> 1013498 | ... U44: =IF('Øhavsskolen Svanen '!U19="","",'Øhavsskolen Svanen '!U19)
A45: =IF('Øhavsskolen Svanen '!A20="","",'Øhavsskolen Svanen '!A20) -> Sundvænget 9 | B45: =IF('Øhavsskolen Svanen '!B20="","",'Øhavsskolen Svanen '!B20) -> Øhavsskolen Svanen | C45: =IF('Øhavsskolen Svanen '!C20="","",'Øhavsskolen Svanen '!C20) -> græs på taget | D45: =IF('Øhavsskolen Svanen '!D20="","",'Øhavsskolen Svanen '!D20) -> ve06 | E45: =IF('Øhavsskolen Svanen '!E20="","",'Øhavsskolen Svanen '!E20) | F45: =IF('Øhavsskolen Svanen '!F20="","",'Øhavsskolen Svanen '!F20) | G45: =IF('Øhavsskolen Svanen '!G20="","",'Øhavsskolen Svanen '!G20) | H45: =IF('Øhavsskolen Svanen '!H20="","",'Øhavsskolen Svanen '!H20) -> 1013128 | ... U45: =IF('Øhavsskolen Svanen '!U20="","",'Øhavsskolen Svanen '!U20)
A46: =IF('Øhavsskolen Svanen '!A22="","",'Øhavsskolen Svanen '!A22) -> Sundvænget 9 | B46: =IF('Øhavsskolen Svanen '!B22="","",'Øhavsskolen Svanen '!B22) -> Øhavsskolen Svanen | C46: =IF('Øhavsskolen Svanen '!C22="","",'Øhavsskolen Svanen '!C22) -> byg c kælder | D46: =IF('Øhavsskolen Svanen '!D22="","",'Øhavsskolen Svanen '!D22) -> ve07 | E46: =IF('Øhavsskolen Svanen '!E22="","",'Øhavsskolen Svanen '!E22) | F46: =IF('Øhavsskolen Svanen '!F22="","",'Øhavsskolen Svanen '!F22) | G46: =IF('Øhavsskolen Svanen '!G22="","",'Øhavsskolen Svanen '!G22) | H46: =IF('Øhavsskolen Svanen '!H22="","",'Øhavsskolen Svanen '!H22) | ... U46: =IF('Øhavsskolen Svanen '!U22="","",'Øhavsskolen Svanen '!U22)
A47: =IF('Øhavsskolen Svanen '!A14="","",'Øhavsskolen Svanen '!A14) -> Sundvænget 9 | B47: =IF('Øhavsskolen Svanen '!B14="","",'Øhavsskolen Svanen '!B14) -> Øhavsskolen Svanen | C47: =IF('Øhavsskolen Svanen '!C14="","",'Øhavsskolen Svanen '!C14) -> byg b loft | D47: =IF('Øhavsskolen Svanen '!D14="","",'Øhavsskolen Svanen '!D14) -> ve05 | E47: =IF('Øhavsskolen Svanen '!E14="","",'Øhavsskolen Svanen '!E14) | F47: =IF('Øhavsskolen Svanen '!F14="","",'Øhavsskolen Svanen '!F14) | G47: =IF('Øhavsskolen Svanen '!G14="","",'Øhavsskolen Svanen '!G14) | H47: =IF('Øhavsskolen Svanen '!H14="","",'Øhavsskolen Svanen '!H14) -> 1013259 | ... U47: =IF('Øhavsskolen Svanen '!U14="","",'Øhavsskolen Svanen '!U14)
A48: =IF('Øhavsskolen Svanen '!A2="","",'Øhavsskolen Svanen '!A2) -> Sundvænget 9 | B48: =IF('Øhavsskolen Svanen '!B2="","",'Øhavsskolen Svanen '!B2) -> Øhavsskolen Svanen | C48: =IF('Øhavsskolen Svanen '!C2="","",'Øhavsskolen Svanen '!C2) -> byg c loft | D48: =IF('Øhavsskolen Svanen '!D2="","",'Øhavsskolen Svanen '!D2) -> ve01 | E48: =IF('Øhavsskolen Svanen '!E2="","",'Øhavsskolen Svanen '!E2) | F48: =IF('Øhavsskolen Svanen '!F2="","",'Øhavsskolen Svanen '!F2) | G48: =IF('Øhavsskolen Svanen '!G2="","",'Øhavsskolen Svanen '!G2) | H48: =IF('Øhavsskolen Svanen '!H2="","",'Øhavsskolen Svanen '!H2) -> 1013259 | ... U48: =IF('Øhavsskolen Svanen '!U2="","",'Øhavsskolen Svanen '!U2)
A49: =IF('Øhavsskolen Svanen '!A12="","",'Øhavsskolen Svanen '!A12) -> Sundvænget 9 | B49: =IF('Øhavsskolen Svanen '!B12="","",'Øhavsskolen Svanen '!B12) -> Øhavsskolen Svanen | C49: =IF('Øhavsskolen Svanen '!C12="","",'Øhavsskolen Svanen '!C12) -> byg a loft | D49: =IF('Øhavsskolen Svanen '!D12="","",'Øhavsskolen Svanen '!D12) -> ve04 | E49: =IF('Øhavsskolen Svanen '!E12="","",'Øhavsskolen Svanen '!E12) | F49: =IF('Øhavsskolen Svanen '!F12="","",'Øhavsskolen Svanen '!F12) | G49: =IF('Øhavsskolen Svanen '!G12="","",'Øhavsskolen Svanen '!G12) | H49: =IF('Øhavsskolen Svanen '!H12="","",'Øhavsskolen Svanen '!H12) -> 1013259 | ... U49: =IF('Øhavsskolen Svanen '!U12="","",'Øhavsskolen Svanen '!U12)
A50: =IF('Øhavsskolen Svanen '!A3="","",'Øhavsskolen Svanen '!A3) -> Sundvænget 9 | B50: =IF('Øhavsskolen Svanen '!B3="","",'Øhavsskolen Svanen '!B3) -> Øhavsskolen Svanen | C50: =IF('Øhavsskolen Svanen '!C3="","",'Øhavsskolen Svanen '!C3) -> byg c loft | D50: =IF('Øhavsskolen Svanen '!D3="","",'Øhavsskolen Svanen '!D3) -> ve01 | E50: =IF('Øhavsskolen Svanen '!E3="","",'Øhavsskolen Svanen '!E3) | F50: =IF('Øhavsskolen Svanen '!F3="","",'Øhavsskolen Svanen '!F3) | G50: =IF('Øhavsskolen Svanen '!G3="","",'Øhavsskolen Svanen '!G3) | H50: =IF('Øhavsskolen Svanen '!H3="","",'Øhavsskolen Svanen '!H3) -> 1013128 | ... U50: =IF('Øhavsskolen Svanen '!U3="","",'Øhavsskolen Svanen '!U3)
A51: =IF('Øhavsskolen Svanen '!A5="","",'Øhavsskolen Svanen '!A5) -> Sundvænget 9 | B51: =IF('Øhavsskolen Svanen '!B5="","",'Øhavsskolen Svanen '!B5) -> Øhavsskolen Svanen | C51: =IF('Øhavsskolen Svanen '!C5="","",'Øhavsskolen Svanen '!C5) -> byg c 1 sal | D51: =IF('Øhavsskolen Svanen '!D5="","",'Øhavsskolen Svanen '!D5) -> ve02 | E51: =IF('Øhavsskolen Svanen '!E5="","",'Øhavsskolen Svanen '!E5) | F51: =IF('Øhavsskolen Svanen '!F5="","",'Øhavsskolen Svanen '!F5) | G51: =IF('Øhavsskolen Svanen '!G5="","",'Øhavsskolen Svanen '!G5) | H51: =IF('Øhavsskolen Svanen '!H5="","",'Øhavsskolen Svanen '!H5) -> 1013259 | ... U51: =IF('Øhavsskolen Svanen '!U5="","",'Øhavsskolen Svanen '!U5)
A52: =IF('Øhavsskolen Svanen '!A6="","",'Øhavsskolen Svanen '!A6) -> Sundvænget 9 | B52: =IF('Øhavsskolen Svanen '!B6="","",'Øhavsskolen Svanen '!B6) -> Øhavsskolen Svanen | C52: =IF('Øhavsskolen Svanen '!C6="","",'Øhavsskolen Svanen '!C6) -> byg c 1 sal | D52: =IF('Øhavsskolen Svanen '!D6="","",'Øhavsskolen Svanen '!D6) -> ve02 | E52: =IF('Øhavsskolen Svanen '!E6="","",'Øhavsskolen Svanen '!E6) | F52: =IF('Øhavsskolen Svanen '!F6="","",'Øhavsskolen Svanen '!F6) | G52: =IF('Øhavsskolen Svanen '!G6="","",'Øhavsskolen Svanen '!G6) | H52: =IF('Øhavsskolen Svanen '!H6="","",'Øhavsskolen Svanen '!H6) -> 1013498 | ... U52: =IF('Øhavsskolen Svanen '!U6="","",'Øhavsskolen Svanen '!U6)
A53: =IF('Øhavsskolen Svanen '!A7="","",'Øhavsskolen Svanen '!A7) -> Sundvænget 9 | B53: =IF('Øhavsskolen Svanen '!B7="","",'Øhavsskolen Svanen '!B7) -> Øhavsskolen Svanen | C53: =IF('Øhavsskolen Svanen '!C7="","",'Øhavsskolen Svanen '!C7) -> byg c 1 sal | D53: =IF('Øhavsskolen Svanen '!D7="","",'Øhavsskolen Svanen '!D7) -> ve02 | E53: =IF('Øhavsskolen Svanen '!E7="","",'Øhavsskolen Svanen '!E7) | F53: =IF('Øhavsskolen Svanen '!F7="","",'Øhavsskolen Svanen '!F7) | G53: =IF('Øhavsskolen Svanen '!G7="","",'Øhavsskolen Svanen '!G7) | H53: =IF('Øhavsskolen Svanen '!H7="","",'Øhavsskolen Svanen '!H7) -> 1013128 | ... U53: =IF('Øhavsskolen Svanen '!U7="","",'Øhavsskolen Svanen '!U7)
A54: =IF('Øhavsskolen Svanen '!A13="","",'Øhavsskolen Svanen '!A13) -> Sundvænget 9 | B54: =IF('Øhavsskolen Svanen '!B13="","",'Øhavsskolen Svanen '!B13) -> Øhavsskolen Svanen | C54: =IF('Øhavsskolen Svanen '!C13="","",'Øhavsskolen Svanen '!C13) -> byg a loft | D54: =IF('Øhavsskolen Svanen '!D13="","",'Øhavsskolen Svanen '!D13) -> ve04 | E54: =IF('Øhavsskolen Svanen '!E13="","",'Øhavsskolen Svanen '!E13) | F54: =IF('Øhavsskolen Svanen '!F13="","",'Øhavsskolen Svanen '!F13) | G54: =IF('Øhavsskolen Svanen '!G13="","",'Øhavsskolen Svanen '!G13) | H54: =IF('Øhavsskolen Svanen '!H13="","",'Øhavsskolen Svanen '!H13) -> 1013128 | ... U54: =IF('Øhavsskolen Svanen '!U13="","",'Øhavsskolen Svanen '!U13)
A55: =IF('Øhavsskolen Svanen '!A16="","",'Øhavsskolen Svanen '!A16) -> Sundvænget 9 | B55: =IF('Øhavsskolen Svanen '!B16="","",'Øhavsskolen Svanen '!B16) -> Øhavsskolen Svanen | C55: =IF('Øhavsskolen Svanen '!C16="","",'Øhavsskolen Svanen '!C16) -> byg b loft | D55: =IF('Øhavsskolen Svanen '!D16="","",'Øhavsskolen Svanen '!D16) -> ve05 | E55: =IF('Øhavsskolen Svanen '!E16="","",'Øhavsskolen Svanen '!E16) | F55: =IF('Øhavsskolen Svanen '!F16="","",'Øhavsskolen Svanen '!F16) | G55: =IF('Øhavsskolen Svanen '!G16="","",'Øhavsskolen Svanen '!G16) | H55: =IF('Øhavsskolen Svanen '!H16="","",'Øhavsskolen Svanen '!H16) -> 1013638 | ... U55: =IF('Øhavsskolen Svanen '!U16="","",'Øhavsskolen Svanen '!U16)
A56: =IF('Øhavsskolen Svanen '!A24="","",'Øhavsskolen Svanen '!A24) -> Sundvænget 9 | B56: =IF('Øhavsskolen Svanen '!B24="","",'Øhavsskolen Svanen '!B24) -> Øhavsskolen Svanen | C56: =IF('Øhavsskolen Svanen '!C24="","",'Øhavsskolen Svanen '!C24) -> Tårnbygningen | D56: =IF('Øhavsskolen Svanen '!D24="","",'Øhavsskolen Svanen '!D24) | E56: =IF('Øhavsskolen Svanen '!E24="","",'Øhavsskolen Svanen '!E24) -> Airmaster | F56: =IF('Øhavsskolen Svanen '!F24="","",'Øhavsskolen Svanen '!F24) | G56: =IF('Øhavsskolen Svanen '!G24="","",'Øhavsskolen Svanen '!G24) | H56: =IF('Øhavsskolen Svanen '!H24="","",'Øhavsskolen Svanen '!H24) | ... U56: =IF('Øhavsskolen Svanen '!U24="","",'Øhavsskolen Svanen '!U24)
A57: =IF('Øhavsskolen Svanen '!A25="","",'Øhavsskolen Svanen '!A25) -> Sundvænget 9 | B57: =IF('Øhavsskolen Svanen '!B25="","",'Øhavsskolen Svanen '!B25) -> Øhavsskolen Svanen | C57: =IF('Øhavsskolen Svanen '!C25="","",'Øhavsskolen Svanen '!C25) -> Tårnbygningen | D57: =IF('Øhavsskolen Svanen '!D25="","",'Øhavsskolen Svanen '!D25) | E57: =IF('Øhavsskolen Svanen '!E25="","",'Øhavsskolen Svanen '!E25) -> Airmaster | F57: =IF('Øhavsskolen Svanen '!F25="","",'Øhavsskolen Svanen '!F25) | G57: =IF('Øhavsskolen Svanen '!G25="","",'Øhavsskolen Svanen '!G25) | H57: =IF('Øhavsskolen Svanen '!H25="","",'Øhavsskolen Svanen '!H25) | ... U57: =IF('Øhavsskolen Svanen '!U25="","",'Øhavsskolen Svanen '!U25)
A58: =IF('Øhavsskolen Svanen '!A27="","",'Øhavsskolen Svanen '!A27) -> Sundvænget 9 | B58: =IF('Øhavsskolen Svanen '!B27="","",'Øhavsskolen Svanen '!B27) -> Øhavsskolen Svanen | C58: =IF('Øhavsskolen Svanen '!C27="","",'Øhavsskolen Svanen '!C27) -> Tårnbygningen | D58: =IF('Øhavsskolen Svanen '!D27="","",'Øhavsskolen Svanen '!D27) | E58: =IF('Øhavsskolen Svanen '!E27="","",'Øhavsskolen Svanen '!E27) -> Airmaster | F58: =IF('Øhavsskolen Svanen '!F27="","",'Øhavsskolen Svanen '!F27) | G58: =IF('Øhavsskolen Svanen '!G27="","",'Øhavsskolen Svanen '!G27) | H58: =IF('Øhavsskolen Svanen '!H27="","",'Øhavsskolen Svanen '!H27) | ... U58: =IF('Øhavsskolen Svanen '!U27="","",'Øhavsskolen Svanen '!U27)
A59: =IF('Øhavsskolen Svanen '!A28="","",'Øhavsskolen Svanen '!A28) -> Sundvænget 9 | B59: =IF('Øhavsskolen Svanen '!B28="","",'Øhavsskolen Svanen '!B28) -> Øhavsskolen Svanen | C59: =IF('Øhavsskolen Svanen '!C28="","",'Øhavsskolen Svanen '!C28) -> Tårnbygningen | D59: =IF('Øhavsskolen Svanen '!D28="","",'Øhavsskolen Svanen '!D28) | E59: =IF('Øhavsskolen Svanen '!E28="","",'Øhavsskolen Svanen '!E28) -> Airmaster | F59: =IF('Øhavsskolen Svanen '!F28="","",'Øhavsskolen Svanen '!F28) | G59: =IF('Øhavsskolen Svanen '!G28="","",'Øhavsskolen Svanen '!G28) | H59: =IF('Øhavsskolen Svanen '!H28="","",'Øhavsskolen Svanen '!H28) | ... U59: =IF('Øhavsskolen Svanen '!U28="","",'Øhavsskolen Svanen '!U28)
A60: =IF('Øhavsskolen Svanen '!A30="","",'Øhavsskolen Svanen '!A30) -> Sundvænget 9 | B60: =IF('Øhavsskolen Svanen '!B30="","",'Øhavsskolen Svanen '!B30) -> Øhavsskolen Svanen | C60: =IF('Øhavsskolen Svanen '!C30="","",'Øhavsskolen Svanen '!C30) -> Tårnbygningen | D60: =IF('Øhavsskolen Svanen '!D30="","",'Øhavsskolen Svanen '!D30) | E60: =IF('Øhavsskolen Svanen '!E30="","",'Øhavsskolen Svanen '!E30) -> Airmaster | F60: =IF('Øhavsskolen Svanen '!F30="","",'Øhavsskolen Svanen '!F30) | G60: =IF('Øhavsskolen Svanen '!G30="","",'Øhavsskolen Svanen '!G30) | H60: =IF('Øhavsskolen Svanen '!H30="","",'Øhavsskolen Svanen '!H30) | ... U60: =IF('Øhavsskolen Svanen '!U30="","",'Øhavsskolen Svanen '!U30)
A61: =IF('Øhavsskolen Svanen '!A31="","",'Øhavsskolen Svanen '!A31) -> Sundvænget 9 | B61: =IF('Øhavsskolen Svanen '!B31="","",'Øhavsskolen Svanen '!B31) -> Øhavsskolen Svanen | C61: =IF('Øhavsskolen Svanen '!C31="","",'Øhavsskolen Svanen '!C31) -> Tårnbygningen | D61: =IF('Øhavsskolen Svanen '!D31="","",'Øhavsskolen Svanen '!D31) | E61: =IF('Øhavsskolen Svanen '!E31="","",'Øhavsskolen Svanen '!E31) -> Airmaster | F61: =IF('Øhavsskolen Svanen '!F31="","",'Øhavsskolen Svanen '!F31) | G61: =IF('Øhavsskolen Svanen '!G31="","",'Øhavsskolen Svanen '!G31) | H61: =IF('Øhavsskolen Svanen '!H31="","",'Øhavsskolen Svanen '!H31) | ... U61: =IF('Øhavsskolen Svanen '!U31="","",'Øhavsskolen Svanen '!U31)
A62: =IF('Øhavsskolen Svanen '!A9="","",'Øhavsskolen Svanen '!A9) -> Sundvænget 9 | B62: =IF('Øhavsskolen Svanen '!B9="","",'Øhavsskolen Svanen '!B9) -> Øhavsskolen Svanen | C62: =IF('Øhavsskolen Svanen '!C9="","",'Øhavsskolen Svanen '!C9) -> på taget over aula | D62: =IF('Øhavsskolen Svanen '!D9="","",'Øhavsskolen Svanen '!D9) -> ve03 | E62: =IF('Øhavsskolen Svanen '!E9="","",'Øhavsskolen Svanen '!E9) | F62: =IF('Øhavsskolen Svanen '!F9="","",'Øhavsskolen Svanen '!F9) | G62: =IF('Øhavsskolen Svanen '!G9="","",'Øhavsskolen Svanen '!G9) | H62: =IF('Øhavsskolen Svanen '!H9="","",'Øhavsskolen Svanen '!H9) -> 1013259 | ... U62: =IF('Øhavsskolen Svanen '!U9="","",'Øhavsskolen Svanen '!U9)
A63: =IF('Øhavsskolen Svanen '!A10="","",'Øhavsskolen Svanen '!A10) -> Sundvænget 9 | B63: =IF('Øhavsskolen Svanen '!B10="","",'Øhavsskolen Svanen '!B10) -> Øhavsskolen Svanen | C63: =IF('Øhavsskolen Svanen '!C10="","",'Øhavsskolen Svanen '!C10) -> på taget over aula | D63: =IF('Øhavsskolen Svanen '!D10="","",'Øhavsskolen Svanen '!D10) -> ve03 | E63: =IF('Øhavsskolen Svanen '!E10="","",'Øhavsskolen Svanen '!E10) | F63: =IF('Øhavsskolen Svanen '!F10="","",'Øhavsskolen Svanen '!F10) | G63: =IF('Øhavsskolen Svanen '!G10="","",'Øhavsskolen Svanen '!G10) | H63: =IF('Øhavsskolen Svanen '!H10="","",'Øhavsskolen Svanen '!H10) -> 1013128 | ... U63: =IF('Øhavsskolen Svanen '!U10="","",'Øhavsskolen Svanen '!U10)
A64: =IF('Faaborg Tandpleje'!A2="","",'Faaborg Tandpleje'!A2) -> Sundvænget | B64: =IF('Faaborg Tandpleje'!B2="","",'Faaborg Tandpleje'!B2) -> Faaborg Tandpleje | C64: =IF('Faaborg Tandpleje'!C2="","",'Faaborg Tandpleje'!C2) -> loftrum | D64: =IF('Faaborg Tandpleje'!D2="","",'Faaborg Tandpleje'!D2) -> ve01 | E64: =IF('Faaborg Tandpleje'!E2="","",'Faaborg Tandpleje'!E2) | F64: =IF('Faaborg Tandpleje'!F2="","",'Faaborg Tandpleje'!F2) | G64: =IF('Faaborg Tandpleje'!G2="","",'Faaborg Tandpleje'!G2) | H64: =IF('Faaborg Tandpleje'!H2="","",'Faaborg Tandpleje'!H2) -> 1013259 | ... U64: =IF('Faaborg Tandpleje'!U2="","",'Faaborg Tandpleje'!U2)
A65: =IF('Faaborg Tandpleje'!A3="","",'Faaborg Tandpleje'!A3) -> Sundvænget | B65: =IF('Faaborg Tandpleje'!B3="","",'Faaborg Tandpleje'!B3) -> Faaborg Tandpleje | C65: =IF('Faaborg Tandpleje'!C3="","",'Faaborg Tandpleje'!C3) -> vent kælder | D65: =IF('Faaborg Tandpleje'!D3="","",'Faaborg Tandpleje'!D3) -> ve01 | E65: =IF('Faaborg Tandpleje'!E3="","",'Faaborg Tandpleje'!E3) | F65: =IF('Faaborg Tandpleje'!F3="","",'Faaborg Tandpleje'!F3) | G65: =IF('Faaborg Tandpleje'!G3="","",'Faaborg Tandpleje'!G3) | H65: =IF('Faaborg Tandpleje'!H3="","",'Faaborg Tandpleje'!H3) -> 1013247 | ... U65: =IF('Faaborg Tandpleje'!U3="","",'Faaborg Tandpleje'!U3)
A66: =IF(Sundbrinken!A2="","",Sundbrinken!A2) -> Sundbrinken 1 | B66: =IF(Sundbrinken!B2="","",Sundbrinken!B2) -> Sundbrinken Børnehus | C66: =IF(Sundbrinken!C2="","",Sundbrinken!C2) | D66: =IF(Sundbrinken!D2="","",Sundbrinken!D2) -> ve01 | E66: =IF(Sundbrinken!E2="","",Sundbrinken!E2) | F66: =IF(Sundbrinken!F2="","",Sundbrinken!F2) -> eco vent | G66: =IF(Sundbrinken!G2="","",Sundbrinken!G2) | H66: =IF(Sundbrinken!H2="","",Sundbrinken!H2) -> camfil 1008878 603657 | ... U66: =IF(Sundbrinken!U2="","",Sundbrinken!U2)
A67: =IF(Sundbrinken!A3="","",Sundbrinken!A3) -> Sundbrinken 1 | B67: =IF(Sundbrinken!B3="","",Sundbrinken!B3) -> Sundbrinken Børnehus | C67: =IF(Sundbrinken!C3="","",Sundbrinken!C3) | D67: =IF(Sundbrinken!D3="","",Sundbrinken!D3) -> ve01 | E67: =IF(Sundbrinken!E3="","",Sundbrinken!E3) | F67: =IF(Sundbrinken!F3="","",Sundbrinken!F3) -> eco vent | G67: =IF(Sundbrinken!G3="","",Sundbrinken!G3) | H67: =IF(Sundbrinken!H3="","",Sundbrinken!H3) -> camfil 1008691 601102 | ... U67: =IF(Sundbrinken!U3="","",Sundbrinken!U3)
A68: =IF(Sundbrinken!A4="","",Sundbrinken!A4) -> Sundbrinken 1 | B68: =IF(Sundbrinken!B4="","",Sundbrinken!B4) -> Sundbrinken Børnehus | C68: =IF(Sundbrinken!C4="","",Sundbrinken!C4) | D68: =IF(Sundbrinken!D4="","",Sundbrinken!D4) -> ve01 | E68: =IF(Sundbrinken!E4="","",Sundbrinken!E4) | F68: =IF(Sundbrinken!F4="","",Sundbrinken!F4) -> eco vent | G68: =IF(Sundbrinken!G4="","",Sundbrinken!G4) | H68: =IF(Sundbrinken!H4="","",Sundbrinken!H4) -> camfil 1013744 615555 | ... U68: =IF(Sundbrinken!U4="","",Sundbrinken!U4)
A69: =IF(Sundbrinken!A5="","",Sundbrinken!A5) -> Sundbrinken 1 | B69: =IF(Sundbrinken!B5="","",Sundbrinken!B5) -> Sundbrinken Børnehus | C69: =IF(Sundbrinken!C5="","",Sundbrinken!C5) | D69: =IF(Sundbrinken!D5="","",Sundbrinken!D5) -> ve04 | E69: =IF(Sundbrinken!E5="","",Sundbrinken!E5) | F69: =IF(Sundbrinken!F5="","",Sundbrinken!F5) -> eco vent | G69: =IF(Sundbrinken!G5="","",Sundbrinken!G5) | H69: =IF(Sundbrinken!H5="","",Sundbrinken!H5) -> camfil 1008691 601102 | ... U69: =IF(Sundbrinken!U5="","",Sundbrinken!U5)
A70: =IF(Sundbrinken!A6="","",Sundbrinken!A6) -> Sundbrinken 1 | B70: =IF(Sundbrinken!B6="","",Sundbrinken!B6) -> Sundbrinken Børnehus | C70: =IF(Sundbrinken!C6="","",Sundbrinken!C6) | D70: =IF(Sundbrinken!D6="","",Sundbrinken!D6) -> veo4 | E70: =IF(Sundbrinken!E6="","",Sundbrinken!E6) | F70: =IF(Sundbrinken!F6="","",Sundbrinken!F6) -> eco vent | G70: =IF(Sundbrinken!G6="","",Sundbrinken!G6) | H70: =IF(Sundbrinken!H6="","",Sundbrinken!H6) -> camfil 1013744 615555 | ... U70: =IF(Sundbrinken!U6="","",Sundbrinken!U6)
A71: =IF(Sundbrinken!A7="","",Sundbrinken!A7) -> Sundbrinken 1 | B71: =IF(Sundbrinken!B7="","",Sundbrinken!B7) -> Sundbrinken Børnehus | C71: =IF(Sundbrinken!C7="","",Sundbrinken!C7) | D71: =IF(Sundbrinken!D7="","",Sundbrinken!D7) -> ve04 | E71: =IF(Sundbrinken!E7="","",Sundbrinken!E7) | F71: =IF(Sundbrinken!F7="","",Sundbrinken!F7) -> eco vent | G71: =IF(Sundbrinken!G7="","",Sundbrinken!G7) | H71: =IF(Sundbrinken!H7="","",Sundbrinken!H7) -> camfil 1008878 603657 | ... U71: =IF(Sundbrinken!U7="","",Sundbrinken!U7)
A72: =IF(Sundbrinken!A10="","",Sundbrinken!A10) -> Sundbrinken 1 | B72: =IF(Sundbrinken!B10="","",Sundbrinken!B10) -> Sundbrinken Børnehus | C72: =IF(Sundbrinken!C10="","",Sundbrinken!C10) | D72: =IF(Sundbrinken!D10="","",Sundbrinken!D10) -> ve02 | E72: =IF(Sundbrinken!E10="","",Sundbrinken!E10) | F72: =IF(Sundbrinken!F10="","",Sundbrinken!F10) -> eco vent | G72: =IF(Sundbrinken!G10="","",Sundbrinken!G10) | H72: =IF(Sundbrinken!H10="","",Sundbrinken!H10) -> som ve01 og 04 | ... U72: =IF(Sundbrinken!U10="","",Sundbrinken!U10)
A73: =IF(Sundbrinken!A11="","",Sundbrinken!A11) -> Sundbrinken 1 | B73: =IF(Sundbrinken!B11="","",Sundbrinken!B11) -> Sundbrinken Børnehus | C73: =IF(Sundbrinken!C11="","",Sundbrinken!C11) | D73: =IF(Sundbrinken!D11="","",Sundbrinken!D11) -> ve02 | E73: =IF(Sundbrinken!E11="","",Sundbrinken!E11) | F73: =IF(Sundbrinken!F11="","",Sundbrinken!F11) -> eco vent | G73: =IF(Sundbrinken!G11="","",Sundbrinken!G11) | H73: =IF(Sundbrinken!H11="","",Sundbrinken!H11) -> som ve01 og 04 | ... U73: =IF(Sundbrinken!U11="","",Sundbrinken!U11)
A74: =IF(Sundbrinken!A12="","",Sundbrinken!A12) -> Sundbrinken 1 | B74: =IF(Sundbrinken!B12="","",Sundbrinken!B12) -> Sundbrinken Børnehus | C74: =IF(Sundbrinken!C12="","",Sundbrinken!C12) | D74: =IF(Sundbrinken!D12="","",Sundbrinken!D12) -> ve02 | E74: =IF(Sundbrinken!E12="","",Sundbrinken!E12) | F74: =IF(Sundbrinken!F12="","",Sundbrinken!F12) -> eco vent | G74: =IF(Sundbrinken!G12="","",Sundbrinken!G12) | H74: =IF(Sundbrinken!H12="","",Sundbrinken!H12) -> som ve01 og 04 | ... U74: =IF(Sundbrinken!U12="","",Sundbrinken!U12)
A75: =IF(Sundbrinken!A8="","",Sundbrinken!A8) -> Sundbrinken 1 | B75: =IF(Sundbrinken!B8="","",Sundbrinken!B8) -> Sundbrinken Børnehus | C75: =IF(Sundbrinken!C8="","",Sundbrinken!C8) | D75: =IF(Sundbrinken!D8="","",Sundbrinken!D8) -> ve03 | E75: =IF(Sundbrinken!E8="","",Sundbrinken!E8) | F75: =IF(Sundbrinken!F8="","",Sundbrinken!F8) -> novenco | G75: =IF(Sundbrinken!G8="","",Sundbrinken!G8) | H75: =IF(Sundbrinken!H8="","",Sundbrinken!H8) -> 1013838 615600 epm 1 60 procent | ... U75: =IF(Sundbrinken!U8="","",Sundbrinken!U8)
A76: =IF(Sundbrinken!A9="","",Sundbrinken!A9) -> Sundbrinken 1 | B76: =IF(Sundbrinken!B9="","",Sundbrinken!B9) -> Sundbrinken Børnehus | C76: =IF(Sundbrinken!C9="","",Sundbrinken!C9) | D76: =IF(Sundbrinken!D9="","",Sundbrinken!D9) -> ve03 | E76: =IF(Sundbrinken!E9="","",Sundbrinken!E9) | F76: =IF(Sundbrinken!F9="","",Sundbrinken!F9) -> novenco | G76: =IF(Sundbrinken!G9="","",Sundbrinken!G9) | H76: =IF(Sundbrinken!H9="","",Sundbrinken!H9) -> 1013838 615600 epm 1 60 procent | ... U76: =IF(Sundbrinken!U9="","",Sundbrinken!U9)
A77: =IF(Polymeren!A2="","",Polymeren!A2) -> Staditonsvej 69 | B77: =IF(Polymeren!B2="","",Polymeren!B2) -> Polymeren | C77: =IF(Polymeren!C2="","",Polymeren!C2) -> Taget i port 1. (1 sal) | D77: =IF(Polymeren!D2="","",Polymeren!D2) -> 1202417 | E77: =IF(Polymeren!E2="","",Polymeren!E2) -> Exhausto | F77: =IF(Polymeren!F2="","",Polymeren!F2) -> EC styring VEX50 G3 | G77: =IF(Polymeren!G2="","",Polymeren!G2) -> 2016 | H77: =IF(Polymeren!H2="","",Polymeren!H2) -> 23578507-03 og 3255485001 | ... U77: =IF(Polymeren!U2="","",Polymeren!U2)
A78: =IF('Gislev ADM. (CAI)'!A3="","",'Gislev ADM. (CAI)'!A3) -> Skolevej 6, Gislev | B78: =IF('Gislev ADM. (CAI)'!B3="","",'Gislev ADM. (CAI)'!B3) -> Administrationsbygning | C78: =IF('Gislev ADM. (CAI)'!C3="","",'Gislev ADM. (CAI)'!C3) -> På taget over køkken | D78: =IF('Gislev ADM. (CAI)'!D3="","",'Gislev ADM. (CAI)'!D3) -> 134350-1/2120000056 | E78: =IF('Gislev ADM. (CAI)'!E3="","",'Gislev ADM. (CAI)'!E3) -> Camfil | F78: =IF('Gislev ADM. (CAI)'!F3="","",'Gislev ADM. (CAI)'!F3) -> ZCF-159E-R1 | G78: =IF('Gislev ADM. (CAI)'!G3="","",'Gislev ADM. (CAI)'!G3) -> 2012 | H78: =IF('Gislev ADM. (CAI)'!H3="","",'Gislev ADM. (CAI)'!H3) -> 1012294 | ... U78: =IF('Gislev ADM. (CAI)'!U3="","",'Gislev ADM. (CAI)'!U3)
A79: =IF('Gislev ADM. (CAI)'!A4="","",'Gislev ADM. (CAI)'!A4) -> Skolevej 6, Gislev | B79: =IF('Gislev ADM. (CAI)'!B4="","",'Gislev ADM. (CAI)'!B4) -> Administrationsbygning | C79: =IF('Gislev ADM. (CAI)'!C4="","",'Gislev ADM. (CAI)'!C4) -> På taget over køkken | D79: =IF('Gislev ADM. (CAI)'!D4="","",'Gislev ADM. (CAI)'!D4) -> 134350-1/2120000056 | E79: =IF('Gislev ADM. (CAI)'!E4="","",'Gislev ADM. (CAI)'!E4) -> Camfil | F79: =IF('Gislev ADM. (CAI)'!F4="","",'Gislev ADM. (CAI)'!F4) -> ZCF-159E-R1 | G79: =IF('Gislev ADM. (CAI)'!G4="","",'Gislev ADM. (CAI)'!G4) -> 2012 | H79: =IF('Gislev ADM. (CAI)'!H4="","",'Gislev ADM. (CAI)'!H4) -> 1013121 | ... U79: =IF('Gislev ADM. (CAI)'!U4="","",'Gislev ADM. (CAI)'!U4)
A80: =IF('Gislev ADM. (CAI)'!A5="","",'Gislev ADM. (CAI)'!A5) -> Skolevej 6, Gislev | B80: =IF('Gislev ADM. (CAI)'!B5="","",'Gislev ADM. (CAI)'!B5) -> Administrationsbygning | C80: =IF('Gislev ADM. (CAI)'!C5="","",'Gislev ADM. (CAI)'!C5) -> På loftet i den høje bugning | D80: =IF('Gislev ADM. (CAI)'!D5="","",'Gislev ADM. (CAI)'!D5) -> C3800 | E80: =IF('Gislev ADM. (CAI)'!E5="","",'Gislev ADM. (CAI)'!E5) -> Camfil | F80: =IF('Gislev ADM. (CAI)'!F5="","",'Gislev ADM. (CAI)'!F5) -> Rotovex 3800 HW | G80: =IF('Gislev ADM. (CAI)'!G5="","",'Gislev ADM. (CAI)'!G5) -> 2005 | H80: =IF('Gislev ADM. (CAI)'!H5="","",'Gislev ADM. (CAI)'!H5) -> 23575405-01 | ... U80: =IF('Gislev ADM. (CAI)'!U5="","",'Gislev ADM. (CAI)'!U5)
A81: =IF('Gislev ADM. (CAI)'!A6="","",'Gislev ADM. (CAI)'!A6) -> Skolevej 6, Gislev | B81: =IF('Gislev ADM. (CAI)'!B6="","",'Gislev ADM. (CAI)'!B6) -> Administrationsbygning | C81: =IF('Gislev ADM. (CAI)'!C6="","",'Gislev ADM. (CAI)'!C6) -> Rum i salen | D81: =IF('Gislev ADM. (CAI)'!D6="","",'Gislev ADM. (CAI)'!D6) | E81: =IF('Gislev ADM. (CAI)'!E6="","",'Gislev ADM. (CAI)'!E6) | F81: =IF('Gislev ADM. (CAI)'!F6="","",'Gislev ADM. (CAI)'!F6) | G81: =IF('Gislev ADM. (CAI)'!G6="","",'Gislev ADM. (CAI)'!G6) | H81: =IF('Gislev ADM. (CAI)'!H6="","",'Gislev ADM. (CAI)'!H6) -> 234765035-01 | ... U81: =IF('Gislev ADM. (CAI)'!U6="","",'Gislev ADM. (CAI)'!U6)
A82: =IF('rolfsted skole'!A$2="","",'rolfsted skole'!A12) -> Skolevej 16 5863 Ferritslev | B82: =IF('rolfsted skole'!B$2="","",'rolfsted skole'!B13) -> Rolfsted skole | C82: =IF('rolfsted skole'!C$2="","",'rolfsted skole'!C12) -> Fysik | D82: =IF('rolfsted skole'!D$2="","",'rolfsted skole'!D12) -> VE04 | E82: =IF('rolfsted skole'!E$2="","",'rolfsted skole'!E12) | F82: =IF('rolfsted skole'!F$2="","",'rolfsted skole'!F12) -> DKAR2 | G82: =IF('rolfsted skole'!G$2="","",'rolfsted skole'!G12) | H82: =IF('rolfsted skole'!H$2="","",'rolfsted skole'!H12) -> 0 | I82: =IF('rolfsted skole'!I$2="","",'rolfsted skole'!I12) -> 0 | J82: =IF('rolfsted skole'!J$2="","",'rolfsted skole'!J12) | ... U82: =IF('rolfsted skole'!U$2="","",'rolfsted skole'!U12)
A83: =IF('rolfsted skole'!A$2="","",'rolfsted skole'!A8) -> Skolevej 16 5863 Ferritslev | B83: =IF('rolfsted skole'!B$2="","",'rolfsted skole'!B8) -> Rolfsted skole | C83: =IF('rolfsted skole'!C$2="","",'rolfsted skole'!C8) -> Overbygning | D83: =IF('rolfsted skole'!D$2="","",'rolfsted skole'!D8) -> VE 03 Overbyg. | E83: =IF('rolfsted skole'!E$2="","",'rolfsted skole'!E8) | F83: =IF('rolfsted skole'!F$2="","",'rolfsted skole'!F8) -> VEX140HR EC | G83: =IF('rolfsted skole'!G$2="","",'rolfsted skole'!G8) | H83: =IF('rolfsted skole'!H$2="","",'rolfsted skole'!H8) -> 0 | ... U83: =IF('rolfsted skole'!U$2="","",'rolfsted skole'!U8)
A84: =IF('rolfsted skole'!A$2="","",'rolfsted skole'!A9) -> Skolevej 16 5863 Ferritslev | B84: =IF('rolfsted skole'!B$2="","",'rolfsted skole'!B9) -> Rolfsted skole | C84: =IF('rolfsted skole'!C$2="","",'rolfsted skole'!C9) -> Gym kælder | D84: =IF('rolfsted skole'!D$2="","",'rolfsted skole'!D9) -> VE05 GYM Kælder | E84: =IF('rolfsted skole'!E$2="","",'rolfsted skole'!E9) | F84: =IF('rolfsted skole'!F$2="","",'rolfsted skole'!F9) -> WEX140HR EC | G84: =IF('rolfsted skole'!G$2="","",'rolfsted skole'!G9) | H84: =IF('rolfsted skole'!H$2="","",'rolfsted skole'!H9) -> 0 | ... U84: =IF('rolfsted skole'!U$2="","",'rolfsted skole'!U9)
A85: =IF('rolfsted skole'!A$2="","",'rolfsted skole'!A10) -> Skolevej 16 5863 Ferritslev | B85: =IF('rolfsted skole'!B$2="","",'rolfsted skole'!B10) -> Rolfsted skole | C85: =IF('rolfsted skole'!C$2="","",'rolfsted skole'!C10) -> ved gym kælder | D85: =IF('rolfsted skole'!D$2="","",'rolfsted skole'!D10) -> DKAR VE05 | E85: =IF('rolfsted skole'!E$2="","",'rolfsted skole'!E10) | F85: =IF('rolfsted skole'!F$2="","",'rolfsted skole'!F10) -> 0 | G85: =IF('rolfsted skole'!G$2="","",'rolfsted skole'!G10) | H85: =IF('rolfsted skole'!H$2="","",'rolfsted skole'!H10) -> 0 | ... U85: =IF('rolfsted skole'!U$2="","",'rolfsted skole'!U10)
A86: =IF('rolfsted skole'!A$2="","",'rolfsted skole'!A11) -> skolevej 16 5863 Ferritslev | B86: =IF('rolfsted skole'!B$2="","",'rolfsted skole'!B11) -> Rolfsted skole | C86: =IF('rolfsted skole'!C$2="","",'rolfsted skole'!C11) -> Fag lokale Bygning 2 | D86: =IF('rolfsted skole'!D$2="","",'rolfsted skole'!D11) -> VE01 | E86: =IF('rolfsted skole'!E$2="","",'rolfsted skole'!E11) | F86: =IF('rolfsted skole'!F$2="","",'rolfsted skole'!F11) -> VEX3.5.4-1MPR EVR57-V3R57G2 | G86: =IF('rolfsted skole'!G$2="","",'rolfsted skole'!G11) | H86: =IF('rolfsted skole'!H$2="","",'rolfsted skole'!H11) -> 0 | ... U86: =IF('rolfsted skole'!U$2="","",'rolfsted skole'!U11)
A87: =IF('rolfsted skole'!A$2="","",'rolfsted skole'!A12) -> Skolevej 16 5863 Ferritslev | B87: =IF('rolfsted skole'!B$2="","",'rolfsted skole'!B12) -> Rolfsted skole | C87: =IF('rolfsted skole'!C$2="","",'rolfsted skole'!C12) -> Fysik | D87: =IF('rolfsted skole'!D$2="","",'rolfsted skole'!D12) -> VE04 | E87: =IF('rolfsted skole'!E$2="","",'rolfsted skole'!E12) | F87: =IF('rolfsted skole'!F$2="","",'rolfsted skole'!F12) -> DKAR2 | G87: =IF('rolfsted skole'!G$2="","",'rolfsted skole'!G12) | H87: =IF('rolfsted skole'!H$2="","",'rolfsted skole'!H12) -> 0 | ... U87: =IF('rolfsted skole'!U$2="","",'rolfsted skole'!U12)
A88: =IF('rolfsted skole'!A$2="","",'rolfsted skole'!A6) -> Skolevej 16 5863 Ferritrslev | B88: =IF('rolfsted skole'!B$2="","",'rolfsted skole'!B7) -> 0 | C88: =IF('rolfsted skole'!C$2="","",'rolfsted skole'!C6) -> Loftet | D88: =IF('rolfsted skole'!D$2="","",'rolfsted skole'!D6) -> 5613 | E88: =IF('rolfsted skole'!E$2="","",'rolfsted skole'!E6) | F88: =IF('rolfsted skole'!F$2="","",'rolfsted skole'!F6) -> DKAR2 | G88: =IF('rolfsted skole'!G$2="","",'rolfsted skole'!G6) | H88: =IF('rolfsted skole'!H$2="","",'rolfsted skole'!H6) -> P200854652 | I88: =IF('rolfsted skole'!I$2="","",'rolfsted skole'!I6) -> P200868178 | J88: =IF('rolfsted skole'!J$2="","",'rolfsted skole'!J6) | ... U88: =IF('rolfsted skole'!U$2="","",'rolfsted skole'!U6)
A89: =IF('rolfsted skole'!A$2="","",'rolfsted skole'!A2) -> Skolevej 16 5863 Ferritrslev | B89: =IF('rolfsted skole'!B$2="","",'rolfsted skole'!B2) -> Rolfsted skole | C89: =IF('rolfsted skole'!C$2="","",'rolfsted skole'!C2) -> Loftet | D89: =IF('rolfsted skole'!D$2="","",'rolfsted skole'!D2) -> 112390/02 | E89: =IF('rolfsted skole'!E$2="","",'rolfsted skole'!E2) | F89: =IF('rolfsted skole'!F$2="","",'rolfsted skole'!F2) -> VEX140HR EC | G89: =IF('rolfsted skole'!G$2="","",'rolfsted skole'!G2) | H89: =IF('rolfsted skole'!H$2="","",'rolfsted skole'!H2) -> P210353503 | ... U89: =IF('rolfsted skole'!U$2="","",'rolfsted skole'!U2)
A90: =IF('rolfsted skole'!A$2="","",'rolfsted skole'!A3) -> Skolevej 16 5863 Ferritrslev | B90: =IF('rolfsted skole'!B$2="","",'rolfsted skole'!B3) -> Rolfsted skole | C90: =IF('rolfsted skole'!C$2="","",'rolfsted skole'!C3) -> Loftet | D90: =IF('rolfsted skole'!D$2="","",'rolfsted skole'!D3) -> 132981/02 | E90: =IF('rolfsted skole'!E$2="","",'rolfsted skole'!E3) | F90: =IF('rolfsted skole'!F$2="","",'rolfsted skole'!F3) -> VEX140HR EC | G90: =IF('rolfsted skole'!G$2="","",'rolfsted skole'!G3) | H90: =IF('rolfsted skole'!H$2="","",'rolfsted skole'!H3) -> P210349759 | ... U90: =IF('rolfsted skole'!U$2="","",'rolfsted skole'!U3)
A91: =IF('rolfsted skole'!A$2="","",'rolfsted skole'!A4) -> Skolevej 16 5863 Ferritrslev | B91: =IF('rolfsted skole'!B$2="","",'rolfsted skole'!B4) -> Rolfsted skole | C91: =IF('rolfsted skole'!C$2="","",'rolfsted skole'!C4) -> Fyrrum | D91: =IF('rolfsted skole'!D$2="","",'rolfsted skole'!D4) -> 5614 | E91: =IF('rolfsted skole'!E$2="","",'rolfsted skole'!E4) | F91: =IF('rolfsted skole'!F$2="","",'rolfsted skole'!F4) -> DKAR2 | G91: =IF('rolfsted skole'!G$2="","",'rolfsted skole'!G4) | H91: =IF('rolfsted skole'!H$2="","",'rolfsted skole'!H4) -> 0 | ... U91: =IF('rolfsted skole'!U$2="","",'rolfsted skole'!U4)
A92: =IF('rolfsted skole'!A$2="","",'rolfsted skole'!A5) -> Skolevej 16 5863 Ferritrslev | B92: =IF('rolfsted skole'!B$2="","",'rolfsted skole'!B5) -> Rolfsted skole | C92: =IF('rolfsted skole'!C$2="","",'rolfsted skole'!C5) -> Loftet | D92: =IF('rolfsted skole'!D$2="","",'rolfsted skole'!D5) -> P185611/99 | E92: =IF('rolfsted skole'!E$2="","",'rolfsted skole'!E5) | F92: =IF('rolfsted skole'!F$2="","",'rolfsted skole'!F5) -> VEX3.5-4-1MPR EVR57-3V/G2 | G92: =IF('rolfsted skole'!G$2="","",'rolfsted skole'!G5) | H92: =IF('rolfsted skole'!H$2="","",'rolfsted skole'!H5) -> P210349759 | ... U92: =IF('rolfsted skole'!U$2="","",'rolfsted skole'!U5)
A93: =IF('rolfsted skole'!A$2="","",'rolfsted skole'!A6) -> Skolevej 16 5863 Ferritrslev | B93: =IF('rolfsted skole'!B$2="","",'rolfsted skole'!B6) -> Rolfsted skole | C93: =IF('rolfsted skole'!C$2="","",'rolfsted skole'!C6) -> Loftet | D93: =IF('rolfsted skole'!D$2="","",'rolfsted skole'!D6) -> 5613 | E93: =IF('rolfsted skole'!E$2="","",'rolfsted skole'!E6) | F93: =IF('rolfsted skole'!F$2="","",'rolfsted skole'!F6) -> DKAR2 | G93: =IF('rolfsted skole'!G$2="","",'rolfsted skole'!G6) | H93: =IF('rolfsted skole'!H$2="","",'rolfsted skole'!H6) -> P200854652 | ... U93: =IF('rolfsted skole'!U$2="","",'rolfsted skole'!U6)
A94: =IF(kernehuset!A2="","",kernehuset!A2) -> Sdr. Højrupvejen 97 A, 5750 Ringe | B94: =IF(kernehuset!B2="","",kernehuset!B2) -> Søllinge skole-Kernehuset | C94: =IF(kernehuset!C2="","",kernehuset!C2) -> Oppe på taget, hovedindgang, børnehaven | D94: =IF(kernehuset!D2="","",kernehuset!D2) | E94: =IF(kernehuset!E2="","",kernehuset!E2) | F94: =IF(kernehuset!F2="","",kernehuset!F2) | G94: =IF(kernehuset!G2="","",kernehuset!G2) | H94: =IF(kernehuset!H2="","",kernehuset!H2) -> 210949-L | ... U94: =IF(kernehuset!U2="","",kernehuset!U2)
A95: =IF('Toftegaardens børnehave'!A5="","",'Toftegaardens børnehave'!A5) -> Saugstedvang 1 | B95: =IF('Toftegaardens børnehave'!B5="","",'Toftegaardens børnehave'!B5) -> toftegaardens bh | C95: =IF('Toftegaardens børnehave'!C5="","",'Toftegaardens børnehave'!C5) | D95: =IF('Toftegaardens børnehave'!D5="","",'Toftegaardens børnehave'!D5) -> ve06 vest | E95: =IF('Toftegaardens børnehave'!E5="","",'Toftegaardens børnehave'!E5) | F95: =IF('Toftegaardens børnehave'!F5="","",'Toftegaardens børnehave'!F5) -> exhausto | G95: =IF('Toftegaardens børnehave'!G5="","",'Toftegaardens børnehave'!G5) | H95: =IF('Toftegaardens børnehave'!H5="","",'Toftegaardens børnehave'!H5) -> 228581 630-340-92 | ... U95: =IF('Toftegaardens børnehave'!U5="","",'Toftegaardens børnehave'!U5)
A96: =IF('Toftegaardens børnehave'!A2="","",'Toftegaardens børnehave'!A2) -> Saugstedvang 1 | B96: =IF('Toftegaardens børnehave'!B2="","",'Toftegaardens børnehave'!B2) -> toftegaardens bh | C96: =IF('Toftegaardens børnehave'!C2="","",'Toftegaardens børnehave'!C2) | D96: =IF('Toftegaardens børnehave'!D2="","",'Toftegaardens børnehave'!D2) -> ve05 øst | E96: =IF('Toftegaardens børnehave'!E2="","",'Toftegaardens børnehave'!E2) | F96: =IF('Toftegaardens børnehave'!F2="","",'Toftegaardens børnehave'!F2) -> exhausto | G96: =IF('Toftegaardens børnehave'!G2="","",'Toftegaardens børnehave'!G2) | H96: =IF('Toftegaardens børnehave'!H2="","",'Toftegaardens børnehave'!H2) -> 228581 630-340-92 | ... U96: =IF('Toftegaardens børnehave'!U2="","",'Toftegaardens børnehave'!U2)
A97: =IF('Toftegaardens børnehave'!A3="","",'Toftegaardens børnehave'!A3) -> Saugstedvang 1 | B97: =IF('Toftegaardens børnehave'!B3="","",'Toftegaardens børnehave'!B3) -> toftegaardens bh | C97: =IF('Toftegaardens børnehave'!C3="","",'Toftegaardens børnehave'!C3) | D97: =IF('Toftegaardens børnehave'!D3="","",'Toftegaardens børnehave'!D3) -> ve05 øst | E97: =IF('Toftegaardens børnehave'!E3="","",'Toftegaardens børnehave'!E3) | F97: =IF('Toftegaardens børnehave'!F3="","",'Toftegaardens børnehave'!F3) -> exhausto | G97: =IF('Toftegaardens børnehave'!G3="","",'Toftegaardens børnehave'!G3) | H97: =IF('Toftegaardens børnehave'!H3="","",'Toftegaardens børnehave'!H3) -> 228581 630-340-92 | ... U97: =IF('Toftegaardens børnehave'!U3="","",'Toftegaardens børnehave'!U3)
A98: =IF('Toftegaardens børnehave'!A4="","",'Toftegaardens børnehave'!A4) -> Saugstedvang 1 | B98: =IF('Toftegaardens børnehave'!B4="","",'Toftegaardens børnehave'!B4) -> toftegaardens bh | C98: =IF('Toftegaardens børnehave'!C4="","",'Toftegaardens børnehave'!C4) | D98: =IF('Toftegaardens børnehave'!D4="","",'Toftegaardens børnehave'!D4) -> ve06 vest | E98: =IF('Toftegaardens børnehave'!E4="","",'Toftegaardens børnehave'!E4) | F98: =IF('Toftegaardens børnehave'!F4="","",'Toftegaardens børnehave'!F4) -> exhausto | G98: =IF('Toftegaardens børnehave'!G4="","",'Toftegaardens børnehave'!G4) | H98: =IF('Toftegaardens børnehave'!H4="","",'Toftegaardens børnehave'!H4) -> 228581 630-340-92 | ... U98: =IF('Toftegaardens børnehave'!U4="","",'Toftegaardens børnehave'!U4)
A99: =IF('Toftegaardens børnehave'!A7="","",'Toftegaardens børnehave'!A7) -> Saugstedvang 1 | B99: =IF('Toftegaardens børnehave'!B7="","",'Toftegaardens børnehave'!B7) -> toftegaardens bh | C99: =IF('Toftegaardens børnehave'!C7="","",'Toftegaardens børnehave'!C7) | D99: =IF('Toftegaardens børnehave'!D7="","",'Toftegaardens børnehave'!D7) -> ve 01 ved brandskab | E99: =IF('Toftegaardens børnehave'!E7="","",'Toftegaardens børnehave'!E7) | F99: =IF('Toftegaardens børnehave'!F7="","",'Toftegaardens børnehave'!F7) -> camfil | G99: =IF('Toftegaardens børnehave'!G7="","",'Toftegaardens børnehave'!G7) | H99: =IF('Toftegaardens børnehave'!H7="","",'Toftegaardens børnehave'!H7) -> 1027539-302479 | ... U99: =IF('Toftegaardens børnehave'!U7="","",'Toftegaardens børnehave'!U7)
A100: =IF('Toftegaardens børnehave'!A8="","",'Toftegaardens børnehave'!A8) -> Saugstedvang 1 | B100: =IF('Toftegaardens børnehave'!B8="","",'Toftegaardens børnehave'!B8) -> toftegaardens bh | C100: =IF('Toftegaardens børnehave'!C8="","",'Toftegaardens børnehave'!C8) | D100: =IF('Toftegaardens børnehave'!D8="","",'Toftegaardens børnehave'!D8) -> ve02 ved brandskab | E100: =IF('Toftegaardens børnehave'!E8="","",'Toftegaardens børnehave'!E8) | F100: =IF('Toftegaardens børnehave'!F8="","",'Toftegaardens børnehave'!F8) -> camfil | G100: =IF('Toftegaardens børnehave'!G8="","",'Toftegaardens børnehave'!G8) | H100: =IF('Toftegaardens børnehave'!H8="","",'Toftegaardens børnehave'!H8) -> 1027539-302479 | ... U100: =IF('Toftegaardens børnehave'!U8="","",'Toftegaardens børnehave'!U8)
...

Sheet Forside
A1: Ejendomme | B1: Team
A2: allested-vejle skole
A3: BH Damtoften
A4: bh oasen | B4: Team 3
A5: brahetrolleborg/heldagsskolen | B5: Team 1
A6: Broholm Børnehave
A7: broskolen bøgehøj
A8: byskolen | B8: Team 1
A9: børnehaven kahytten
A10: Carl Nielsen Børnehuset | B10: TEAM 6
A11: Carl Nielsen skolen | B11: TEAM 6
A12: den blå ambassadør
A13: espe skole
A14: Faaborg Bibliotek
A15: Faaborg Tandpleje | B15: Team 1
A16: CAI | B16: Team 3
A17: Guldhøj
A18: Horne skole
A19: Hættegården
A20: it huset | B20: Team 3
A21: Jobcentret | B21: Team 7
A22: kernehuset | B22: Team 3
A23: kulturhuset
A24: lundsbjerg børnehave
A25: motorikken/klatretræet
A26: Musik skolen Ringe
A27: Myretuen
A28: nordagerskolen
A29: Nr. broby. Gl. Rådhus
A30: nøddehøj | B30: Team 5
A31: Palleshave
A32: Pontoppidan skolen
A33: ringe tandklinik
A34: rolfsted skole
A35: rådhus fåborg
A36: rådhus ringe
A37: solen svanninge vuggestue
A38: solstrålen
A39: stu /hj.plejen broby
A40: Sundbrinken | B40: Team 1
A41: Øhavsskolen Svanen | B41: Team 1
A42: Svanninge skole
A43: symfonien
A44: tingagerskolen
A45: toftegaardens bh | B45: Team 1
A46: tre ege skolen kværndrup | B46: Team 3
A47: tre ege skolen ryslinge | B47: Team 3
A48: tusindfryd
A49: Uglen | B49: Team 1
A50: Bøgebjergskolen Vester Åby | B50: Team 1
A51: vesterparken børnehaven
A52: Xhuset/MD-vuns
A53: åløkkeparken
A54: årslev bibliotek
A55: Polymeren | B55: Team 3
A56: Årslev Børnehave | B56: Team 5
A57: Kastanjen Børnehave | B57: Team 5
A58: Bøgehaven Børnehave | B58: Team 5

Sheet Bøgebjergskolen Vester Åby
A1: Adresse | B1: Navn | C1: Placering på anlæg | D1: Anlægsnr. | E1: Leverandør | F1: Type | G1: Årstal for opsætning | H1: Gammel filter nr | I1: Nyt filter nr | J1: Antal filtre | K1: Str på filter | L1: Styring | M1: Frostsikring | N1: Luftmængde (Vent-ordning) | O1: Dato for filterskifte | P1: Dage siden skift | Q1: Person som har skiftet filtret | R1: Dato på eftersyn (VENT-ordning) | S1: Kommentar. / Anmærkninger | T1: Service | U1: Hvornår udløber kontrakt
A2: Svendborgvej 357 | B2: Bøgebjergskolen | C2: Børnehaven loft over fyrrum | F2: WR EKOSALDA RIS 2500 H | G2: 2015 | H2: 1007426 | I2: 1007426 | J2: 1 | K2: 79x525x90 | L2: På anlæg | M2: Ja | O2: 45798 | P2: =IF(AND(A2="",B2="",C2=""),"",IF(O2="",-1000,(O2-TODAY()))) -> -239 | Q2: Per storm | V2: Vi har filter som står i fyrrumet i børnehaven
A3: Svendborgvej 357 | B3: Bøgebjergskolen | C3: Børnehaven loft over fyrrum | F3: WR EKOSALDA RIS 2500 H | G3: 2015 | H3: 1007368 | I3: 1007368 | J3: 1 | K3: 79x525x90 | L3: På anlæg | M3: Ja | O3: 45798 | P3: =IF(AND(A3="",B3="",C3=""),"",IF(O3="",-1000,(O3-TODAY()))) -> -239 | Q3: Per storm | V3: Vi har filter som står i fyrrumet i børnehaven
P4: =IF(AND(A4="",B4="",C4=""),"",IF(O4="",-1000,(O4-TODAY())))
A5: Svendborgvej 357 | B5: Bøgebjergskolen | C5: Skolen kælder ved gymnastik | D5: VEN 01 | F5: Komfovent Verso-R-3000-V-W | H5: Der er inne noget nr. | I5: 525x510x48 | J5: 2 | K5: 525x510x48 | L5: CTS | M5: Ja | O5: 45968 | P5: =IF(AND(A5="",B5="",C5=""),"",IF(O5="",-1000,(O5-TODAY()))) -> -69 | Q5: Kjeld / Ian | R5: 45777
A6: Svendborgvej 357 | B6: Bøgebjergskolen | C6: Skolen kælder ved gymnastik | F6: Komfovent Verso-R-3000-V-W | H6: Der er inne noget nr. | I6: 525x510x48 | J6: 2 | K6: 525X510X48 | L6: CTS | M6: Ja | O6: 45968 | P6: =IF(AND(A6="",B6="",C6=""),"",IF(O6="",-1000,(O6-TODAY()))) -> -69 | Q6: Kjeld / Ian | R6: 45777
P7: =IF(AND(A7="",B7="",C7=""),"",IF(O7="",-1000,(O7-TODAY())))
A8: Svendborgvej 357 | B8: Bøgebjergskolen | C8: Skolen loft over kontor | D8: VEN 02 | F8: Komfovent Verso-R-20-ML | H8: Der er ikke noget nr. | I8: 490x490x500 | J8: 2 | K8: 490x490x500 | L8: CTS | M8: Ja | O8: 45968 | P8: =IF(AND(A8="",B8="",C8=""),"",IF(O8="",-1000,(O8-TODAY()))) -> -69 | Q8: Kjeld / Ian | R8: 45777
A9: Svendborgvej 357 | B9: Bøgebjergskolen | C9: Skolen loft over kontor | F9: Komfovent Verso-R-20-ML | H9: Der er ikke noget nr. | I9: 490x490x500 | J9: 2 | K9: 490x490x500 | L9: CTS | M9: Ja | O9: 45968 | P9: =IF(AND(A9="",B9="",C9=""),"",IF(O9="",-1000,(O9-TODAY()))) -> -69 | Q9: Kjeld / Ian | R9: 45777
P10: =IF(AND(A10="",B10="",C10=""),"",IF(O10="",-1000,(O10-TODAY())))
A11: Svendborgvej 357 | B11: Bøgebjergskolen | C11: Skolen ved Billedkunst | D11: VEN 03 | F11: Komfovent Verso | H11: Der er inne noget nr. | I11: 525x510x48 | J11: 2 | K11: 525x510x48 | L11: CTS | M11: Varme flade | O11: 45968 | P11: =IF(AND(A11="",B11="",C11=""),"",IF(O11="",-1000,(O11-TODAY()))) -> -69 | Q11: Kjeld / Ian | R11: 45777
A12: Svendborgvej 357 | B12: Bøgebjergskolen | C12: Skolen ved Billedkunst | F12: Komfovent Verso | H12: Der er ikke noget nr. | I12: 525x510x48 | J12: 2 | K12: 525x510x48 | L12: CTS | M12: er el | O12: 45968 | P12: =IF(AND(A12="",B12="",C12=""),"",IF(O12="",-1000,(O12-TODAY()))) -> -69 | Q12: Kjeld / Ian | R12: 45777
P13: =IF(AND(A13="",B13="",C13=""),"",IF(O13="",-1000,(O13-TODAY())))
P14: =IF(AND(A14="",B14="",C14=""),"",IF(O14="",-1000,(O14-TODAY())))
P15: =IF(AND(A15="",B15="",C15=""),"",IF(O15="",-1000,(O15-TODAY())))
P16: =IF(AND(A16="",B16="",C16=""),"",IF(O16="",-1000,(O16-TODAY())))
P17: =IF(AND(A17="",B17="",C17=""),"",IF(O17="",-1000,(O17-TODAY())))
P18: =IF(AND(A18="",B18="",C18=""),"",IF(O18="",-1000,(O18-TODAY())))
P19: =IF(AND(A19="",B19="",C19=""),"",IF(O19="",-1000,(O19-TODAY())))
P20: =IF(AND(A20="",B20="",C20=""),"",IF(O20="",-1000,(O20-TODAY())))
P21: =IF(AND(A21="",B21="",C21=""),"",IF(O21="",-1000,(O21-TODAY())))
P22: =IF(AND(A22="",B22="",C22=""),"",IF(O22="",-1000,(O22-TODAY())))
P23: =IF(AND(A23="",B23="",C23=""),"",IF(O23="",-1000,(O23-TODAY())))
P24: =IF(AND(A24="",B24="",C24=""),"",IF(O24="",-1000,(O24-TODAY())))
... P61: =IF(AND(A61="",B61="",C61=""),"",IF(O61="",-1000,(O61-TODAY())))

Sheet BYSKOLEN
A1: Adresse | B1: Navn | C1: Placering på anlæg | D1: Anlægsnr. | E1: Leverandør | F1: Type | G1: Årstal for opsætning | H1: Gammel filter nr | I1: Nyt filter nr | J1: Antal filtre | K1: Str på filter | L1: Styring | M1: Frostsikring | N1: Luftmængde (Vent-ordning) | O1: Dato for filterskifte | P1: Dage siden skift | Q1: Person som har skiftet filtret | R1: Dato på eftersyn (VENT-ordning) | S1: Kommentar. / Anmærkninger | T1: Service | U1: Hvornår udløber kontrakt | V1: Har vi filter til næste skift
P2: =IF(AND(A2="",B2="",C2=""),"",IF(O2="",-1000,(O2-TODAY())))
A3: Grønnegade 40-44 | B3: Byskolen | C3: ungdomsskolen i stuen | F3: EXHAUSTO V260 | G3: 2015 | H3: 1013419 / 612811 | I3: 1013419 / 612811 | J3: 1 | K3: 592x592x370 | L3: På anlæg | M3: isoleretrum | O3: 45979 | P3: =IF(AND(A3="",B3="",C3=""),"",IF(O3="",-1000,(O3-TODAY()))) -> -58 | Q3: Kjeld / Per | S3: ind | T3: Nej
A4: Grønnegade 40-44 | B4: Byskolen | C4: ungdomsskolen i stuen | F4: EXHAUSTO V260 | G4: 2015 | H4: 1013473 / 612821 | I4: 1013473 / 612821 | J4: 1 | K4: 490x592x370 | L4: På anlæg | M4: isoleretrum | O4: 45979 | P4: =IF(AND(A4="",B4="",C4=""),"",IF(O4="",-1000,(O4-TODAY()))) -> -58 | Q4: Kjeld / Per | S4: ind | T4: Nej
A5: Grønnegade 40-44 | B5: Byskolen | C5: ungdomsskolen i stuen | F5: EXHAUSTO V260 | G5: 2015 | H5: 1013443 / 612815 | I5: 1013443 / 612815 | J5: 1 | K5: 592x592x370 | L5: På anlæg | M5: isoleretrum | O5: 45979 | P5: =IF(AND(A5="",B5="",C5=""),"",IF(O5="",-1000,(O5-TODAY()))) -> -58 | Q5: Kjeld / Per | S5: ud | T5: Nej
A6: Grønnegade 40-44 | B6: Byskolen | C6: ungdomsskolen i stuen | F6: EXHAUSTO V260 | G6: 2015 | H6: 1013503 / 612827 | I6: 1013503 / 612827 | J6: 1 | K6: 490x592x370 | L6: På anlæg | M6: isoleretrum | O6: 45979 | P6: =IF(AND(A6="",B6="",C6=""),"",IF(O6="",-1000,(O6-TODAY()))) -> -58 | Q6: Kjeld / Per | S6: ud | T6: Nej
P7: =IF(AND(A7="",B7="",C7=""),"",IF(O7="",-1000,(O7-TODAY())))
A8: Grønnegade 40-44 | B8: Byskolen | C8: gymnastik 1. sal | F8: Topvex TR04 HWH-L-VAV | G8: ? | H8: 1016229 / 621387 | I8: 1016229 / 621387 | J8: 1 | K8: 340x753x300 | L8: På anlæf | M8: isoleretrum | O8: 45889 | P8: =IF(AND(A8="",B8="",C8=""),"",IF(O8="",-1000,(O8-TODAY()))) -> -148 | Q8: Kjeld / Per | S8: ind | T8: Nej
A9: Grønnegade 40-44 | B9: Byskolen | C9: gymnastik 1. sal | F9: Topvex TR04 HWH-L-VAV | G9: ? | H9: 1009056 / 608231 | I9: 1009056 / 608231 | J9: 1 | K9: 320x753x300 | L9: på anlæg | M9: isoleretrum | O9: 45889 | P9: =IF(AND(A9="",B9="",C9=""),"",IF(O9="",-1000,(O9-TODAY()))) -> -148 | Q9: Kjeld / Per | S9: ud | T9: Nej
P10: =IF(AND(A10="",B10="",C10=""),"",IF(O10="",-1000,(O10-TODAY())))
P12: =IF(AND(A12="",B12="",C12=""),"",IF(O12="",-1000,(O12-TODAY())))
P13: =IF(AND(A13="",B13="",C13=""),"",IF(O13="",-1000,(O13-TODAY())))
P14: =IF(AND(A14="",B14="",C14=""),"",IF(O14="",-1000,(O14-TODAY())))
P15: =IF(AND(A15="",B15="",C15=""),"",IF(O15="",-1000,(O15-TODAY())))
P16: =IF(AND(A16="",B16="",C16=""),"",IF(O16="",-1000,(O16-TODAY())))
P17: =IF(AND(A17="",B17="",C17=""),"",IF(O17="",-1000,(O17-TODAY())))
P18: =IF(AND(A18="",B18="",C18=""),"",IF(O18="",-1000,(O18-TODAY())))
P19: =IF(AND(A19="",B19="",C19=""),"",IF(O19="",-1000,(O19-TODAY())))
P20: =IF(AND(A20="",B20="",C20=""),"",IF(O20="",-1000,(O20-TODAY())))
P21: =IF(AND(A21="",B21="",C21=""),"",IF(O21="",-1000,(O21-TODAY())))
P22: =IF(AND(A22="",B22="",C22=""),"",IF(O22="",-1000,(O22-TODAY())))
... P72: =IF(AND(A72="",B72="",C72=""),"",IF(O72="",-1000,(O72-TODAY())))
P73: =IF(AND(A73="",B73="",C73=""),"",IF(O73="",1000,(O73-TODAY())))
P74: =IF(AND(A74="",B74="",C74=""),"",IF(O74="",1000,(O74-TODAY())))
P75: =IF(AND(A75="",B75="",C75=""),"",IF(O75="",1000,(O75-TODAY())))
P76: =IF(AND(A76="",B76="",C76=""),"",IF(O76="",1000,(O76-TODAY())))
P77: =IF(AND(A77="",B77="",C77=""),"",IF(O77="",1000,(O77-TODAY())))
P78: =IF(AND(A78="",B78="",C78=""),"",IF(O78="",1000,(O78-TODAY())))
P79: =IF(AND(A79="",B79="",C79=""),"",IF(O79="",1000,(O79-TODAY())))
P80: =IF(AND(A80="",B80="",C80=""),"",IF(O80="",1000,(O80-TODAY())))
P81: =IF(AND(A81="",B81="",C81=""),"",IF(O81="",1000,(O81-TODAY())))
P82: =IF(AND(A82="",B82="",C82=""),"",IF(O82="",1000,(O82-TODAY())))
P83: =IF(AND(A83="",B83="",C83=""),"",IF(O83="",1000,(O83-TODAY())))
P84: =IF(AND(A84="",B84="",C84=""),"",IF(O84="",1000,(O84-TODAY())))
... P142: =IF(AND(A142="",B142="",C142=""),"",IF(O142="",1000,(O142-TODAY())))

Sheet brahetrolleborg-heldagsskolen
A1: Adresse | B1: Navn | C1: Placering på anlæg | D1: Anlægsnr. | E1: Leverandør | F1: Type | G1: Årstal for opsætning | H1: Gammel filter nr | I1: Nyt filter nr | J1: Antal filtre | K1: Str på filter | L1: Styring | M1: Frostsikring | N1: Luftmængde (Vent-ordning) | O1: Dato for filterskifte | P1: Dage siden skift | Q1: Person som har skiftet filtret | R1: Dato på eftersyn (VENT-ordning) | S1: Kommentar. / Anmærkninger | T1: Service | U1: Hvornår udløber kontrakt
A2: Reventlowsvej 26 | B2: Heldagsskolen | C2: Køkken | H2: 1007117 | I2: 1007117 | J2: 2 | M2: nej | O2: 45173 | P2: =IF(AND(A2="",B2="",C2=""),"",IF(O2="",-1000,(O2-TODAY()))) -> -864
A4: Reventlowsvej 26 | B4: Heldagsskolen | C4: Overbygning | F4: AM500h | H4: 222151 | J4: 2 | M4: nej | O4: 45237 | P4: =IF(AND(A4="",B4="",C4=""),"",IF(O4="",-1000,(O4-TODAY()))) -> -800
A5: Reventlowsvej 26 | B5: Heldagsskolen | C5: Overbygning | F5: AM500h | H5: 222152 | J5: 2 | M5: nej | O5: 45237 | P5: =IF(AND(A5="",B5="",C5=""),"",IF(O5="",-1000,(O5-TODAY()))) -> -800
A7: Reventlowsvej 26 | B7: Heldagsskolen | C7: Fysik | F7: vex3 | H7: 23454402 | I7: 1104785 | J7: 1 | M7: nej | O7: 45173 | P7: =IF(AND(A7="",B7="",C7=""),"",IF(O7="",-1000,(O7-TODAY()))) -> -864
A8: Reventlowsvej 26 | B8: Heldagsskolen | C8: Fysik | F8: vex3 | H8: 23474403 | I8: 1104743 | J8: 1 | M8: nej | O8: 45173 | P8: =IF(AND(A8="",B8="",C8=""),"",IF(O8="",-1000,(O8-TODAY()))) -> -864
A10: Reventlowsvej 26 | B10: Heldagsskolen | C10: sfo | F10: vex150 | H10: 23557502 | I10: 1104755 | J10: 1 | M10: nej | O10: 45173 | P10: =IF(AND(A10="",B10="",C10=""),"",IF(O10="",-1000,(O10-TODAY()))) -> -864
A11: Reventlowsvej 26 | B11: Heldagsskolen | C11: sfo | F11: vex150 | H11: 23577500 | I11: 1104851 | J11: 1 | M11: nej | O11: 45173 | P11: =IF(AND(A11="",B11="",C11=""),"",IF(O11="",-1000,(O11-TODAY()))) -> -864
A13: Reventlowsvej 26 | B13: Heldagsskolen | C13: vestfløj | F13: Geniox 18 | H13: 1013815 | I13: 1013815 | J13: 6 | M13: ja | O13: 45190 | P13: =IF(AND(A13="",B13="",C13=""),"",IF(O13="",-1000,(O13-TODAY()))) -> -847
A14: Reventlowsvej 26 | B14: Heldagsskolen | C14: vestfløj | F14: Geniox 18 | H14: 1013840 | I14: 1013840 | J14: 6 | M14: ja | O14: 45190 | P14: =IF(AND(A14="",B14="",C14=""),"",IF(O14="",-1000,(O14-TODAY()))) -> -847
P15: =IF(AND(A15="",B15="",C15=""),"",IF(O15="",-1000,(O15-TODAY())))
P16: =IF(AND(A16="",B16="",C16=""),"",IF(O16="",-1000,(O16-TODAY())))

Sheet Øhavsskolen Svanen 
A1: Adresse | B1: Navn | C1: Placering på anlæg | D1: Anlægsnr. | E1: Leverandør | F1: Type | G1: Årstal for opsætning | H1: Gammel filter nr | I1: Nyt filter nr | J1: Antal filtre | K1: Str på filter | L1: Styring | M1: Frostsikring | N1: Luftmængde (Vent-ordning) | O1: Dato for filterskifte | P1: Dage siden skift | Q1: Person som har skiftet filtret | R1: Dato på eftersyn (VENT-ordning) | S1: Kommentar. / Anmærkninger | T1: Service | U1: Hvornår udløber kontrakt | V1: Har vi filter til næste skift
A2: Sundvænget 9 | B2: Øhavsskolen Svanen | C2: byg c loft | D2: ve01 | H2: 1013259 | I2: 1013259 | J2: 4 | K2: 592x592x520 | M2: nej | O2: 45910 | P2: =IF(AND(A2="",B2="",C2=""),"",IF(O2="",-1000,(O2-TODAY()))) -> -127 | Q2: jens/per | S2: admin 40 til 43 | T2: ikke bestil før 27
A3: Sundvænget 9 | B3: Øhavsskolen Svanen | C3: byg c loft | D3: ve01 | H3: 1013128 | I3: 1013128 | J3: 2 | K3: 287x592x520 | M3: nej | O3: 45910 | P3: =IF(AND(A3="",B3="",C3=""),"",IF(O3="",-1000,(O3-TODAY()))) -> -127 | Q3: jens/per | S3: admin 40 til 43 | T3: ikke bestil før 27 | W3: Billeder\SVANEN\BLOK C GAMMEL
A5: Sundvænget 9 | B5: Øhavsskolen Svanen | C5: byg c 1 sal | D5: ve02 | H5: 1013259 | I5: 1013259 | J5: 2 | K5: 592x592x520 | M5: nej | O5: 45910 | P5: =IF(AND(A5="",B5="",C5=""),"",IF(O5="",-1000,(O5-TODAY()))) -> -127 | Q5: jens/per
A6: Sundvænget 9 | B6: Øhavsskolen Svanen | C6: byg c 1 sal | D6: ve02 | H6: 1013498 | I6: 1013498 | J6: 2 | K6: 490x592x520 | M6: nej | O6: 45910 | P6: =IF(AND(A6="",B6="",C6=""),"",IF(O6="",-1000,(O6-TODAY()))) -> -127 | Q6: jens/per | W6: Billeder\SVANEN\BLOK C 1 SAL NY
A7: Sundvænget 9 | B7: Øhavsskolen Svanen | C7: byg c 1 sal | D7: ve02 | H7: 1013128 | I7: 1013128 | J7: 2 | K7: 287x592x520 | M7: nej | O7: 45910 | P7: =IF(AND(A7="",B7="",C7=""),"",IF(O7="",-1000,(O7-TODAY()))) -> -127 | Q7: jens/per
A9: Sundvænget 9 | B9: Øhavsskolen Svanen | C9: på taget over aula | D9: ve03 | H9: 1013259 | I9: 1013259 | J9: 2 kasser 4 | K9: 592X592X520 | M9: nej | O9: 45727 | P9: =IF(AND(A9="",B9="",C9=""),"",IF(O9="",-1000,(O9-TODAY()))) -> -310 | Q9: Jens/Kjeld | S9: ej genbestilles før 27 | W9: Billeder\SVANEN\TAG VE 03
A10: Sundvænget 9 | B10: Øhavsskolen Svanen | C10: på taget over aula | D10: ve03 | H10: 1013128 | I10: 1013128 | J10: 2 | K10: 287X592X520 | M10: nej | O10: 45727 | P10: =IF(AND(A10="",B10="",C10=""),"",IF(O10="",-1000,(O10-TODAY()))) -> -310 | Q10: Jens/Kjeld | S10: ej genbestille før 27
P11: =IF(AND(A11="",B11="",C11=""),"",IF(O11="",-1000,(O11-TODAY())))
A12: Sundvænget 9 | B12: Øhavsskolen Svanen | C12: byg a loft | D12: ve04 | H12: 1013259 | I12: 1013259 | J12: 2 kasser 4 | K12: 592x592x520 | M12: nej | O12: 45910 | P12: =IF(AND(A12="",B12="",C12=""),"",IF(O12="",-1000,(O12-TODAY()))) -> -127 | Q12: jens/per | S12: admin 40 til 43 | W12: Billeder\SVANEN\BLOK A 1 SAL GAMMEL
A13: Sundvænget 9 | B13: Øhavsskolen Svanen | C13: byg a loft | D13: ve04 | H13: 1013128 | I13: 1013128 | J13: 2 | K13: 287x592x520 | M13: nej | O13: 45910 | P13: =IF(AND(A13="",B13="",C13=""),"",IF(O13="",-1000,(O13-TODAY()))) -> -127 | Q13: jens/per | S13: admin 40 til 43
A14: Sundvænget 9 | B14: Øhavsskolen Svanen | C14: byg b loft | D14: ve05 | H14: 1013259 | I14: 1013259 | J14: 3 kasser 6 | K14: 592x592x520 | M14: nej | O14: 45910 | P14: =IF(AND(A14="",B14="",C14=""),"",IF(O14="",-1000,(O14-TODAY()))) -> -127 | Q14: jens/Ian | S14: admin 40 til 43 | W14: Billeder\SVANEN\BLOK B GAMMEL
A16: Sundvænget 9 | B16: Øhavsskolen Svanen | C16: byg b loft | D16: ve05 | H16: 1013638 | I16: 1013638 | J16: 2 | K16: 592x287x370 | M16: nej | O16: 45910 | P16: =IF(AND(A16="",B16="",C16=""),"",IF(O16="",-1000,(O16-TODAY()))) -> -127 | Q16: jens/Ian | S16: admin 40 til 43
A18: Sundvænget 9 | B18: Øhavsskolen Svanen | C18: græs på taget | D18: ve06 | H18: 1013259 | I18: 1013259 | J18: 2 | K18: 592x592x520 | M18: ja | O18: 45910 | P18: =IF(AND(A18="",B18="",C18=""),"",IF(O18="",-1000,(O18-TODAY()))) -> -127 | Q18: per/ jens | W18: Billeder\SVANEN\HUS MED GRÆS PÅ TAG
A19: Sundvænget 9 | B19: Øhavsskolen Svanen | C19: græs på taget | D19: ve06 | H19: 1013498 | I19: 1013498 | J19: 2 | K19: 490x520x520 | M19: ja | O19: 45910 | P19: =IF(AND(A19="",B19="",C19=""),"",IF(O19="",-1000,(O19-TODAY()))) -> -127 | Q19: per / jens
A20: Sundvænget 9 | B20: Øhavsskolen Svanen | C20: græs på taget | D20: ve06 | H20: 1013128 | I20: 1013128 | J20: 2 | K20: 287x592x520 | M20: ja | O20: 45910 | P20: =IF(AND(A20="",B20="",C20=""),"",IF(O20="",-1000,(O20-TODAY()))) -> -127 | Q20: per / jens
A22: Sundvænget 9 | B22: Øhavsskolen Svanen | C22: byg c kælder | D22: ve07 | I22: dk23454402 | J22: 2 | K22: 490x450x48 | M22: nej | O22: 45910 | P22: =IF(AND(A22="",B22="",C22=""),"",IF(O22="",-1000,(O22-TODAY()))) -> -127 | Q22: jens | W22: Billeder\SVANEN\TAG VE 03
P23: =IF(AND(A23="",B23="",C23=""),"",IF(O23="",-1000,(O23-TODAY())))
A24: Sundvænget 9 | B24: Øhavsskolen Svanen | C24: Tårnbygningen | E24: Airmaster | J24: 1 | M24: nej | O24: 45721 | P24: =IF(AND(A24="",B24="",C24=""),"",IF(O24="",-1000,(O24-TODAY()))) -> -316 | Q24: Jens/Kjeld | V24: JA
A25: Sundvænget 9 | B25: Øhavsskolen Svanen | C25: Tårnbygningen | E25: Airmaster | J25: 1 | M25: nej | O25: 45721 | Q25: Jens/Kjeld | V25: JA
P26: =IF(AND(A26="",B26="",C26=""),"",IF(O26="",-1000,(O26-TODAY())))
A27: Sundvænget 9 | B27: Øhavsskolen Svanen | C27: Tårnbygningen | E27: Airmaster | J27: 1 | M27: nej | O27: 45721 | P27: =IF(AND(A27="",B27="",C27=""),"",IF(O27="",-1000,(O27-TODAY()))) -> -316 | Q27: Jens/Kjeld | V27: JA
A28: Sundvænget 9 | B28: Øhavsskolen Svanen | C28: Tårnbygningen | E28: Airmaster | J28: 1 | M28: nej | O28: 45721 | P28: =IF(AND(A28="",B28="",C28=""),"",IF(O28="",-1000,(O28-TODAY()))) -> -316 | Q28: Jens/Kjeld | V28: JA
P29: =IF(AND(A29="",B29="",C29=""),"",IF(O29="",-1000,(O29-TODAY())))
A30: Sundvænget 9 | B30: Øhavsskolen Svanen | C30: Tårnbygningen | E30: Airmaster | J30: 1 | M30: nej | O30: 45721 | P30: =IF(AND(A30="",B30="",C30=""),"",IF(O30="",-1000,(O30-TODAY()))) -> -316 | Q30: Jens/Kjeld | V30: JA
A31: Sundvænget 9 | B31: Øhavsskolen Svanen | C31: Tårnbygningen | E31: Airmaster | J31: 1 | M31: nej | O31: 45721 | P31: =IF(AND(A31="",B31="",C31=""),"",IF(O31="",-1000,(O31-TODAY()))) -> -316 | Q31: Jens/Kjeld | V31: JA
P32: =IF(AND(A32="",B32="",C32=""),"",IF(O32="",-1000,(O32-TODAY())))
P33: =IF(AND(A33="",B33="",C33=""),"",IF(O33="",-1000,(O33-TODAY())))
P34: =IF(AND(A34="",B34="",C34=""),"",IF(O34="",-1000,(O34-TODAY())))
P35: =IF(AND(A35="",B35="",C35=""),"",IF(O35="",-1000,(O35-TODAY())))
P36: =IF(AND(A36="",B36="",C36=""),"",IF(O36="",-1000,(O36-TODAY())))
P37: =IF(AND(A37="",B37="",C37=""),"",IF(O37="",-1000,(O37-TODAY())))
P38: =IF(AND(A38="",B38="",C38=""),"",IF(O38="",-1000,(O38-TODAY())))
P39: =IF(AND(A39="",B39="",C39=""),"",IF(O39="",-1000,(O39-TODAY())))
P40: =IF(AND(A40="",B40="",C40=""),"",IF(O40="",-1000,(O40-TODAY())))
P41: =IF(AND(A41="",B41="",C41=""),"",IF(O41="",-1000,(O41-TODAY())))
P42: =IF(AND(A42="",B42="",C42=""),"",IF(O42="",-1000,(O42-TODAY())))
P43: =IF(AND(A43="",B43="",C43=""),"",IF(O43="",-1000,(O43-TODAY())))
P44: =IF(AND(A44="",B44="",C44=""),"",IF(O44="",-1000,(O44-TODAY())))

Sheet Øhavsskolen Uglen
A1: Adresse | B1: Navn | C1: Placering på anlæg | D1: Anlægsnr. | E1: Leverandør | F1: Type | G1: Årstal for opsætning | H1: Gammel filter nr | I1: Nyt filter nr | J1: Antal filtre | K1: Str på filter | L1: Styring | M1: Frostsikring | N1: Luftmængde (Vent-ordning) | O1: Dato for filterskifte | P1: Dage siden skift | Q1: Person som har skiftet filtret | R1: Dato på eftersyn (VENT-ordning) | S1: Kommentar. / Anmærkninger | T1: Service | U1: Hvornår udløber kontrakt
A2: Toftegårdsvej 7 | B2: Øhavsskolerne afd. Uglen | C2: Bananen | D2: ve 01 | E2: Kemp & Lauritzen | F2: Exhausto VEX3.5-4-1MPR EVR57 | G2: 2011 | H2: 1104785 | I2: 1104785 | J2: 2 | K2: 490x450x48 | L2: CTS | M2: isoleretrum ja | O2: 45890 | P2: =IF(AND(A2="",B2="",C2=""),"",IF(O2="",-1000,(O2-TODAY()))) -> -147 | Q2: Ian/Kjeld | S2: ingen
A3: Toftegårdsvej 7 | B3: Øhavsskolerne afd. Uglen | C3: Bananen | D3: ve 02 | E3: Kemp & Lauritzen | F3: Exhausto VEX3.5-4-1MPR EVR57 | G3: 2011 | H3: 1104785 | I3: 1104785 | J3: 2 | K3: 490x450x48 | L3: CTS | M3: isoleretrum ja | O3: 45890 | P3: =IF(AND(A3="",B3="",C3=""),"",IF(O3="",-1000,(O3-TODAY()))) -> -147 | Q3: Ian/Kjeld | S3: ingen
A4: Toftegårdsvej 7 | B4: Øhavsskolerne afd. Uglen | C4: Bananen | D4: ve 03 | E4: Kemp & Lauritzen | F4: Exhausto VEX3.5-4-1MPR EVR57 | G4: 2011 | H4: 1104785 | I4: 1104785 | J4: 2 | K4: 490x450x48 | L4: CTS | M4: isoleretrum ja | O4: 45890 | P4: =IF(AND(A4="",B4="",C4=""),"",IF(O4="",-1000,(O4-TODAY()))) -> -147 | Q4: Ian/Kjeld | S4: ingen
A5: Toftegårdsvej 7 | B5: Øhavsskolerne afd. Uglen | C5: Bananen | D5: ve 04 | E5: Kemp & Lauritzen | F5: Exhausto VEX3.5-4-1MPR EVR57 | G5: 2011 | H5: 1104785 | I5: 1104785 | J5: 2 | K5: 490x450x48 | L5: CTS | M5: isoleretrum ja | O5: 45890 | P5: =IF(AND(A5="",B5="",C5=""),"",IF(O5="",-1000,(O5-TODAY()))) -> -147 | Q5: Ian/Kjeld | S5: ingen
P6: =IF(AND(A6="",B6="",C6=""),"",IF(O6="",-1000,(O6-TODAY())))
A7: Toftegårdsvej 7 | B7: Øhavsskolerne afd. Uglen | C7: blok 4 | D7: ve 05 | E7: NOVENCO | F7: Climaster ZCF-15 10C-R1 | G7: 2011 | H7: 1013468 små | I7: 1013468 små | J7: 1 | K7: 490x592x520 | L7: CTS | M7: isoleretrum ja | O7: 45889 | P7: =IF(AND(A7="",B7="",C7=""),"",IF(O7="",-1000,(O7-TODAY()))) -> -148 | Q7: Per / Kjeld
A8: Toftegårdsvej 7 | B8: Øhavsskolerne afd. Uglen | C8: blok 4 | D8: ve 05 | E8: NOVENCO | F8: Climaster ZCF-15 10C-R1 | G8: 2011 | H8: 1013247 store | I8: 1013247 store | J8: 1 | K8: 592x592x520 | L8: CTS | M8: isoleretrum ja | O8: 45889 | P8: =IF(AND(A8="",B8="",C8=""),"",IF(O8="",-1000,(O8-TODAY()))) -> -148 | Q8: Per / Kjeld | V8: 2 extra
A9: Toftegårdsvej 7 | B9: Øhavsskolerne afd. Uglen | C9: blok 4 | D9: ve 05 | E9: NOVENCO | F9: Climaster ZCF-15 10C-R1 | G9: 2011 | H9: 1013259 stor | I9: 1013259 stor | J9: 1 | K9: 592x592x520 | L9: CTS | M9: isoleretrum ja | O9: 45889 | P9: =IF(AND(A9="",B9="",C9=""),"",IF(O9="",-1000,(O9-TODAY()))) -> -148 | Q9: Per / Kjeld
A10: Toftegårdsvej 7 | B10: Øhavsskolerne afd. Uglen | C10: blok 4 | D10: ve 05 | E10: NOVENCO | F10: Climaster ZCF-15 10C-R1 | G10: 2011 | H10: 1013498 Ssmå | I10: 1013498 Ssmå | J10: 1 | K10: 490x592x520 | L10: CTS | M10: isoleretrum ja | O10: 45889 | P10: =IF(AND(A10="",B10="",C10=""),"",IF(O10="",-1000,(O10-TODAY()))) -> -148 | Q10: Per / Kjeld
P11: =IF(AND(A11="",B11="",C11=""),"",IF(O11="",-1000,(O11-TODAY())))
A12: Toftegårdsvej 7 | B12: Øhavsskolerne afd. Uglen | C12: blok 5 fagblok | D12: VE01- KØKKEN | E12: Belvent A/S | F12: Geniox 10 | G12: 2024 | I12: 1013898 | J12: 1 | K12: 792 x 392 x 520 | L12: CTS | M12: ja | O12: 45566 | P12: =IF(AND(A12="",B12="",C12=""),"",IF(O12="",-1000,(O12-TODAY()))) -> -471
A13: Toftegårdsvej 7 | B13: Øhavsskolerne afd. Uglen | C13: blok 5 fagblok | D13: VE01- KØKKEN | E13: Belvent A/S | F13: Geniox 10 | G13: 2024 | I13: 1014015 | J13: 1 | K13: 792 x 392 x 640 | L13: CTS | M13: ja | O13: 45566 | P13: =IF(AND(A13="",B13="",C13=""),"",IF(O13="",-1000,(O13-TODAY()))) -> -471
P14: =IF(AND(A14="",B14="",C14=""),"",IF(O14="",-1000,(O14-TODAY())))
A15: Toftegårdsvej 7 | B15: Øhavsskolerne afd. Uglen | C15: blok 5 på taget fagblok | D15: VE02- LOKALER | E15: Belvent A/S | F15: Geniox 14 | G15: 2024 | I15: 1013534 | J15: 3 | K15: 287 X 592 X 520 | L15: CTS | M15: ja | O15: 45566 | P15: =IF(AND(A15="",B15="",C15=""),"",IF(O15="",-1000,(O15-TODAY()))) -> -471
A16: Toftegårdsvej 7 | B16: Øhavsskolerne afd. Uglen | C16: blok 5 på taget fagblok | D16: VE02- LOKALER | E16: Belvent A/S | F16: Geniox 14 | G16: 2024 | I16: 1013181 | J16: 3 | K16: 287 X 592 X640 | L16: CTS | M16: ja | O16: 45566 | P16: =IF(AND(A16="",B16="",C16=""),"",IF(O16="",-1000,(O16-TODAY()))) -> -471
A18: Toftegårdsvej 7 | B18: Øhavsskolerne afd. Uglen | C18: hallen køber selv til den | D18: ve 10 | H18: vi kiipper selv filter til | I18: vi kiipper selv filter til | J18: 2 | K18: 860 x 750 | L18: NEJ | O18: 45803 | P18: =IF(AND(A18="",B18="",C18=""),"",IF(O18="",-1000,(O18-TODAY()))) -> -234 | Q18: Per / Kjeld
A20: Toftegårdsvej 7 | B20: Øhavsskolerne afd. Uglen | C20: Blok 1 på taget | D20: VE11 | E20: JS Ventilation a/s | F20: Geniox Core 18 | G20: 2023 | H20: 308603 /GFP 76460801 | I20: 1013894 / 615796 | J20: 4 | K20: 592 x392 x 520 | L20: CTS | M20: ja | O20: 45796 | P20: =IF(AND(A20="",B20="",C20=""),"",IF(O20="",-1000,(O20-TODAY()))) -> -241 | Q20: Per / Kjeld | V20: Billeder\UGLEN\Uglen blok 1
A21: Toftegårdsvej 7 | B21: Øhavsskolerne afd. Uglen | C21: Blok 1 på taget | D21: VE11 | E21: JS Ventilation a/s | F21: Geniox Core 18 | G21: 2023 | H21: 297307 / MPP 5408 | I21: 1013879 / 615789 | J21: 2 | K21: 490 x392 x 520 | L21: CTS | M21: ja | O21: 45796 | P21: =IF(AND(A21="",B21="",C21=""),"",IF(O21="",-1000,(O21-TODAY()))) -> -241 | Q21: Per / Kjeld
A22: Toftegårdsvej 7 | B22: Øhavsskolerne afd. Uglen | C22: Blok 1 på taget | D22: VE11 | E22: JS Ventilation a/s | F22: Geniox Core 18 | G22: 2023 | H22: 305245 / MPG 56460601 | I22: 1013894 / 615796 | J22: 4 | K22: 592 x392 x 520 | L22: CTS | M22: ja | O22: 45796 | P22: =IF(AND(A22="",B22="",C22=""),"",IF(O22="",-1000,(O22-TODAY()))) -> -241 | Q22: Per / Kjeld
A23: Toftegårdsvej 7 | B23: Øhavsskolerne afd. Uglen | C23: Blok 1 på taget | D23: VE11 | E23: JS Ventilation a/s | F23: Geniox Core 18 | G23: 2023 | H23: 307291 / MPG 55414 | I23: 1013815 / 615588 | J23: 2 | K23: 490 x392 x 520 | L23: CTS | M23: ja | O23: 45796 | P23: =IF(AND(A23="",B23="",C23=""),"",IF(O23="",-1000,(O23-TODAY()))) -> -241 | Q23: Per / Kjeld
A25: Toftegårdsvej 7 | B25: Øhavsskolerne afd. Uglen | C25: Blok 6 på taget | D25: VE61 | E25: JS Ventilation a/s | F25: Geniox Core 16 | G25: 2023 | H25: 308600 / GFP 75660601 | I25: 1013952 / 616806 | J25: 3 | K25: 490 x 592 x 520 | L25: CTS | M25: ja | O25: 45796 | P25: =IF(AND(A25="",B25="",C25=""),"",IF(O25="",-1000,(O25-TODAY()))) -> -241 | Q25: Kjeld / Signe | V25: Billeder\UGLEN\Uglen blok 6
A26: Toftegårdsvej 7 | B26: Øhavsskolerne afd. Uglen | C26: Blok 6 på taget | D26: VE61 | E26: JS Ventilation a/s | F26: Geniox Core 16 | G26: 2023 | H26: 310621 / MPG 55601 | I26: 1013952 / 616806 | J26: 3 | K26: 490 x 592 x 520 | L26: CTS | M26: ja | O26: 45796 | P26: =IF(AND(A26="",B26="",C26=""),"",IF(O26="",-1000,(O26-TODAY()))) -> -241 | Q26: Kjeld / Signe
P27: =IF(AND(A27="",B27="",C27=""),"",IF(O27="",-1000,(O27-TODAY())))
P28: =IF(AND(A28="",B28="",C28=""),"",IF(O28="",-1000,(O28-TODAY())))
P29: =IF(AND(A29="",B29="",C29=""),"",IF(O29="",-1000,(O29-TODAY())))
P30: =IF(AND(A30="",B30="",C30=""),"",IF(O30="",-1000,(O30-TODAY())))
P31: =IF(AND(A31="",B31="",C31=""),"",IF(O31="",-1000,(O31-TODAY())))
P32: =IF(AND(A32="",B32="",C32=""),"",IF(O32="",-1000,(O32-TODAY())))
P33: =IF(AND(A33="",B33="",C33=""),"",IF(O33="",-1000,(O33-TODAY())))
P34: =IF(AND(A34="",B34="",C34=""),"",IF(O34="",-1000,(O34-TODAY())))
P35: =IF(AND(A35="",B35="",C35=""),"",IF(O35="",-1000,(O35-TODAY())))
P36: =IF(AND(A36="",B36="",C36=""),"",IF(O36="",-1000,(O36-TODAY())))
P37: =IF(AND(A37="",B37="",C37=""),"",IF(O37="",-1000,(O37-TODAY())))
P38: =IF(AND(A38="",B38="",C38=""),"",IF(O38="",-1000,(O38-TODAY())))
... P75: =IF(AND(A75="",B75="",C75=""),"",IF(O75="",-1000,(O75-TODAY())))

Sheet Toftegaardens børnehave
A1: Adresse | B1: Navn | C1: Placering på anlæg | D1: Anlægsnr. | E1: Leverandør | F1: Type | G1: Årstal for opsætning | H1: Gammel filter nr | I1: Nyt filter nr | J1: Antal filtre | K1: Str på filter | L1: Styring | M1: Frostsikring | N1: Luftmængde (Vent-ordning) | O1: Dato for filterskifte | P1: Dage siden skift | Q1: Person som har skiftet filtret | R1: Dato på eftersyn (VENT-ordning) | S1: Kommentar. / Anmærkninger | T1: Service | U1: Hvornår udløber kontrakt
A2: Saugstedvang 1 | B2: toftegaardens bh | D2: ve05 øst | F2: exhausto | H2: 228581 630-340-92 | I2: 1104734 - 23576305 630/340 96 | O2: 45912 | P2: =IF(AND(A2="",B2="",C2=""),"",IF(O2="",-1000,(O2-TODAY()))) -> -125 | Q2: Ian/ Signe | S2: ind frakob. På væg
A3: Saugstedvang 1 | B3: toftegaardens bh | D3: ve05 øst | F3: exhausto | H3: 228581 630-340-92 | I3: 1104734 - 23576305 630/340 96 | O3: 45912 | P3: =IF(AND(A3="",B3="",C3=""),"",IF(O3="",-1000,(O3-TODAY()))) -> -125 | Q3: Ian/ Signe | S3: ud
A4: Saugstedvang 1 | B4: toftegaardens bh | D4: ve06 vest | F4: exhausto | H4: 228581 630-340-92 | I4: 1104734 - 23576305 630/340 96 | O4: 45912 | P4: =IF(AND(A4="",B4="",C4=""),"",IF(O4="",-1000,(O4-TODAY()))) -> -125 | Q4: Ian/ Signe | S4: ind frakob. På væg
A5: Saugstedvang 1 | B5: toftegaardens bh | D5: ve06 vest | F5: exhausto | H5: 228581 630-340-92 | I5: 1104734 - 23576305 630/340 96 | O5: 45912 | P5: =IF(AND(A5="",B5="",C5=""),"",IF(O5="",-1000,(O5-TODAY()))) -> -125 | Q5: Ian/ Signe | S5: ud
A6: Saugstedvang 1 | B6: toftegaardens bh | D6: ve 04 over kontor | F6: exhausto 2 filtre | H6: 1104864 49'350'48 | I6: samme | O6: 45937 | P6: =IF(AND(A6="",B6="",C6=""),"",IF(O6="",-1000,(O6-TODAY()))) -> -100 | Q6: Ian/ Signe | S6: pind på aba anlæg afbrydes på væg
A7: Saugstedvang 1 | B7: toftegaardens bh | D7: ve 01 ved brandskab | F7: camfil | H7: 1027539-302479 | I7: 1027539-302479 350/490/48-45 | O7: 45937 | P7: =IF(AND(A7="",B7="",C7=""),"",IF(O7="",-1000,(O7-TODAY()))) -> -100 | Q7: Ian/ Signe
A8: Saugstedvang 1 | B8: toftegaardens bh | D8: ve02 ved brandskab | F8: camfil | H8: 1027539-302479 | I8: 1027539-302479 350/490/48-45 | O8: 45937 | P8: =IF(AND(A8="",B8="",C8=""),"",IF(O8="",-1000,(O8-TODAY()))) -> -100 | Q8: Ian/ Signe
A9: Saugstedvang 1 | B9: toftegaardens bh | D9: ve03 over toilet | F9: camfil | H9: 1027539-302479 | I9: 1027539-302479 350/490/48-45 | O9: 45937 | P9: =IF(AND(A9="",B9="",C9=""),"",IF(O9="",-1000,(O9-TODAY()))) -> -100 | Q9: Ian/ Signe | V9: vi har 2 i reserve
P10: =IF(AND(A10="",B10="",C10=""),"",IF(O10="",-1000,(O10-TODAY())))
P11: =IF(AND(A11="",B11="",C11=""),"",IF(O11="",-1000,(O11-TODAY())))
P12: =IF(AND(A12="",B12="",C12=""),"",IF(O12="",-1000,(O12-TODAY())))
P13: =IF(AND(A13="",B13="",C13=""),"",IF(O13="",-1000,(O13-TODAY())))
P14: =IF(AND(A14="",B14="",C14=""),"",IF(O14="",-1000,(O14-TODAY())))
P15: =IF(AND(A15="",B15="",C15=""),"",IF(O15="",-1000,(O15-TODAY())))
P16: =IF(AND(A16="",B16="",C16=""),"",IF(O16="",-1000,(O16-TODAY())))
P17: =IF(AND(A17="",B17="",C17=""),"",IF(O17="",-1000,(O17-TODAY())))
P18: =IF(AND(A18="",B18="",C18=""),"",IF(O18="",-1000,(O18-TODAY())))
P19: =IF(AND(A19="",B19="",C19=""),"",IF(O19="",-1000,(O19-TODAY())))
P20: =IF(AND(A20="",B20="",C20=""),"",IF(O20="",-1000,(O20-TODAY())))
P21: =IF(AND(A21="",B21="",C21=""),"",IF(O21="",-1000,(O21-TODAY())))
... P106: =IF(AND(A106="",B106="",C106=""),"",IF(O106="",-1000,(O106-TODAY())))

Sheet Sundbrinken
A1: Adresse | B1: Navn | C1: Placering på anlæg | D1: Anlægsnr. | E1: Leverandør | F1: Type | G1: Årstal for opsætning | H1: Gammel filter nr | I1: Nyt filter nr | J1: Antal filtre | K1: Str på filter | L1: Styring | M1: Frostsikring | N1: Luftmængde (Vent-ordning) | O1: Dato for filterskifte | P1: Dage siden skift | Q1: Person som har skiftet filtret | R1: Dato på eftersyn (VENT-ordning) | S1: Kommentar. / Anmærkninger | T1: Service | U1: Hvornår udløber kontrakt
A2: Sundbrinken 1 | B2: Sundbrinken Børnehus | D2: ve01 | F2: eco vent | H2: camfil 1008878 603657 | I2: camfil 1008878 603657 | J2: 1 | M2: står inde | O2: 45916 | P2: =IF(AND(A2="",B2="",C2=""),"",IF(O2="",-1000,(O2-TODAY()))) -> -121 | Q2: Per/Ian
A3: Sundbrinken 1 | B3: Sundbrinken Børnehus | D3: ve01 | F3: eco vent | H3: camfil 1008691 601102 | I3: camfil 1008691 601102 | J3: 1 | M3: står inde | O3: 45916 | P3: =IF(AND(A3="",B3="",C3=""),"",IF(O3="",-1000,(O3-TODAY()))) -> -121 | Q3: Per/Ian
A4: Sundbrinken 1 | B4: Sundbrinken Børnehus | D4: ve01 | F4: eco vent | H4: camfil 1013744 615555 | I4: camfil 1013744 615555 | J4: 1 | M4: står inde | O4: 45916 | P4: =IF(AND(A4="",B4="",C4=""),"",IF(O4="",-1000,(O4-TODAY()))) -> -121 | Q4: Per/Ian
A5: Sundbrinken 1 | B5: Sundbrinken Børnehus | D5: ve04 | F5: eco vent | H5: camfil 1008691 601102 | I5: camfil 1008691 601102 | J5: 1 | M5: står inde | O5: 45916 | P5: =IF(AND(A5="",B5="",C5=""),"",IF(O5="",-1000,(O5-TODAY()))) -> -121 | Q5: Per/Ian
A6: Sundbrinken 1 | B6: Sundbrinken Børnehus | D6: veo4 | F6: eco vent | H6: camfil 1013744 615555 | I6: camfil 1013744 615555 | J6: 1 | M6: står inde | O6: 45916 | P6: =IF(AND(A6="",B6="",C6=""),"",IF(O6="",-1000,(O6-TODAY()))) -> -121 | Q6: Per/Ian
A7: Sundbrinken 1 | B7: Sundbrinken Børnehus | D7: ve04 | F7: eco vent | H7: camfil 1008878 603657 | I7: camfil 1008878 603657 | J7: 1 | M7: står inde | O7: 45916 | P7: =IF(AND(A7="",B7="",C7=""),"",IF(O7="",-1000,(O7-TODAY()))) -> -121 | Q7: Per/Ian
A8: Sundbrinken 1 | B8: Sundbrinken Børnehus | D8: ve03 | F8: novenco | H8: 1013838 615600 epm 1 60 procent | I8: 1013838 615600 epm 1 60 procent | J8: 1 | M8: står inde | O8: 45916 | P8: =IF(AND(A8="",B8="",C8=""),"",IF(O8="",-1000,(O8-TODAY()))) -> -121 | Q8: Per/Ian | S8: køkken vent
A9: Sundbrinken 1 | B9: Sundbrinken Børnehus | D9: ve03 | F9: novenco | H9: 1013838 615600 epm 1 60 procent | I9: 1013838 615600 epm 1 60 procent | J9: 1 | M9: står inde | O9: 45916 | P9: =IF(AND(A9="",B9="",C9=""),"",IF(O9="",-1000,(O9-TODAY()))) -> -121 | Q9: Per/Ian | S9: køkken vent
A10: Sundbrinken 1 | B10: Sundbrinken Børnehus | D10: ve02 | F10: eco vent | H10: som ve01 og 04 | J10: 1 | M10: står inde | O10: 45916 | P10: =IF(AND(A10="",B10="",C10=""),"",IF(O10="",-1000,(O10-TODAY()))) -> -121 | Q10: Per/Ian
A11: Sundbrinken 1 | B11: Sundbrinken Børnehus | D11: ve02 | F11: eco vent | H11: som ve01 og 04 | J11: 1 | M11: står inde | O11: 45916 | P11: =IF(AND(A11="",B11="",C11=""),"",IF(O11="",-1000,(O11-TODAY()))) -> -121 | Q11: Per/Ian
A12: Sundbrinken 1 | B12: Sundbrinken Børnehus | D12: ve02 | F12: eco vent | H12: som ve01 og 04 | J12: 1 | O12: 45916 | P12: =IF(AND(A12="",B12="",C12=""),"",IF(O12="",-1000,(O12-TODAY()))) -> -121 | Q12: Per/Ian
P13: =IF(AND(A13="",B13="",C13=""),"",IF(O13="",-1000,(O13-TODAY())))
P14: =IF(AND(A14="",B14="",C14=""),"",IF(O14="",-1000,(O14-TODAY())))
P15: =IF(AND(A15="",B15="",C15=""),"",IF(O15="",-1000,(O15-TODAY())))
P16: =IF(AND(A16="",B16="",C16=""),"",IF(O16="",-1000,(O16-TODAY())))
P17: =IF(AND(A17="",B17="",C17=""),"",IF(O17="",-1000,(O17-TODAY())))
P18: =IF(AND(A18="",B18="",C18=""),"",IF(O18="",-1000,(O18-TODAY())))
P19: =IF(AND(A19="",B19="",C19=""),"",IF(O19="",-1000,(O19-TODAY())))
P20: =IF(AND(A20="",B20="",C20=""),"",IF(O20="",-1000,(O20-TODAY())))
P21: =IF(AND(A21="",B21="",C21=""),"",IF(O21="",-1000,(O21-TODAY())))
P22: =IF(AND(A22="",B22="",C22=""),"",IF(O22="",-1000,(O22-TODAY())))
P23: =IF(AND(A23="",B23="",C23=""),"",IF(O23="",-1000,(O23-TODAY())))
P24: =IF(AND(A24="",B24="",C24=""),"",IF(O24="",-1000,(O24-TODAY())))
... P62: =IF(AND(A62="",B62="",C62=""),"",IF(O62="",-1000,(O62-TODAY())))
P63: =IF(AND(A63="",B63="",C63=""),"",IF(O63="",1000,(O63-TODAY())))
P64: =IF(AND(A64="",B64="",C64=""),"",IF(O64="",1000,(O64-TODAY())))
P65: =IF(AND(A65="",B65="",C65=""),"",IF(O65="",1000,(O65-TODAY())))
P66: =IF(AND(A66="",B66="",C66=""),"",IF(O66="",1000,(O66-TODAY())))
P67: =IF(AND(A67="",B67="",C67=""),"",IF(O67="",1000,(O67-TODAY())))
P68: =IF(AND(A68="",B68="",C68=""),"",IF(O68="",1000,(O68-TODAY())))
P69: =IF(AND(A69="",B69="",C69=""),"",IF(O69="",1000,(O69-TODAY())))
P70: =IF(AND(A70="",B70="",C70=""),"",IF(O70="",1000,(O70-TODAY())))
P71: =IF(AND(A71="",B71="",C71=""),"",IF(O71="",1000,(O71-TODAY())))
P72: =IF(AND(A72="",B72="",C72=""),"",IF(O72="",1000,(O72-TODAY())))
P73: =IF(AND(A73="",B73="",C73=""),"",IF(O73="",1000,(O73-TODAY())))

Sheet Faaborg Tandpleje
A1: Adresse | B1: Navn | C1: Placering på anlæg | D1: Anlægsnr. | E1: Leverandør | F1: Type | G1: Årstal for opsætning | H1: Gammel filter nr | I1: Nyt filter nr | J1: Antal filtre | K1: Str på filter | L1: Styring | M1: Frostsikring | N1: Luftmængde (Vent-ordning) | O1: Dato for filterskifte | P1: Dage siden skift | Q1: Person som har skiftet filtret | R1: Dato på eftersyn (VENT-ordning) | S1: Kommentar. / Anmærkninger | T1: Service | U1: Hvornår udløber kontrakt
A2: Sundvænget | B2: Faaborg Tandpleje | C2: loftrum | D2: ve01 | H2: 1013259 | I2: 1013259 | J2: 1 | M2: nej | O2: 45188 | P2: =IF(AND(A2="",B2="",C2=""),"",IF(O2="",-1000,(O2-TODAY()))) -> -849 | S2: rem
A3: Sundvænget | B3: Faaborg Tandpleje | C3: vent kælder | D3: ve01 | H3: 1013247 | I3: 1013247 | J3: 1 | M3: nej | O3: 45188 | P3: =IF(AND(A3="",B3="",C3=""),"",IF(O3="",-1000,(O3-TODAY()))) -> -849 | S3: rem
P4: =IF(AND(A4="",B4="",C4=""),"",IF(O4="",-1000,(O4-TODAY())))
P5: =IF(AND(A5="",B5="",C5=""),"",IF(O5="",-1000,(O5-TODAY())))
P6: =IF(AND(A6="",B6="",C6=""),"",IF(O6="",-1000,(O6-TODAY())))
P7: =IF(AND(A7="",B7="",C7=""),"",IF(O7="",-1000,(O7-TODAY())))
P8: =IF(AND(A8="",B8="",C8=""),"",IF(O8="",-1000,(O8-TODAY())))
P9: =IF(AND(A9="",B9="",C9=""),"",IF(O9="",-1000,(O9-TODAY())))
P10: =IF(AND(A10="",B10="",C10=""),"",IF(O10="",-1000,(O10-TODAY())))
P11: =IF(AND(A11="",B11="",C11=""),"",IF(O11="",-1000,(O11-TODAY())))
P12: =IF(AND(A12="",B12="",C12=""),"",IF(O12="",-1000,(O12-TODAY())))
P13: =IF(AND(A13="",B13="",C13=""),"",IF(O13="",-1000,(O13-TODAY())))
P14: =IF(AND(A14="",B14="",C14=""),"",IF(O14="",-1000,(O14-TODAY())))
P15: =IF(AND(A15="",B15="",C15=""),"",IF(O15="",-1000,(O15-TODAY())))
... P34: =IF(AND(A34="",B34="",C34=""),"",IF(O34="",-1000,(O34-TODAY())))

Sheet Ark1

Sheet Ark2

Sheet Ark3

Sheet Polymeren
A1: Adresse | B1: Navn | C1: Placering på anlæg | D1: Anlægsnr. | E1: Leverandør | F1: Type | G1: Årstal for opsætning | H1: Gammel filter nr | I1: Nyt filter nr | J1: Antal filtre | K1: Str på filter | L1: Styring | M1: Frostsikring | N1: Luftmængde (Vent-ordning) | O1: Dato for filterskifte | P1: Dage siden skift | Q1: Person som har skiftet filtret | R1: Dato på eftersyn (VENT-ordning) | S1: Kommentar. / Anmærkninger | T1: Service | U1: Hvornår udløber kontrakt
A2: Staditonsvej 69 | B2: Polymeren | C2: Taget i port 1. (1 sal) | D2: 1202417 | E2: Exhausto | F2: EC styring VEX50 G3 | G2: 2016 | H2: 23578507-03 og 3255485001 | I2: 1105155 23558501 og 1104772 23578502 | J2: 2 | K2: 835x520x96 | O2: 45707 | P2: =IF(AND(A2="",B2="",C2=""),"",IF(O2="",-1000,(O2-TODAY()))) -> -330 | Q2: cf
P4: =IF(AND(A4="",B4="",C4=""),"",IF(O4="",-1000,(O4-TODAY())))
P5: =IF(AND(A5="",B5="",C5=""),"",IF(O5="",-1000,(O5-TODAY())))
P6: =IF(AND(A6="",B6="",C6=""),"",IF(O6="",-1000,(O6-TODAY())))
P7: =IF(AND(A7="",B7="",C7=""),"",IF(O7="",-1000,(O7-TODAY())))
P8: =IF(AND(A8="",B8="",C8=""),"",IF(O8="",-1000,(O8-TODAY())))
P9: =IF(AND(A9="",B9="",C9=""),"",IF(O9="",-1000,(O9-TODAY())))
P10: =IF(AND(A10="",B10="",C10=""),"",IF(O10="",-1000,(O10-TODAY())))
P11: =IF(AND(A11="",B11="",C11=""),"",IF(O11="",-1000,(O11-TODAY())))
P12: =IF(AND(A12="",B12="",C12=""),"",IF(O12="",-1000,(O12-TODAY())))

Sheet Årslev Børnehave
A1: Adresse | B1: Navn | C1: Placering på anlæg | D1: Anlægsnr. | E1: Leverandør | F1: Type | G1: Årstal for opsætning | H1: Gammel filter nr | I1: Nyt filter nr | J1: Antal filtre | K1: Str på filter | L1: Styring | M1: Frostsikring | N1: Luftmængde (Vent-ordning) | O1: Dato for filterskifte | P1: Dage siden skift | Q1: Person som har skiftet filtret | R1: Dato på eftersyn (VENT-ordning) | S1: Kommentar. / Anmærkninger | T1: Service | U1: Hvornår udløber kontrakt
A3: Birkelundsvej 1 | B3: Årslev Børnehave | E3: Exhausto | F3: VEX3.5.4-1MPR | K3: 490-450-48 | O3: 45662 | P3: =IF(AND(A3="",B3="",C3=""),"",IF(O3="",-1000,(O3-TODAY()))) -> -375
A4: Birkelundsvej 1 5792 Årslev | B4: Årslev Børnehave | C4: Loftet | D4: Exhausto VEX3.5.4-1MPR | E4: Kemp og Lauridsen | F4: VEX3.5-4-1MPR EVR57-3V/G2 | H4: 2347403-05 | I4: 23474403-05 F7 | J4: 2 | K4: 490-450-48 | O4: 44566 | P4: =IF(AND(A4="",B4="",C4=""),"",IF(O4="",-1000,(O4-TODAY()))) -> -1471
A5: Birkelundsvej 1 5792 Årslev | B5: Årslev børnehave | C5: Loftet | D5: Exhausto VEX3.5.4-1MPR | P5: =IF(AND(A5="",B5="",C5=""),"",IF(O5="",-1000,(O5-TODAY()))) -> -1000 | Q5: ki | T5: 45978
P6: =IF(AND(A6="",B6="",C6=""),"",IF(O6="",-1000,(O6-TODAY())))
P7: =IF(AND(A7="",B7="",C7=""),"",IF(O7="",-1000,(O7-TODAY())))

Sheet Gislev ADM. (CAI)
A1: Adresse | B1: Navn | C1: Placering på anlæg | D1: Anlægsnr. | E1: Leverandør | F1: Type | G1: Årstal for opsætning | H1: Gammel filter nr | I1: Nyt filter nr | J1: Antal filtre | K1: Str på filter | L1: Styring | M1: Frostsikring | N1: Luftmængde (Vent-ordning) | O1: Dato for filterskifte | P1: Dage siden skift | Q1: Person som har skiftet filtret | R1: Dato på eftersyn (VENT-ordning) | S1: Kommentar. / Anmærkninger | T1: Service | U1: Hvornår udløber kontrakt
A2: Faaborgvej 19 | B2: Administrationsbygning | C2: Kælder | D2: 1013212 | H2: Hi-fio XLT 7/520 0160 | I2: Hi-Fio XLT 7/520 0160 | J2: 4 | O2: 45342 | P2: =IF(AND(A2="",B2="",C2=""),"",IF(O2="",-1000,(O2-TODAY()))) -> -695
A3: Skolevej 6, Gislev | B3: Administrationsbygning | C3: På taget over køkken | D3: 134350-1/2120000056 | E3: Camfil | F3: ZCF-159E-R1 | G3: 2012 | H3: 1012294 | I3: 1013294 | J3: 2 | K3: 490x592x520-8-25 | O3: 45728 | P3: =IF(AND(A3="",B3="",C3=""),"",IF(O3="",-1000,(O3-TODAY()))) -> -309 | Q3: cf
A4: Skolevej 6, Gislev | B4: Administrationsbygning | C4: På taget over køkken | D4: 134350-1/2120000056 | E4: Camfil | F4: ZCF-159E-R1 | G4: 2012 | H4: 1013121 | I4: 1013121 | J4: 2 | K4: 592x592x520-10-25 | O4: 45728 | P4: =IF(AND(A4="",B4="",C4=""),"",IF(O4="",-1000,(O4-TODAY()))) -> -309 | Q4: cf
A5: Skolevej 6, Gislev | B5: Administrationsbygning | C5: På loftet i den høje bugning | D5: C3800 | E5: Camfil | F5: Rotovex 3800 HW | G5: 2005 | H5: 23575405-01 | I5: 1105232 | J5: 4 | K5: 510x475x96 | O5: 45730 | P5: =IF(AND(A5="",B5="",C5=""),"",IF(O5="",-1000,(O5-TODAY()))) -> -307 | Q5: cf
A6: Skolevej 6, Gislev | B6: Administrationsbygning | C6: Rum i salen | H6: 234765035-01 | I6: 1105516 | J6: 2 | K6: 690x520x48-F7-0 | O6: 45730 | P6: =IF(AND(A6="",B6="",C6=""),"",IF(O6="",-1000,(O6-TODAY()))) -> -307 | Q6: cf
A7: Faaborgvej 19 | B7: Administrationsbygning | C7: Kælder | D7: 1013212 | E7: Camfil | H7: Hi-fio XLT 7/520 0160 | I7: 610162 | J7: 4 | K7: 592x592x520-10-25 | O7: 45848 | P7: =IF(AND(A7="",B7="",C7=""),"",IF(O7="",-1000,(O7-TODAY()))) -> -189
A8: Faaborgvej 19 | B8: Administrationsbygning | C8: Kælder | D8: 1013212 | E8: Camfil | H8: Hi-fio XLT 7/520 0160 | I8: 1013212 | J8: 4 | K8: 592x287x520 | O8: 45848 | P8: =IF(AND(A8="",B8="",C8=""),"",IF(O8="",-1000,(O8-TODAY()))) -> -189
A9: Faaborgvej 19 | B9: Administrationsbygning | C9: Kælder ved gasfyr | H9: 23475500-03 | I9: 1100091 23475500 | J9: 1 | K9: 592x592x48 | O9: 45784 | P9: =IF(AND(A9="",B9="",C9=""),"",IF(O9="",-1000,(O9-TODAY()))) -> -253
P10: =IF(AND(A10="",B10="",C10=""),"",IF(O10="",-1000,(O10-TODAY())))
P11: =IF(AND(A11="",B11="",C11=""),"",IF(O11="",-1000,(O11-TODAY())))

Sheet Musik skolen Ringe
A1: Adresse | B1: Navn | C1: Placering på anlæg | D1: Anlægsnr. | E1: Leverandør | F1: Type | G1: Årstal for opsætning | H1: Gammel filter nr | I1: Nyt filter nr | J1: Antal filtre | K1: Str på filter | L1: Styring | M1: Frostsikring | N1: Luftmængde (Vent-ordning) | O1: Dato for filterskifte | P1: Dage siden skift | Q1: Person som har skiftet filtret | R1: Dato på eftersyn (VENT-ordning) | S1: Kommentar. / Anmærkninger | T1: Service | U1: Hvornår udløber kontrakt
A2: Centrumpladsen 6B | B2: Musikskolen | C2: UNDER LOFT 9 STK I BYGFNING | D2: 4154 | E2: Turbovex | F2: TURBOVEX TX 500 A | G2: 2015 | I2: S102-021 | J2: 1 | K2: 338*215*80 | O2: 45727 | P2: =IF(AND(A2="",B2="",C2=""),"",IF(O2="",-1000,(O2-TODAY()))) -> -310 | Q2: Tom/Daniel | U2: Ingen
I3: s102-034 | J3: 1 | O3: 45727 | P3: =IF(AND(A3="",B3="",C3=""),"",IF(O3="",-1000,(O3-TODAY()))) | Q3: Tom/Daniel
P4: =IF(AND(A4="",B4="",C4=""),"",IF(O4="",-1000,(O4-TODAY())))
P5: =IF(AND(A5="",B5="",C5=""),"",IF(O5="",-1000,(O5-TODAY())))
P6: =IF(AND(A6="",B6="",C6=""),"",IF(O6="",-1000,(O6-TODAY())))
P7: =IF(AND(A7="",B7="",C7=""),"",IF(O7="",-1000,(O7-TODAY())))
P8: =IF(AND(A8="",B8="",C8=""),"",IF(O8="",-1000,(O8-TODAY())))
P9: =IF(AND(A9="",B9="",C9=""),"",IF(O9="",-1000,(O9-TODAY())))
P10: =IF(AND(A10="",B10="",C10=""),"",IF(O10="",-1000,(O10-TODAY())))
P11: =IF(AND(A11="",B11="",C11=""),"",IF(O11="",-1000,(O11-TODAY())))
P12: =IF(AND(A12="",B12="",C12=""),"",IF(O12="",-1000,(O12-TODAY())))
P13: =IF(AND(A13="",B13="",C13=""),"",IF(O13="",-1000,(O13-TODAY())))
P14: =IF(AND(A14="",B14="",C14=""),"",IF(O14="",-1000,(O14-TODAY())))
P15: =IF(AND(A15="",B15="",C15=""),"",IF(O15="",-1000,(O15-TODAY())))
... P47: =IF(AND(A47="",B47="",C47=""),"",IF(O47="",-1000,(O47-TODAY())))

Sheet kulturhuset
A1: Adresse | B1: Navn | C1: Placering på anlæg | D1: Anlægsnr. | E1: Leverandør | F1: Type | G1: Årstal for opsætning | H1: Gammel filter nr | I1: Nyt filter nr | J1: Antal filtre | K1: Str på filter | L1: Styring | M1: Frostsikring | N1: Luftmængde (Vent-ordning) | O1: Dato for filterskifte | P1: Dage siden skift | Q1: Person som har skiftet filtret | R1: Dato på eftersyn (VENT-ordning) | S1: Kommentar. / Anmærkninger | T1: Service | U1: Hvornår udløber kontrakt
B2: KulturZonen | C2: LOft | D2: 2163024 | E2: exhausto | F2: v240h1ea2 | G2: 2015 | I2: 1105125 | J2: 2 | K2: 755*500*96 | M2: nej | O2: 45797 | P2: =IF(AND(A2="",B2="",C2=""),"",IF(O2="",-1000,(O2-TODAY()))) -> -240 | Q2: tom
B3: KulturZonen | C3: lOft | D3: 2163021 | E3: exhausto | F3: v240h1ea2 2015 | I3: 1105125 | J3: 2 | K3: 755*500*96 | M3: nej | O3: 45797 | P3: =IF(AND(A3="",B3="",C3=""),"",IF(O3="",-1000,(O3-TODAY()))) -> -240 | Q3: tom
P4: =IF(AND(A4="",B4="",C4=""),"",IF(O4="",-1000,(O4-TODAY())))
P5: =IF(AND(A5="",B5="",C5=""),"",IF(O5="",-1000,(O5-TODAY())))
P6: =IF(AND(A6="",B6="",C6=""),"",IF(O6="",-1000,(O6-TODAY())))
P7: =IF(AND(A7="",B7="",C7=""),"",IF(O7="",-1000,(O7-TODAY())))
P8: =IF(AND(A8="",B8="",C8=""),"",IF(O8="",-1000,(O8-TODAY())))
P9: =IF(AND(A9="",B9="",C9=""),"",IF(O9="",-1000,(O9-TODAY())))
P10: =IF(AND(A10="",B10="",C10=""),"",IF(O10="",-1000,(O10-TODAY())))
P11: =IF(AND(A11="",B11="",C11=""),"",IF(O11="",-1000,(O11-TODAY())))
P12: =IF(AND(A12="",B12="",C12=""),"",IF(O12="",-1000,(O12-TODAY())))
P13: =IF(AND(A13="",B13="",C13=""),"",IF(O13="",-1000,(O13-TODAY())))
P14: =IF(AND(A14="",B14="",C14=""),"",IF(O14="",-1000,(O14-TODAY())))
P15: =IF(AND(A15="",B15="",C15=""),"",IF(O15="",-1000,(O15-TODAY())))
... P52: =IF(AND(A52="",B52="",C52=""),"",IF(O52="",-1000,(O52-TODAY())))

Sheet Hættegården
A1: Adresse | B1: Navn | C1: Placering på anlæg | D1: Anlægsnr. | E1: Leverandør | F1: Type | G1: Årstal for opsætning | H1: Gammel filter nr | I1: Nyt filter nr | J1: Antal filtre | K1: Str på filter | L1: Styring | M1: Frostsikring | N1: Luftmængde (Vent-ordning) | O1: Dato for filterskifte | P1: Dage siden skift | Q1: Person som har skiftet filtret | R1: Dato på eftersyn (VENT-ordning) | S1: Kommentar. / Anmærkninger | T1: Service | U1: Hvornår udløber kontrakt
B2: Hættegården | P2: =IF(AND(A2="",B2="",C2=""),"",IF(O2="",-1000,(O2-TODAY()))) -> -1000
P3: =IF(AND(A3="",B3="",C3=""),"",IF(O3="",-1000,(O3-TODAY())))
P4: =IF(AND(A4="",B4="",C4=""),"",IF(O4="",-1000,(O4-TODAY())))
P5: =IF(AND(A5="",B5="",C5=""),"",IF(O5="",-1000,(O5-TODAY())))
P6: =IF(AND(A6="",B6="",C6=""),"",IF(O6="",-1000,(O6-TODAY())))
P7: =IF(AND(A7="",B7="",C7=""),"",IF(O7="",-1000,(O7-TODAY())))
P8: =IF(AND(A8="",B8="",C8=""),"",IF(O8="",-1000,(O8-TODAY())))
P9: =IF(AND(A9="",B9="",C9=""),"",IF(O9="",-1000,(O9-TODAY())))
P10: =IF(AND(A10="",B10="",C10=""),"",IF(O10="",-1000,(O10-TODAY())))
P11: =IF(AND(A11="",B11="",C11=""),"",IF(O11="",-1000,(O11-TODAY())))
P12: =IF(AND(A12="",B12="",C12=""),"",IF(O12="",-1000,(O12-TODAY())))
P13: =IF(AND(A13="",B13="",C13=""),"",IF(O13="",-1000,(O13-TODAY())))
P14: =IF(AND(A14="",B14="",C14=""),"",IF(O14="",-1000,(O14-TODAY())))
... P53: =IF(AND(A53="",B53="",C53=""),"",IF(O53="",-1000,(O53-TODAY())))

Sheet Carl Nielsen Børnehuset 
A1: Adresse | B1: Navn | C1: Placering på anlæg | D1: Anlægsnr. | E1: Leverandør | F1: Type | G1: Årstal for opsætning | H1: Gammel filter nr | I1: Nyt filter nr | J1: Antal filtre | K1: Str på filter | L1: Styring | M1: Frostsikring | N1: Luftmængde (Vent-ordning) | O1: Dato for filterskifte | P1: Dage siden skift | Q1: Person som har skiftet filtret | R1: Dato på eftersyn (VENT-ordning) | S1: Kommentar. / Anmærkninger | T1: Service | U1: Hvornår udløber kontrakt
B2: Børnehuset Carl Nielsen 1. sal TH | D2: Exhausto VEX140 | E2: HJ Ventilation | G2: 2004 | H2: 23556401- 03 | I2: 1104781 | J2: 1 | O2: 45342 | P2: =IF(AND(A2="",B2="",C2=""),"",IF(O2="",-1000,(O2-TODAY()))) -> -695 | Q2: Kjeld B Maaløe | S2: Epm10 60%
B3: Børnehuset Carl Nielsen 1. sal TH | H3: 23576400-06 | I3: 1103485 | J3: 1 | O3: 45342 | P3: =IF(AND(A3="",B3="",C3=""),"",IF(O3="",-1000,(O3-TODAY()))) -> -695 | Q3: Kjeld B Maaløe | S3: Epm1 55%
B5: Børnehuset Carl Nielsen 1. sal TH | D5: Exhausto VEX140 | E5: HJ Ventilation | G5: 2004 | H5: 23556401- 03 | I5: 1104781 | J5: 1 | O5: 45342 | P5: =IF(AND(A5="",B5="",C5=""),"",IF(O5="",-1000,(O5-TODAY()))) -> -695 | Q5: Kjeld B Maaløe | S5: Epm10 60%
B6: Børnehuset Carl Nielsen 1. sal TH | H6: 23576400-06 | I6: 1103485 | J6: 1 | O6: 45342 | P6: =IF(AND(A6="",B6="",C6=""),"",IF(O6="",-1000,(O6-TODAY()))) -> -695 | Q6: Kjeld B Maaløe | S6: Epm1 55%
P7: =IF(AND(A7="",B7="",C7=""),"",IF(O7="",-1000,(O7-TODAY())))
P8: =IF(AND(A8="",B8="",C8=""),"",IF(O8="",-1000,(O8-TODAY())))
P9: =IF(AND(A9="",B9="",C9=""),"",IF(O9="",-1000,(O9-TODAY())))
P10: =IF(AND(A10="",B10="",C10=""),"",IF(O10="",-1000,(O10-TODAY())))
P11: =IF(AND(A11="",B11="",C11=""),"",IF(O11="",-1000,(O11-TODAY())))
P12: =IF(AND(A12="",B12="",C12=""),"",IF(O12="",-1000,(O12-TODAY())))
P13: =IF(AND(A13="",B13="",C13=""),"",IF(O13="",-1000,(O13-TODAY())))
P14: =IF(AND(A14="",B14="",C14=""),"",IF(O14="",-1000,(O14-TODAY())))
P15: =IF(AND(A15="",B15="",C15=""),"",IF(O15="",-1000,(O15-TODAY())))
P16: =IF(AND(A16="",B16="",C16=""),"",IF(O16="",-1000,(O16-TODAY())))
P17: =IF(AND(A17="",B17="",C17=""),"",IF(O17="",-1000,(O17-TODAY())))
P18: =IF(AND(A18="",B18="",C18=""),"",IF(O18="",-1000,(O18-TODAY())))
... P57: =IF(AND(A57="",B57="",C57=""),"",IF(O57="",-1000,(O57-TODAY())))

Sheet Guldhøj
A1: Adresse | B1: Navn | C1: Placering på anlæg | D1: Anlægsnr. | E1: Leverandør | F1: Type | G1: Årstal for opsætning | H1: Gammel filter nr | I1: Nyt filter nr | J1: Antal filtre | K1: Str på filter | L1: Styring | M1: Frostsikring | N1: Luftmængde (Vent-ordning) | O1: Dato for filterskifte | P1: Dage siden skift | Q1: Person som har skiftet filtret | R1: Dato på eftersyn (VENT-ordning) | S1: Kommentar. / Anmærkninger | T1: Service | U1: Hvornår udløber kontrakt
A2: Floravej 11-17 | B2: Guldhøj | C2: nr 17 | F2: Systemair Geniox 16 | H2: 28557 | I2: 1013294 | J2: 3 | M2: ja | O2: 45481 | P2: =IF(AND(A2="",B2="",C2=""),"",IF(O2="",-1000,(O2-TODAY()))) -> -556
A3: Floravej 11-17 | B3: Guldhøj | C3: nr 17 | F3: Systemair Geniox 16 | H3: 20529 | I3: 1013468 | J3: 3 | M3: ja | O3: 45481 | P3: =IF(AND(A3="",B3="",C3=""),"",IF(O3="",-1000,(O3-TODAY()))) -> -556
A4: Floravej 11-17 | B4: Guldhøj | C4: nr 17 hjemplejen | O4: 45979 | P4: =IF(AND(A4="",B4="",C4=""),"",IF(O4="",-1000,(O4-TODAY()))) -> -58
P5: =IF(AND(A5="",B5="",C5=""),"",IF(O5="",-1000,(O5-TODAY())))
P6: =IF(AND(A6="",B6="",C6=""),"",IF(O6="",-1000,(O6-TODAY())))
P7: =IF(AND(A7="",B7="",C7=""),"",IF(O7="",-1000,(O7-TODAY())))
P8: =IF(AND(A8="",B8="",C8=""),"",IF(O8="",-1000,(O8-TODAY())))
P9: =IF(AND(A9="",B9="",C9=""),"",IF(O9="",-1000,(O9-TODAY())))
P10: =IF(AND(A10="",B10="",C10=""),"",IF(O10="",-1000,(O10-TODAY())))
P11: =IF(AND(A11="",B11="",C11=""),"",IF(O11="",-1000,(O11-TODAY())))
P12: =IF(AND(A12="",B12="",C12=""),"",IF(O12="",-1000,(O12-TODAY())))
P13: =IF(AND(A13="",B13="",C13=""),"",IF(O13="",-1000,(O13-TODAY())))
P14: =IF(AND(A14="",B14="",C14=""),"",IF(O14="",-1000,(O14-TODAY())))
P15: =IF(AND(A15="",B15="",C15=""),"",IF(O15="",-1000,(O15-TODAY())))
P16: =IF(AND(A16="",B16="",C16=""),"",IF(O16="",-1000,(O16-TODAY())))
... P57: =IF(AND(A57="",B57="",C57=""),"",IF(O57="",-1000,(O57-TODAY())))

Sheet Ark4

Sheet Ark5

Sheet MYRETUEN
A1: Adresse | B1: Navn | C1: Placering på anlæg | D1: Anlægsnr. | E1: Leverandør | F1: Type | G1: Årstal for opsætning | H1: Gammel filter nr | I1: Nyt filter nr | J1: Antal filtre | K1: Str på filter | L1: Styring | M1: Frostsikring | N1: Luftmængde (Vent-ordning) | O1: Dato for filterskifte | P1: Dage siden skift | Q1: Person som har skiftet filtret | R1: Dato på eftersyn (VENT-ordning) | S1: Kommentar. / Anmærkninger | T1: Service | U1: Hvornår udløber kontrakt
B2: Myretuen | C2: LOFT | D2: VE01 INDTAG | F2: V150CFHLECW2 | H2: 235775010-20 F7 | I2: 1112979 | J2: 1 | M2: JA | O2: 45317 | P2: =IF(AND(A2="",B2="",C2=""),"",IF(O2="",-1000,(O2-TODAY()))) -> -720 | V2: Billeder\MYRETUEN\IMG_0367.HEIC
B3: Myretuen | C3: LOFT | D3: VE01 | F3: V150CFHLECW2 | H3: 3255475005-02 M5 | I3: 1113056 | J3: 1 | M3: JA | O3: 45317 | P3: =IF(AND(A3="",B3="",C3=""),"",IF(O3="",-1000,(O3-TODAY()))) -> -720
B4: Myretuen | C4: LOFT | D4: VE02 INDTAG | F4: V160CFHLECW2 | H4: 23578709-02 F7 | I4: 1104758 | J4: 1 | M4: JA | O4: 45317 | P4: =IF(AND(A4="",B4="",C4=""),"",IF(O4="",-1000,(O4-TODAY()))) -> -720 | V4: Billeder\MYRETUEN\IMG_0375.HEIC
B5: Myretuen | C5: LOFT | D5: VE02 | F5: V160CFHLECW2 | H5: 3255487006-02 M5 | I5: 1104744 | J5: 1 | M5: JA | O5: 45317 | P5: =IF(AND(A5="",B5="",C5=""),"",IF(O5="",-1000,(O5-TODAY()))) -> -720
P6: =IF(AND(A6="",B6="",C6=""),"",IF(O6="",-1000,(O6-TODAY())))
B7: Myretuen | C7: på taget | O7: 45769 | P7: =IF(AND(A7="",B7="",C7=""),"",IF(O7="",-1000,(O7-TODAY()))) -> -268 | Q7: paw
P8: =IF(AND(A8="",B8="",C8=""),"",IF(O8="",-1000,(O8-TODAY())))
P9: =IF(AND(A9="",B9="",C9=""),"",IF(O9="",-1000,(O9-TODAY())))
P10: =IF(AND(A10="",B10="",C10=""),"",IF(O10="",-1000,(O10-TODAY())))
P11: =IF(AND(A11="",B11="",C11=""),"",IF(O11="",-1000,(O11-TODAY())))
P12: =IF(AND(A12="",B12="",C12=""),"",IF(O12="",-1000,(O12-TODAY())))
P13: =IF(AND(A13="",B13="",C13=""),"",IF(O13="",-1000,(O13-TODAY())))
P14: =IF(AND(A14="",B14="",C14=""),"",IF(O14="",-1000,(O14-TODAY())))
P15: =IF(AND(A15="",B15="",C15=""),"",IF(O15="",-1000,(O15-TODAY())))
P16: =IF(AND(A16="",B16="",C16=""),"",IF(O16="",-1000,(O16-TODAY())))
P17: =IF(AND(A17="",B17="",C17=""),"",IF(O17="",-1000,(O17-TODAY())))
P18: =IF(AND(A18="",B18="",C18=""),"",IF(O18="",-1000,(O18-TODAY())))
P19: =IF(AND(A19="",B19="",C19=""),"",IF(O19="",-1000,(O19-TODAY())))
... P51: =IF(AND(A51="",B51="",C51=""),"",IF(O51="",-1000,(O51-TODAY())))

Sheet Nr.Broby. Gl. Rådhus
A1: Adresse | B1: Navn | C1: Placering på anlæg | D1: Anlægsnr. | E1: Leverandør | F1: Type | G1: Årstal for opsætning | H1: Gammel filter nr | I1: Nyt filter nr | J1: Antal filtre | K1: Str på filter | L1: Styring | M1: Frostsikring | N1: Luftmængde (Vent-ordning) | O1: Dato for filterskifte | P1: Dage siden skift | Q1: Person som har skiftet filtret | R1: Dato på eftersyn (VENT-ordning) | S1: Kommentar. / Anmærkninger | T1: Service | U1: Hvornår udløber kontrakt
A2: Østeragade | B2: Broby Gl. Rådhus | C2: KÆLDER | D2: VE01 | F2: DANVENT SPAR 20. PROD.NR. 0900-42325-2 | H2: 1013684 | I2: 1013684 | J2: 2 | M2: NEJ ISOLERTRUM | O2: 45351 | P2: =IF(AND(A2="",B2="",C2=""),"",IF(O2="",-1000,(O2-TODAY()))) -> -686 | S2: eMP1
A3: Østeragade | B3: Broby Gl. Rådhus | C3: KÆLDER | D3: VE01 | F3: DANVENT SPAR 20. PROD.NR. 0900-42325-2 | H3: 1013684 | I3: 1013684 | J3: 2 | O3: 45351 | P3: =IF(AND(A3="",B3="",C3=""),"",IF(O3="",-1000,(O3-TODAY()))) -> -686 | S3: eMP1
A4: Østeragade | B4: Broby Gl. Rådhus | C4: LOFT | D4: VE02 | F4: SYSTEMAIR DANVENT DV TIME 25 PROD. NR. 1208-69475-1 | H4: 1013259 | I4: 1013259 | J4: 2 | M4: NEJ ISOLERTRUM | O4: 45351 | P4: =IF(AND(A4="",B4="",C4=""),"",IF(O4="",-1000,(O4-TODAY()))) -> -686 | S4: eMP1
A5: Østeragade | B5: Broby Gl. Rådhus | C5: LOFT | D5: VE02 | F5: SYSTEMAIR DANVENT DV TIME 25 PROD. NR. 1208-69475-1 | H5: 1013247 | I5: 1013247 | J5: 2 | O5: 45351 | P5: =IF(AND(A5="",B5="",C5=""),"",IF(O5="",-1000,(O5-TODAY()))) -> -686 | S5: eMP10
P6: =IF(AND(A6="",B6="",C6=""),"",IF(O6="",-1000,(O6-TODAY())))
P7: =IF(AND(A7="",B7="",C7=""),"",IF(O7="",-1000,(O7-TODAY())))
P8: =IF(AND(A8="",B8="",C8=""),"",IF(O8="",-1000,(O8-TODAY())))
P9: =IF(AND(A9="",B9="",C9=""),"",IF(O9="",-1000,(O9-TODAY())))
P10: =IF(AND(A10="",B10="",C10=""),"",IF(O10="",-1000,(O10-TODAY())))
P11: =IF(AND(A11="",B11="",C11=""),"",IF(O11="",-1000,(O11-TODAY())))
P12: =IF(AND(A12="",B12="",C12=""),"",IF(O12="",-1000,(O12-TODAY())))
P13: =IF(AND(A13="",B13="",C13=""),"",IF(O13="",-1000,(O13-TODAY())))
P14: =IF(AND(A14="",B14="",C14=""),"",IF(O14="",-1000,(O14-TODAY())))
P15: =IF(AND(A15="",B15="",C15=""),"",IF(O15="",-1000,(O15-TODAY())))
P16: =IF(AND(A16="",B16="",C16=""),"",IF(O16="",-1000,(O16-TODAY())))
P17: =IF(AND(A17="",B17="",C17=""),"",IF(O17="",-1000,(O17-TODAY())))
... P54: =IF(AND(A54="",B54="",C54=""),"",IF(O54="",-1000,(O54-TODAY())))

Sheet broholm børnehave
A1: Adresse | B1: Navn | C1: Placering på anlæg | D1: Anlægsnr. | E1: Leverandør | F1: Type | G1: Årstal for opsætning | H1: Gammel filter nr | I1: Nyt filter nr | J1: Antal filtre | K1: Str på filter | L1: Styring | M1: Frostsikring | N1: Luftmængde (Vent-ordning) | O1: Dato for filterskifte | P1: Dage siden skift | Q1: Person som har skiftet filtret | R1: Dato på eftersyn (VENT-ordning) | S1: Kommentar. / Anmærkninger | T1: Service | U1: Hvornår udløber kontrakt
B2: broholm børnehave | D2: ve01 | F2: vex 2,5 | H2: 23454303-10 | I2: 1104864 | J2: 2 | O2: 45209 | P2: =IF(AND(A2="",B2="",C2=""),"",IF(O2="",-1000,(O2-TODAY()))) -> -828 | S2: alle 3 styringer sidder i samme rengøringsrum | V2: Billeder\BROHOLMBØRNEHAVE\IMG_0269.HEIC
B3: broholm børnehave | D3: ve02 | F3: vex 3,5 | H3: 23474403-05 | I3: 1104743 | J3: 2 | O3: 45209 | P3: =IF(AND(A3="",B3="",C3=""),"",IF(O3="",-1000,(O3-TODAY()))) -> -828 | S3: alle 3 styringer sidder i samme rengøringsrum | V3: Billeder\BROHOLMBØRNEHAVE\IMG_0271.HEIC
B4: broholm børnehave | D4: ve03 | F4: vex3,5 | H4: 23454303-10 | I4: 1104864 | J4: 2 | O4: 45209 | P4: =IF(AND(A4="",B4="",C4=""),"",IF(O4="",-1000,(O4-TODAY()))) -> -828 | S4: alle 3 styringer sidder i samme rengøringsrum | V4: Billeder\BROHOLMBØRNEHAVE\IMG_0273.HEIC
P5: =IF(AND(A5="",B5="",C5=""),"",IF(O5="",-1000,(O5-TODAY())))
P6: =IF(AND(A6="",B6="",C6=""),"",IF(O6="",-1000,(O6-TODAY())))
P7: =IF(AND(A7="",B7="",C7=""),"",IF(O7="",-1000,(O7-TODAY())))
P8: =IF(AND(A8="",B8="",C8=""),"",IF(O8="",-1000,(O8-TODAY())))
P9: =IF(AND(A9="",B9="",C9=""),"",IF(O9="",-1000,(O9-TODAY())))
P10: =IF(AND(A10="",B10="",C10=""),"",IF(O10="",-1000,(O10-TODAY())))
P11: =IF(AND(A11="",B11="",C11=""),"",IF(O11="",-1000,(O11-TODAY())))
P12: =IF(AND(A12="",B12="",C12=""),"",IF(O12="",-1000,(O12-TODAY())))
P13: =IF(AND(A13="",B13="",C13=""),"",IF(O13="",-1000,(O13-TODAY())))
P14: =IF(AND(A14="",B14="",C14=""),"",IF(O14="",-1000,(O14-TODAY())))
P15: =IF(AND(A15="",B15="",C15=""),"",IF(O15="",-1000,(O15-TODAY())))
P16: =IF(AND(A16="",B16="",C16=""),"",IF(O16="",-1000,(O16-TODAY())))
... P21: =IF(AND(A21="",B21="",C21=""),"",IF(O21="",-1000,(O21-TODAY())))
A22: Forside!A1 | P22: =IF(AND(A22="",B22="",C22=""),"",IF(O22="",-1000,(O22-TODAY()))) -> -1000
P23: =IF(AND(A23="",B23="",C23=""),"",IF(O23="",-1000,(O23-TODAY())))
P24: =IF(AND(A24="",B24="",C24=""),"",IF(O24="",-1000,(O24-TODAY())))
P25: =IF(AND(A25="",B25="",C25=""),"",IF(O25="",-1000,(O25-TODAY())))
P26: =IF(AND(A26="",B26="",C26=""),"",IF(O26="",-1000,(O26-TODAY())))
P27: =IF(AND(A27="",B27="",C27=""),"",IF(O27="",-1000,(O27-TODAY())))
P28: =IF(AND(A28="",B28="",C28=""),"",IF(O28="",-1000,(O28-TODAY())))
P29: =IF(AND(A29="",B29="",C29=""),"",IF(O29="",-1000,(O29-TODAY())))
P30: =IF(AND(A30="",B30="",C30=""),"",IF(O30="",-1000,(O30-TODAY())))
P31: =IF(AND(A31="",B31="",C31=""),"",IF(O31="",-1000,(O31-TODAY())))
P32: =IF(AND(A32="",B32="",C32=""),"",IF(O32="",-1000,(O32-TODAY())))
P33: =IF(AND(A33="",B33="",C33=""),"",IF(O33="",-1000,(O33-TODAY())))
P34: =IF(AND(A34="",B34="",C34=""),"",IF(O34="",-1000,(O34-TODAY())))
... P108: =IF(AND(A108="",B108="",C108=""),"",IF(O108="",-1000,(O108-TODAY())))

Sheet Åløkkeparken
A1: Adresse | B1: Navn | C1: Placering på anlæg | D1: Anlægsnr. | E1: Leverandør | F1: Type | G1: Årstal for opsætning | H1: Gammel filter nr | I1: Nyt filter nr | J1: Antal filtre | K1: Str på filter | L1: Styring | M1: Frostsikring | N1: Luftmængde (Vent-ordning) | O1: Dato for filterskifte | P1: Dage siden skift | Q1: Person som har skiftet filtret | R1: Dato på eftersyn (VENT-ordning) | S1: Kommentar. / Anmærkninger | T1: Service | U1: Hvornår udløber kontrakt
A2: Åløkkevej 4 5672 brobyværk | B2: Plejehjemmet Åløkkeparken | C2: Skunk træningssal | D2: U1 | F2: Boksventilator | G2: ??? | H2: Uden filtre | O2: 45804 | P2: =IF(AND(A2="",G2="",C2=""),"",IF(O2="",-1000,(O2-TODAY()))) -> -233 | Q2: Thomas | S2: Betjening i depot linnedrum
A3: Åløkkevej 4 5672 brobyværk | B3: Plejehjemmet Åløkkeparken | C3: Skunk træningsal, emfang i aflastningen | D3: U2 | F3: Boksventilator | G3: Lindab IRE 250 C LDK Man.tp | H3: Uden filtre | O3: 45804 | P3: =IF(AND(A3="",B3="",C3=""),"",IF(O3="",-1000,(O3-TODAY()))) -> -233 | Q3: Thomas | S3: Betjening i aflastningen (emfang)
A4: Åløkkevej 4 5672 brobyværk | B4: Plejehjemmet Åløkkeparken | C4: Depot i legestuen start af sencor i loft | D4: VE01 | F4: Centrale agregregater | G4: CombiAir 550 L Luxe | H4: 16890 | I4: 1024263 | J4: 2 | K4: 500x195x15 | O4: 45881 | P4: =IF(AND(A4="",B4="",C4=""),"",IF(O4="",-1000,(O4-TODAY()))) -> -156 | Q4: Thomas | S4: Betjening i legestuen
A5: Åløkkevej 4 5672 brobyværk | B5: Plejehjemmet Åløkkeparken | C5: Loft over daghjem | D5: VE02 | F5: Centrale agregregater | H5: 1250247 | I5: 1028497 | J5: 2 | K5: 275x570x355/4p | O5: 45881 | P5: =IF(AND(A5="",B5="",C5=""),"",IF(O5="",-1000,(O5-TODAY()))) -> -156 | Q5: Thomas | S5: Betjening i køk daghjem
A6: Åløkkevej 4 5672 brobyværk | B6: Plejehjemmet Åløkkeparken | C6: Flat tag ved hus B | D6: VE03 | E6: Camfil | F6: Centrale agregregater | G6: Enervent Hi-Flo G 1060 | H6: 1015953 | I6: 1015953 | J6: 2 | K6: 287x592x250-3-25 | O6: 45804 | P6: =IF(AND(A6="",G7="",C6=""),"",IF(O6="",-1000,(O6-TODAY()))) -> -233 | Q6: Thomas | S6: Betjening sidste kontor på 1 sal
A7: Åløkkevej 4 5672 brobyværk | B7: Plejehjemmet Åløkkeparken | C7: Loft over storkøkken | D7: VE04 | E7: Camfil | F7: Centrale agregregater | G7: Exhausto V160 Ecopleat G 0155 | H7: 211835-L | I7: 1112979 | J7: 2 | K7: 838x700x96 | O7: 45804 | P7: =IF(AND(A7="",G8="",C7=""),"",IF(O7="",-1000,(O7-TODAY()))) -> -233 | Q7: Thomas | S7: Betjening i storkøkken ved elskabe
A8: Åløkkevej 4 5672 brobyværk | B8: Plejehjemmet Åløkkeparken | C8: Skunk træningssal | D8: VE05 | E8: Camfil | F8: Centrale agregregater | G8: Heru 130 Hi-Flo G 160 | H8: 1015811 | I8: 1015811 | J8: 2 | K8: 205x468x250-3-25 | O8: 45804 | P8: =IF(AND(A8="",G9="",C8=""),"",IF(O8="",-1000,(O8-TODAY()))) -> -233 | Q8: Thomas | S8: Fjernbetjening (pedelkontor) ophold aflastningen
A9: Åløkkevej 4 5672 brobyværk | B9: Plejehjemmet Åløkkeparken | C9: Møderum bagerste rum på 1 sal | D9: VE06 | F9: De-Centrale agregregater | H9: ? | I9: 100483 | J9: 2 | K9: 150x310x360/2p | O9: 45881 | P9: =IF(AND(A9="",B9="",C9=""),"",IF(O9="",-1000,(O9-TODAY()))) -> -156 | Q9: Thomas | S9: Betjening møderum bagerste rum på 1 sal
A10: Åløkkevej 4 5672 brobyværk | B10: Plejehjemmet Åløkkeparken | C10: Skunk overfor ergoteapeuternes kontor | D10: VE07 | F10: Centrale agregregater | G10: ??? | H10: Uden filtre | O10: 45804 | P10: =IF(AND(A10="",B10="",C10=""),"",IF(O10="",-1000,(O10-TODAY()))) -> -233 | Q10: Thomas | S10: Betjening Personale toiletter i stuplan
P11: =IF(AND(A11="",B11="",C11=""),"",IF(O11="",-1000,(O11-TODAY())))
P12: =IF(AND(A12="",B12="",C12=""),"",IF(O12="",-1000,(O12-TODAY())))
P13: =IF(AND(A13="",B13="",C13=""),"",IF(O13="",-1000,(O13-TODAY())))
P14: =IF(AND(A14="",B14="",C14=""),"",IF(O14="",-1000,(O14-TODAY())))
P15: =IF(AND(A15="",B15="",C15=""),"",IF(O15="",-1000,(O15-TODAY())))
P16: =IF(AND(A16="",B16="",C16=""),"",IF(O16="",-1000,(O16-TODAY())))
P17: =IF(AND(A17="",B17="",C17=""),"",IF(O17="",-1000,(O17-TODAY())))
P18: =IF(AND(A18="",B18="",C18=""),"",IF(O18="",-1000,(O18-TODAY())))
P19: =IF(AND(A19="",B19="",C19=""),"",IF(O19="",-1000,(O19-TODAY())))
P20: =IF(AND(A20="",B20="",C20=""),"",IF(O20="",-1000,(O20-TODAY())))
P21: =IF(AND(A21="",B21="",C21=""),"",IF(O21="",-1000,(O21-TODAY())))
P22: =IF(AND(A22="",B22="",C22=""),"",IF(O22="",-1000,(O22-TODAY())))
... P43: =IF(AND(A43="",B43="",C43=""),"",IF(O43="",-1000,(O43-TODAY())))

Sheet lundsbjerg børnehave
A1: Adresse | B1: Navn | C1: Placering på anlæg | D1: Anlægsnr. | E1: Leverandør | F1: Type | G1: Årstal for opsætning | H1: Gammel filter nr | I1: Nyt filter nr | J1: Antal filtre | K1: Str på filter | L1: Styring | M1: Frostsikring | N1: Luftmængde (Vent-ordning) | O1: Dato for filterskifte | P1: Dage siden skift | Q1: Person som har skiftet filtret | R1: Dato på eftersyn (VENT-ordning) | S1: Kommentar. / Anmærkninger | T1: Service | U1: Hvornår udløber kontrakt
B2: lundsbjerg børnehave | P2: =IF(AND(A2="",B2="",C2=""),"",IF(O2="",-1000,(O2-TODAY()))) -> -1000
P3: =IF(AND(A3="",B3="",C3=""),"",IF(O3="",-1000,(O3-TODAY())))
P4: =IF(AND(A4="",B4="",C4=""),"",IF(O4="",-1000,(O4-TODAY())))
P5: =IF(AND(A5="",B5="",C5=""),"",IF(O5="",-1000,(O5-TODAY())))
P6: =IF(AND(A6="",B6="",C6=""),"",IF(O6="",-1000,(O6-TODAY())))
P7: =IF(AND(A7="",B7="",C7=""),"",IF(O7="",-1000,(O7-TODAY())))
P8: =IF(AND(A8="",B8="",C8=""),"",IF(O8="",-1000,(O8-TODAY())))
P9: =IF(AND(A9="",B9="",C9=""),"",IF(O9="",-1000,(O9-TODAY())))
P10: =IF(AND(A10="",B10="",C10=""),"",IF(O10="",-1000,(O10-TODAY())))
P11: =IF(AND(A11="",B11="",C11=""),"",IF(O11="",-1000,(O11-TODAY())))
P12: =IF(AND(A12="",B12="",C12=""),"",IF(O12="",-1000,(O12-TODAY())))
P13: =IF(AND(A13="",B13="",C13=""),"",IF(O13="",-1000,(O13-TODAY())))
P14: =IF(AND(A14="",B14="",C14=""),"",IF(O14="",-1000,(O14-TODAY())))
... P52: =IF(AND(A52="",B52="",C52=""),"",IF(O52="",-1000,(O52-TODAY())))

Sheet fåborg bibliotek
A1: Adresse | B1: Navn | C1: Placering på anlæg | D1: Anlægsnr. | E1: Leverandør | F1: Type | G1: Årstal for opsætning | H1: Gammel filter nr | I1: Nyt filter nr | J1: Antal filtre | K1: Str på filter | L1: Styring | M1: Frostsikring | N1: Luftmængde (Vent-ordning) | O1: Dato for filterskifte | P1: Dage siden skift | Q1: Person som har skiftet filtret | R1: Dato på eftersyn (VENT-ordning) | S1: Kommentar. / Anmærkninger | T1: Service | U1: Hvornår udløber kontrakt
B2: fåborg bibliotek | D2: ve01 | F2: vex 4,5 | H2: 23475400-05 | I2: 110264 | J2: 2 | O2: 45195 | P2: =IF(AND(A2="",B2="",C2=""),"",IF(O2="",-1000,(O2-TODAY()))) -> -842 | S2: urstyring sidder i server rum bag dør
P3: =IF(AND(A3="",B3="",C3=""),"",IF(O3="",-1000,(O3-TODAY())))
P4: =IF(AND(A4="",B4="",C4=""),"",IF(O4="",-1000,(O4-TODAY())))
P5: =IF(AND(A5="",B5="",C5=""),"",IF(O5="",-1000,(O5-TODAY())))
P6: =IF(AND(A6="",B6="",C6=""),"",IF(O6="",-1000,(O6-TODAY())))
P7: =IF(AND(A7="",B7="",C7=""),"",IF(O7="",-1000,(O7-TODAY())))
P8: =IF(AND(A8="",B8="",C8=""),"",IF(O8="",-1000,(O8-TODAY())))
P9: =IF(AND(A9="",B9="",C9=""),"",IF(O9="",-1000,(O9-TODAY())))
P10: =IF(AND(A10="",B10="",C10=""),"",IF(O10="",-1000,(O10-TODAY())))
P11: =IF(AND(A11="",B11="",C11=""),"",IF(O11="",-1000,(O11-TODAY())))
P12: =IF(AND(A12="",B12="",C12=""),"",IF(O12="",-1000,(O12-TODAY())))
P13: =IF(AND(A13="",B13="",C13=""),"",IF(O13="",-1000,(O13-TODAY())))
P14: =IF(AND(A14="",B14="",C14=""),"",IF(O14="",-1000,(O14-TODAY())))
... P44: =IF(AND(A44="",B44="",C44=""),"",IF(O44="",-1000,(O44-TODAY())))

Sheet PONTOPPIDAN SKOLEN
A1: Adresse | B1: Navn | C1: Placering på anlæg | D1: Anlægsnr. | E1: Leverandør | F1: Type | G1: Årstal for opsætning | H1: Gammel filter nr | I1: Nyt filter nr | J1: Antal filtre | K1: Str på filter | L1: Styring | M1: Frostsikring | N1: Luftmængde (Vent-ordning) | O1: Dato for filterskifte | P1: Dage siden skift | Q1: Person som har skiftet filtret | R1: Dato på eftersyn (VENT-ordning) | S1: Kommentar. / Anmærkninger | T1: Service | U1: Hvornår udløber kontrakt
B2: Brobyskolerne - Pontoppidan | C2: KÆLDER | D2: VE01 | F2: SVEGON | I2: DK2511525000 | J2: 1 | O2: 45343 | P2: =IF(AND(A2="",B2="",C2=""),"",IF(O2="",-1000,(O2-TODAY()))) -> -694 | Q2: skiftet Søren
B3: Brobyskolerne - Pontoppidan | C3: KÆLDER | D3: VE01 | F3: SVEGON | I3: DK2511125000 | J3: 2 | O3: 45343 | P3: =IF(AND(A3="",B3="",C3=""),"",IF(O3="",-1000,(O3-TODAY()))) -> -694 | Q3: skiftet Søren
B4: Brobyskolerne - Pontoppidan | C4: KÆLDER | D4: VE01 | F4: SVEGON | I4: 1013110 | J4: 1 | O4: 45343 | P4: =IF(AND(A4="",B4="",C4=""),"",IF(O4="",-1000,(O4-TODAY()))) -> -694 | Q4: skiftet Søren
B5: Brobyskolerne - Pontoppidan | C5: KÆLDER | D5: VEO2 | F5: SVEGON | I5: DK2511525000 | J5: 1 | O5: 45344 | P5: =IF(AND(A5="",B5="",C5=""),"",IF(O5="",-1000,(O5-TODAY()))) -> -693 | Q5: skiftet Søren
B6: Brobyskolerne - Pontoppidan | C6: KÆLDER | D6: VEO2 | F6: SVEGON | I6: DK2511125000 | J6: 2 | O6: 45344 | P6: =IF(AND(A6="",B6="",C6=""),"",IF(O6="",-1000,(O6-TODAY()))) -> -693 | Q6: skiftet Søren
B7: Brobyskolerne - Pontoppidan | C7: KÆLDER | D7: VEO2 | F7: SVEGON | I7: 1013110 | J7: 1 | O7: 45344 | P7: =IF(AND(A7="",B7="",C7=""),"",IF(O7="",-1000,(O7-TODAY()))) -> -693 | Q7: skiftet Søren
B8: Brobyskolerne - Pontoppidan | C8: KÆLDER | D8: VE03 | F8: SVEGON | I8: 1004180 | J8: 4 | O8: 45344 | P8: =IF(AND(A8="",B8="",C8=""),"",IF(O8="",-1000,(O8-TODAY()))) -> -693 | Q8: skiftet Søren
B9: Brobyskolerne - Pontoppidan | C9: BLOK 1 | D9: VE04 | F9: SVEGON | I9: 1017524 | J9: 2 | O9: 45345 | P9: =IF(AND(A9="",B9="",C9=""),"",IF(O9="",-1000,(O9-TODAY()))) -> -692 | Q9: skiftet Søren
B10: Brobyskolerne - Pontoppidan | C10: BLOK 2 | D10: ve05 | F10: SVEGON | I10: 1017524 | J10: 2 | O10: 45345 | P10: =IF(AND(A10="",B10="",C10=""),"",IF(O10="",-1000,(O10-TODAY()))) -> -692 | Q10: skiftet Søren
B11: Brobyskolerne - Pontoppidan | C11: FAGBLOKKEN | D11: ve07 | F11: SVEGON | I11: DK2511125000 | J11: 2 | O11: 45349 | P11: =IF(AND(A11="",B11="",C11=""),"",IF(O11="",-1000,(O11-TODAY()))) -> -688 | Q11: skiftet Søren
B12: Brobyskolerne - Pontoppidan | C12: FAGBLOKKEN | D12: ve06 | F12: SVEGON | I12: 1013503 | J12: 4 | O12: 45348 | P12: =IF(AND(A12="",B12="",C12=""),"",IF(O12="",-1000,(O12-TODAY()))) -> -689 | Q12: skiftet Søren
B13: Brobyskolerne - Pontoppidan | C13: BILLEDKUNST | D13: ve08 | F13: systemair | O13: 45706 | P13: =IF(AND(A13="",B13="",C13=""),"",IF(O13="",-1000,(O13-TODAY()))) -> -331 | Q13: Paw-mike
B14: Brobyskolerne - Pontoppidan | C14: HOVEDBYGNING NORD LOFT | D14: ve09 | F14: pm-luft | O14: 45706 | P14: =IF(AND(A14="",B14="",C14=""),"",IF(O14="",-1000,(O14-TODAY()))) -> -331 | Q14: Paw-mike
B15: Brobyskolerne - Pontoppidan | D15: ve01 | F15: SVEGON | O15: 45706 | P15: =IF(AND(A15="",B15="",C15=""),"",IF(O15="",-1000,(O15-TODAY()))) -> -331 | Q15: Paw-mike
B16: Brobyskolerne - Pontoppidan | D16: ve02 | F16: SVEGON | O16: 45706 | P16: =IF(AND(A16="",B16="",C16=""),"",IF(O16="",-1000,(O16-TODAY()))) -> -331 | Q16: Paw-mike
B17: Brobyskolerne - Pontoppidan | D17: ve03 | F17: SVEGON | O17: 45706 | P17: =IF(AND(A17="",B17="",C17=""),"",IF(O17="",-1000,(O17-TODAY()))) -> -331 | Q17: Paw-mike
B18: Brobyskolerne - Pontoppidan | D18: ve04 | F18: SVEGON | O18: 45706 | P18: =IF(AND(A18="",B18="",C18=""),"",IF(O18="",-1000,(O18-TODAY()))) -> -331 | Q18: Paw-mike
B19: Brobyskolerne - Pontoppidan | D19: ve05 | F19: SVEGON | O19: 45706 | P19: =IF(AND(A19="",B19="",C19=""),"",IF(O19="",-1000,(O19-TODAY()))) -> -331 | Q19: Paw-mike
B20: Brobyskolerne - Pontoppidan | D20: ve06 | F20: SVEGON | O20: 45706 | P20: =IF(AND(A20="",B20="",C20=""),"",IF(O20="",-1000,(O20-TODAY()))) -> -331 | Q20: Paw-mike
B21: Brobyskolerne - Pontoppidan | D21: ve07 | F21: SVEGON | O21: 45706 | P21: =IF(AND(A21="",B21="",C21=""),"",IF(O21="",-1000,(O21-TODAY()))) -> -331 | Q21: Paw-mike
B22: Brobyskolerne - Pontoppidan | D22: ve08 | F22: systemair | I22: 1013855 - 1013898 | O22: 45706 | P22: =IF(AND(A22="",B22="",C22=""),"",IF(O22="",-1000,(O22-TODAY()))) -> -331 | Q22: Paw-mike
B23: Brobyskolerne - Pontoppidan | D23: ve09 | F23: pm-luft | I23: 1162999 | O23: 45706 | P23: =IF(AND(A23="",B23="",C23=""),"",IF(O23="",-1000,(O23-TODAY()))) -> -331 | Q23: Paw-mike
P24: =IF(AND(A24="",B24="",C24=""),"",IF(O24="",-1000,(O24-TODAY())))
P25: =IF(AND(A25="",B25="",C25=""),"",IF(O25="",-1000,(O25-TODAY())))
P26: =IF(AND(A26="",B26="",C26=""),"",IF(O26="",-1000,(O26-TODAY())))
P27: =IF(AND(A27="",B27="",C27=""),"",IF(O27="",-1000,(O27-TODAY())))
P28: =IF(AND(A28="",B28="",C28=""),"",IF(O28="",-1000,(O28-TODAY())))
P29: =IF(AND(A29="",B29="",C29=""),"",IF(O29="",-1000,(O29-TODAY())))
P30: =IF(AND(A30="",B30="",C30=""),"",IF(O30="",-1000,(O30-TODAY())))
P31: =IF(AND(A31="",B31="",C31=""),"",IF(O31="",-1000,(O31-TODAY())))
P32: =IF(AND(A32="",B32="",C32=""),"",IF(O32="",-1000,(O32-TODAY())))
P33: =IF(AND(A33="",B33="",C33=""),"",IF(O33="",-1000,(O33-TODAY())))
P34: =IF(AND(A34="",B34="",C34=""),"",IF(O34="",-1000,(O34-TODAY())))
P35: =IF(AND(A35="",B35="",C35=""),"",IF(O35="",-1000,(O35-TODAY())))
... P44: =IF(AND(A44="",B44="",C44=""),"",IF(O44="",-1000,(O44-TODAY())))

Sheet Allested-Vejle skole
A1: Adresse | B1: Navn | C1: Placering på anlæg | D1: Anlægsnr. | E1: Leverandør | F1: Type | G1: Årstal for opsætning | H1: Gammel filter nr | I1: Nyt filter nr | J1: Antal filtre | K1: Str på filter | L1: Styring | M1: Frostsikring | N1: Luftmængde (Vent-ordning) | O1: Dato for filterskifte | P1: Dage siden skift | Q1: Person som har skiftet filtret | R1: Dato på eftersyn (VENT-ordning) | S1: Kommentar. / Anmærkninger | T1: Service | U1: Hvornår udløber kontrakt
A2: skolevej 2 | B2: Brobyskolerne Allested-Vejle | C2: kælder ved billedekunst | O2: 45799 | P2: =IF(AND(A2="",B2="",C2=""),"",IF(O2="",-1000,(O2-TODAY()))) -> -238 | Q2: Erik/paw
A3: skolevej 2 | B3: Brobyskolerne Allested-Vejle | C3: kælder bioligi | O3: 45799 | P3: =IF(AND(A3="",B3="",C3=""),"",IF(O3="",-1000,(O3-TODAY()))) -> -238 | Q3: Erik/paw
A4: skolevej 2 | B4: Brobyskolerne Allested-Vejle | C4: indskoling | O4: 45799 | P4: =IF(AND(A4="",B4="",C4=""),"",IF(O4="",-1000,(O4-TODAY()))) -> -238 | Q4: Erik/paw
A5: skolevej 2 | B5: Brobyskolerne Allested-Vejle | C5: loft klubben | O5: 45799 | P5: =IF(AND(A5="",B5="",C5=""),"",IF(O5="",-1000,(O5-TODAY()))) -> -238 | Q5: Erik/paw
P6: =IF(AND(A6="",B6="",C6=""),"",IF(O6="",-1000,(O6-TODAY())))
P7: =IF(AND(A7="",B7="",C7=""),"",IF(O7="",-1000,(O7-TODAY())))
P8: =IF(AND(A8="",B8="",C8=""),"",IF(O8="",-1000,(O8-TODAY())))
P9: =IF(AND(A9="",B9="",C9=""),"",IF(O9="",-1000,(O9-TODAY())))
P10: =IF(AND(A10="",B10="",C10=""),"",IF(O10="",-1000,(O10-TODAY())))
P11: =IF(AND(A11="",B11="",C11=""),"",IF(O11="",-1000,(O11-TODAY())))
P12: =IF(AND(A12="",B12="",C12=""),"",IF(O12="",-1000,(O12-TODAY())))
P13: =IF(AND(A13="",B13="",C13=""),"",IF(O13="",-1000,(O13-TODAY())))
P14: =IF(AND(A14="",B14="",C14=""),"",IF(O14="",-1000,(O14-TODAY())))
P15: =IF(AND(A15="",B15="",C15=""),"",IF(O15="",-1000,(O15-TODAY())))
P16: =IF(AND(A16="",B16="",C16=""),"",IF(O16="",-1000,(O16-TODAY())))
P17: =IF(AND(A17="",B17="",C17=""),"",IF(O17="",-1000,(O17-TODAY())))
... P37: =IF(AND(A37="",B37="",C37=""),"",IF(O37="",-1000,(O37-TODAY())))

Sheet X-huset MD-vuns
A1: Adresse | B1: Navn | C1: Placering på anlæg | D1: Anlægsnr. | E1: Leverandør | F1: Type | G1: Årstal for opsætning | H1: Gammel filter nr | I1: Nyt filter nr | J1: Antal filtre | K1: Str på filter | L1: Styring | M1: Frostsikring | N1: Luftmængde (Vent-ordning) | O1: Dato for filterskifte | P1: Dage siden skift | Q1: Person som har skiftet filtret | R1: Dato på eftersyn (VENT-ordning) | S1: Kommentar. / Anmærkninger | T1: Service | U1: Hvornår udløber kontrakt
A2: Birkevej 15 | B2: MD-Vuns | C2: md- vuns tag | D2: ve 02 | H2: 210941-L | I2: 1104772 | J2: 2 | O2: 45404 | P2: =IF(AND(A2="",B2="",C2=""),"",IF(O2="",-1000,(O2-TODAY()))) -> -633
A3: Birkevej 15 | B3: X-Huset | C3: x huset kælder | D3: ve01 | H3: f7. kng 160-665308 | I3: 1013259 | J3: 1 | O3: 45404 | P3: =IF(AND(A3="",B3="",C3=""),"",IF(O3="",-1000,(O3-TODAY()))) -> -633
A4: Birkevej 15 | B4: X-Huset | C4: x huset kælder | D4: ve01 | H4: f7. kng 160-565306 | I4: 10498 | J4: 1 | O4: 45404 | P4: =IF(AND(A4="",B4="",C4=""),"",IF(O4="",-1000,(O4-TODAY()))) -> -633
A5: Birkevej 15 | B5: X-Huset | C5: x huset kælder | D5: ve01 | H5: f7. kng 160-365304 | I5: 1013563 | J5: 1 | O5: 45404 | P5: =IF(AND(A5="",B5="",C5=""),"",IF(O5="",-1000,(O5-TODAY()))) -> -633
A6: Birkevej 15 | B6: X-Huset | C6: x huset kælder | D6: ve01 | H6: m5. ks05 660650 | I6: 1013247 | J6: 1 | O6: 45404 | P6: =IF(AND(A6="",B6="",C6=""),"",IF(O6="",-1000,(O6-TODAY()))) -> -633
A7: Birkevej 15 | B7: X-Huset | C7: x huset kælder | D7: ve01 | H7: m5. ks05 560550 | I7: 1013468 | J7: 1 | O7: 45404 | P7: =IF(AND(A7="",B7="",C7=""),"",IF(O7="",-1000,(O7-TODAY()))) -> -633
A8: Birkevej 15 | B8: X-Huset | C8: x huset kælder | D8: ve01 | H8: m5. ks05 360350 | I8: 1013534 | J8: 1 | O8: 45404 | P8: =IF(AND(A8="",B8="",C8=""),"",IF(O8="",-1000,(O8-TODAY()))) -> -633
P9: =IF(AND(A9="",B9="",C9=""),"",IF(O9="",-1000,(O9-TODAY())))
P10: =IF(AND(A10="",B10="",C10=""),"",IF(O10="",-1000,(O10-TODAY())))
P11: =IF(AND(A11="",B11="",C11=""),"",IF(O11="",-1000,(O11-TODAY())))
P12: =IF(AND(A12="",B12="",C12=""),"",IF(O12="",-1000,(O12-TODAY())))
P13: =IF(AND(A13="",B13="",C13=""),"",IF(O13="",-1000,(O13-TODAY())))
P14: =IF(AND(A14="",B14="",C14=""),"",IF(O14="",-1000,(O14-TODAY())))
P15: =IF(AND(A15="",B15="",C15=""),"",IF(O15="",-1000,(O15-TODAY())))
P16: =IF(AND(A16="",B16="",C16=""),"",IF(O16="",-1000,(O16-TODAY())))
P17: =IF(AND(A17="",B17="",C17=""),"",IF(O17="",-1000,(O17-TODAY())))
P18: =IF(AND(A18="",B18="",C18=""),"",IF(O18="",-1000,(O18-TODAY())))
P19: =IF(AND(A19="",B19="",C19=""),"",IF(O19="",-1000,(O19-TODAY())))
P20: =IF(AND(A20="",B20="",C20=""),"",IF(O20="",-1000,(O20-TODAY())))
... P35: =IF(AND(A35="",B35="",C35=""),"",IF(O35="",-1000,(O35-TODAY())))

Sheet vesterparken børnehave
A1: Adresse | B1: Navn | C1: Placering på anlæg | D1: Anlægsnr. | E1: Leverandør | F1: Type | G1: Årstal for opsætning | H1: Gammel filter nr | I1: Nyt filter nr | J1: Antal filtre | K1: Str på filter | L1: Styring | M1: Frostsikring | N1: Luftmængde (Vent-ordning) | O1: Dato for filterskifte | P1: Dage siden skift | Q1: Person som har skiftet filtret | R1: Dato på eftersyn (VENT-ordning) | S1: Kommentar. / Anmærkninger | T1: Service | U1: Hvornår udløber kontrakt
B2: vesterparken børnehave | F2: 10133884 | J2: 4 | O2: 45402 | P2: =IF(AND(A2="",B2="",C2=""),"",IF(O2="",-1000,(O2-TODAY()))) -> -635
B3: vesterparken børnehave | C3: store anlæg | O3: 45938 | P3: =IF(AND(A3="",B3="",C3=""),"",IF(O3="",-1000,(O3-TODAY()))) -> -99
P4: =IF(AND(A4="",B4="",C4=""),"",IF(O4="",-1000,(O4-TODAY())))
P5: =IF(AND(A5="",B5="",C5=""),"",IF(O5="",-1000,(O5-TODAY())))
P6: =IF(AND(A6="",B6="",C6=""),"",IF(O6="",-1000,(O6-TODAY())))
P7: =IF(AND(A7="",B7="",C7=""),"",IF(O7="",-1000,(O7-TODAY())))
P8: =IF(AND(A8="",B8="",C8=""),"",IF(O8="",-1000,(O8-TODAY())))
P9: =IF(AND(A9="",B9="",C9=""),"",IF(O9="",-1000,(O9-TODAY())))
P10: =IF(AND(A10="",B10="",C10=""),"",IF(O10="",-1000,(O10-TODAY())))
P11: =IF(AND(A11="",B11="",C11=""),"",IF(O11="",-1000,(O11-TODAY())))
P12: =IF(AND(A12="",B12="",C12=""),"",IF(O12="",-1000,(O12-TODAY())))
P13: =IF(AND(A13="",B13="",C13=""),"",IF(O13="",-1000,(O13-TODAY())))
P14: =IF(AND(A14="",B14="",C14=""),"",IF(O14="",-1000,(O14-TODAY())))
P15: =IF(AND(A15="",B15="",C15=""),"",IF(O15="",-1000,(O15-TODAY())))
... P21: =IF(AND(A21="",B21="",C21=""),"",IF(O21="",-1000,(O21-TODAY())))

Sheet palleshave
A1: Adresse | B1: Navn | C1: Placering på anlæg | D1: Anlægsnr. | E1: Leverandør | F1: Type | G1: Årstal for opsætning | H1: Gammel filter nr | I1: Nyt filter nr | J1: Antal filtre | K1: Str på filter | L1: Styring | M1: Frostsikring | N1: Luftmængde (Vent-ordning) | O1: Dato for filterskifte | P1: Dage siden skift | Q1: Person som har skiftet filtret | R1: Dato på eftersyn (VENT-ordning) | S1: Kommentar. / Anmærkninger | T1: Service | U1: Hvornår udløber kontrakt
P2: =IF(AND(A2="",B2="",C2=""),"",IF(O2="",-1000,(O2-TODAY())))
P3: =IF(AND(A3="",B3="",C3=""),"",IF(O3="",-1000,(O3-TODAY())))
P4: =IF(AND(A4="",B4="",C4=""),"",IF(O4="",-1000,(O4-TODAY())))
P5: =IF(AND(A5="",B5="",C5=""),"",IF(O5="",-1000,(O5-TODAY())))
P6: =IF(AND(A6="",B6="",C6=""),"",IF(O6="",-1000,(O6-TODAY())))
P7: =IF(AND(A7="",B7="",C7=""),"",IF(O7="",-1000,(O7-TODAY())))
P8: =IF(AND(A8="",B8="",C8=""),"",IF(O8="",-1000,(O8-TODAY())))
P9: =IF(AND(A9="",B9="",C9=""),"",IF(O9="",-1000,(O9-TODAY())))
P10: =IF(AND(A10="",B10="",C10=""),"",IF(O10="",-1000,(O10-TODAY())))
P11: =IF(AND(A11="",B11="",C11=""),"",IF(O11="",-1000,(O11-TODAY())))
P12: =IF(AND(A12="",B12="",C12=""),"",IF(O12="",-1000,(O12-TODAY())))
P13: =IF(AND(A13="",B13="",C13=""),"",IF(O13="",-1000,(O13-TODAY())))
... P46: =IF(AND(A46="",B46="",C46=""),"",IF(O46="",-1000,(O46-TODAY())))

Sheet motorikken klatretræet
A1: Adresse | B1: Navn | C1: Placering på anlæg | D1: Anlægsnr. | E1: Leverandør | F1: Type | G1: Årstal for opsætning | H1: Gammel filter nr | I1: Nyt filter nr | J1: Antal filtre | K1: Str på filter | L1: Styring | M1: Frostsikring | N1: Luftmængde (Vent-ordning) | O1: Dato for filterskifte | P1: Dage siden skift | Q1: Person som har skiftet filtret | R1: Dato på eftersyn (VENT-ordning) | S1: Kommentar. / Anmærkninger | T1: Service | U1: Hvornår udløber kontrakt
P2: =IF(AND(A2="",B2="",C2=""),"",IF(O2="",-1000,(O2-TODAY())))
B3: Klatretræet Børnehave | F3: VEX150HL EC | K3: 735-593-96 | O3: 45667 | P3: =IF(AND(A3="",B3="",C3=""),"",IF(O3="",-1000,(O3-TODAY()))) -> -370
P4: =IF(AND(A4="",B4="",C4=""),"",IF(O4="",-1000,(O4-TODAY())))
A5: Torpegårdsvej 2a 5792 Årslev | B5: Klatretræet | C5: Loftet | D5: 157628/03 | E5: VENT ORDNINGEN | F5: VEX150HL EC | G5: 2022 | H5: 1104755-23577500 | I5: 1104755-23577500 | K5: 735-592-96 | O5: 45667 | P5: =IF(AND(A5="",B5="",C5=""),"",IF(O5="",-1000,(O5-TODAY()))) -> -370
P6: =IF(AND(A6="",B6="",C6=""),"",IF(O6="",-1000,(O6-TODAY())))
P7: =IF(AND(A7="",B7="",C7=""),"",IF(O7="",-1000,(O7-TODAY())))
P8: =IF(AND(A8="",B8="",C8=""),"",IF(O8="",-1000,(O8-TODAY())))
P9: =IF(AND(A9="",B9="",C9=""),"",IF(O9="",-1000,(O9-TODAY())))
P10: =IF(AND(A10="",B10="",C10=""),"",IF(O10="",-1000,(O10-TODAY())))
P11: =IF(AND(A11="",B11="",C11=""),"",IF(O11="",-1000,(O11-TODAY())))
P12: =IF(AND(A12="",B12="",C12=""),"",IF(O12="",-1000,(O12-TODAY())))
P13: =IF(AND(A13="",B13="",C13=""),"",IF(O13="",-1000,(O13-TODAY())))
P14: =IF(AND(A14="",B14="",C14=""),"",IF(O14="",-1000,(O14-TODAY())))
P15: =IF(AND(A15="",B15="",C15=""),"",IF(O15="",-1000,(O15-TODAY())))
P16: =IF(AND(A16="",B16="",C16=""),"",IF(O16="",-1000,(O16-TODAY())))
P17: =IF(AND(A17="",B17="",C17=""),"",IF(O17="",-1000,(O17-TODAY())))
... P45: =IF(AND(A45="",B45="",C45=""),"",IF(O45="",-1000,(O45-TODAY())))

Sheet rådhus ringe
A1: Adresse | B1: Navn | C1: Placering på anlæg | D1: Anlægsnr. | E1: Leverandør | F1: Type | G1: Årstal for opsætning | H1: Gammel filter nr | I1: Nyt filter nr | J1: Antal filtre | K1: Str på filter | L1: Styring | M1: Frostsikring | N1: Luftmængde (Vent-ordning) | O1: Dato for filterskifte | P1: Dage siden skift | Q1: Person som har skiftet filtret | R1: Dato på eftersyn (VENT-ordning) | S1: Kommentar. / Anmærkninger | T1: Service | U1: Hvornår udløber kontrakt
A2: Tinghøj Álle 2 | B2: Ringe Rådhus | C2: Nord kælder | D2: 1 | E2: 172848 | F2: DV50 | I2: 1013684 | J2: 3 | O2: 45597 | P2: =IF(AND(A2="",B2="",E2=""),"",IF(O2="",-1000,(O2-TODAY()))) -> -440 | Q2: hmo
A3: Tinghøj Álle 2 | B3: Ringe Rådhus | C3: Nord kælder | D3: 1 | E3: 172848 | F3: DV50 | I3: 1013633 | J3: 3 | O3: 45597 | P3: =IF(AND(A3="",B3="",E3=""),"",IF(O3="",-1000,(O3-TODAY()))) -> -440 | Q3: hmo
A4: Tinghøj Álle 2 | B4: Ringe Rådhus | C4: Nord kælder | D4: 1 | E4: 172848 | F4: DV50 | I4: 1013670 | J4: 3 | O4: 45597 | P4: =IF(AND(A4="",B4="",E4=""),"",IF(O4="",-1000,(O4-TODAY()))) -> -440 | Q4: hmo
A5: Tinghøj Álle 2 | B5: Ringe Rådhus | C5: Nord kælder | D5: 1 | E5: 172848 | F5: DV50 | I5: 1013599 | J5: 3 | O5: 45597 | P5: =IF(AND(A5="",B5="",E5=""),"",IF(O5="",-1000,(O5-TODAY()))) -> -440 | Q5: hmo
A6: Tinghøj Álle 2 | B6: Ringe Rådhus | C6: Syd loft | D6: 2 | E6: 172848 | F6: DV30 | I6: 1013247 | J6: 1 | O6: 45597 | P6: =IF(AND(A6="",B6="",E6=""),"",IF(O6="",-1000,(O6-TODAY()))) -> -440 | Q6: hmo
A7: Tinghøj Álle 2 | B7: Ringe Rådhus | C7: Syd loft | D7: 2 | E7: 172848 | F7: DV30 | I7: 1013259 | J7: 1 | O7: 45597 | P7: =IF(AND(A7="",B7="",E7=""),"",IF(O7="",-1000,(O7-TODAY()))) -> -440 | Q7: hmo
A8: Tinghøj Álle 2 | B8: Ringe Rådhus | C8: Syd loft | D8: 2 | E8: 172848 | F8: DV30 | I8: 1013498 | J8: 1 | O8: 45597 | P8: =IF(AND(A8="",B8="",E8=""),"",IF(O8="",-1000,(O8-TODAY()))) -> -440 | Q8: hmo
A9: Tinghøj Álle 2 | B9: Ringe Rådhus | C9: Syd loft | D9: 2 | E9: 172848 | F9: DV30 | I9: 1013468 | J9: 1 | O9: 45597 | P9: =IF(AND(A9="",B9="",E9=""),"",IF(O9="",-1000,(O9-TODAY()))) -> -440 | Q9: hmo
A10: Tinghøj Álle 2 | B10: Ringe Rådhus | C10: Syd loft | D10: 2 | E10: 172848 | F10: DV30 | I10: 1013534 | J10: 1 | O10: 45597 | P10: =IF(AND(A10="",B10="",E10=""),"",IF(O10="",-1000,(O10-TODAY()))) -> -440 | Q10: hmo
A11: Tinghøj Álle 2 | B11: Ringe Rådhus | C11: Syd loft | D11: 2 | E11: 172848 | F11: DV30 | I11: 1013563 | J11: 1 | O11: 45597 | P11: =IF(AND(A11="",B11="",E11=""),"",IF(O11="",-1000,(O11-TODAY()))) -> -440 | Q11: hmo
A12: Tinghøj Álle 2 | B12: Ringe Rådhus | C12: Kantine loft | D12: 4 | E12: 172848 | F12: Wolf | I12: 1013247 | J12: 1 | O12: 45597 | P12: =IF(AND(A12="",B12="",E12=""),"",IF(O12="",-1000,(O12-TODAY()))) -> -440 | Q12: hmo
A13: Tinghøj Álle 2 | B13: Ringe Rådhus | C13: Kantine loft | D13: 4 | E13: 172848 | F13: Wolf | I13: 1013259 | J13: 1 | O13: 45597 | P13: =IF(AND(A13="",B13="",E13=""),"",IF(O13="",-1000,(O13-TODAY()))) -> -440 | Q13: hmo
A14: Tinghøj Álle 2 | B14: Ringe Rådhus | C14: Køkken loft | D14: 3 | E14: 172848 | F14: Salda | I14: 1004934 | J14: 2 | O14: 45597 | P14: =IF(AND(A14="",B14="",E14=""),"",IF(O14="",-1000,(O14-TODAY()))) -> -440 | Q14: hmo
A15: Tinghøj Álle 2 | B15: Ringe Rådhus | C15: Køkken loft | D15: 3 | E15: 172848 | F15: Salda | I15: Pose - vasket | J15: 1 | O15: 45444 | P15: =IF(AND(A15="",B15="",E15=""),"",IF(O15="",-1000,(O15-TODAY()))) -> -593 | Q15: hmo
P16: =IF(AND(A16="",B16="",C16=""),"",IF(O16="",-1000,(O16-TODAY())))
P17: =IF(AND(A17="",B17="",C17=""),"",IF(O17="",-1000,(O17-TODAY())))
P18: =IF(AND(A18="",B18="",C18=""),"",IF(O18="",-1000,(O18-TODAY())))
P19: =IF(AND(A19="",B19="",C19=""),"",IF(O19="",-1000,(O19-TODAY())))
P20: =IF(AND(A20="",B20="",C20=""),"",IF(O20="",-1000,(O20-TODAY())))
P21: =IF(AND(A21="",B21="",C21=""),"",IF(O21="",-1000,(O21-TODAY())))
P22: =IF(AND(A22="",B22="",C22=""),"",IF(O22="",-1000,(O22-TODAY())))
P23: =IF(AND(A23="",B23="",C23=""),"",IF(O23="",-1000,(O23-TODAY())))
P24: =IF(AND(A24="",B24="",C24=""),"",IF(O24="",-1000,(O24-TODAY())))
P25: =IF(AND(A25="",B25="",C25=""),"",IF(O25="",-1000,(O25-TODAY())))
P26: =IF(AND(A26="",B26="",C26=""),"",IF(O26="",-1000,(O26-TODAY())))
P27: =IF(AND(A27="",B27="",C27=""),"",IF(O27="",-1000,(O27-TODAY())))
... P50: =IF(AND(A50="",B50="",C50=""),"",IF(O50="",-1000,(O50-TODAY())))

Sheet tingagerskolen
A1: Adresse | B1: Navn | C1: Placering på anlæg | D1: Anlægsnr. | E1: Leverandør | F1: Type | G1: Årstal for opsætning | H1: Gammel filter nr | I1: Nyt filter nr | J1: Antal filtre | K1: Str på filter | L1: Styring | M1: Frostsikring | N1: Luftmængde (Vent-ordning) | O1: Dato for filterskifte | P1: Dage siden skift | Q1: Person som har skiftet filtret | R1: Dato på eftersyn (VENT-ordning) | S1: Kommentar. / Anmærkninger | T1: Service | U1: Hvornår udløber kontrakt
B2: Tingagerskolen | C2: gymnastik piger | O2: 45390 | P2: =IF(AND(A2="",B2="",C2=""),"",IF(O2="",-1000,(O2-TODAY()))) -> -647
B3: Tingagerskolen | C3: gymnastik drenge | O3: 45390 | P3: =IF(AND(A3="",B3="",C3=""),"",IF(O3="",-1000,(O3-TODAY()))) -> -647
B4: Tingagerskolen | C4: 10 klasser | O4: 45391 | P4: =IF(AND(A4="",B4="",C4=""),"",IF(O4="",-1000,(O4-TODAY()))) -> -646
B5: Tingagerskolen | C5: kælder | O5: 45391 | P5: =IF(AND(A5="",B5="",C5=""),"",IF(O5="",-1000,(O5-TODAY()))) -> -646
B6: Tingagerskolen | C6: kontor | O6: 45391 | P6: =IF(AND(A6="",B6="",C6=""),"",IF(O6="",-1000,(O6-TODAY()))) -> -646
B7: Tingagerskolen | C7: specel | O7: 45393 | P7: =IF(AND(A7="",B7="",C7=""),"",IF(O7="",-1000,(O7-TODAY()))) -> -644
B8: Tingagerskolen | C8: sfo | O8: 45393 | P8: =IF(AND(A8="",B8="",C8=""),"",IF(O8="",-1000,(O8-TODAY()))) -> -644
P9: =IF(AND(A9="",B9="",C9=""),"",IF(O9="",-1000,(O9-TODAY())))
B10: Tingagerskolen | C10: kælder | O10: 45937 | P10: =IF(AND(A10="",B10="",C10=""),"",IF(O10="",-1000,(O10-TODAY()))) -> -100
B11: Tingagerskolen | C11: kontor | O11: 45938 | P11: =IF(AND(A11="",B11="",C11=""),"",IF(O11="",-1000,(O11-TODAY()))) -> -99
B12: Tingagerskolen | C12: specel | O12: 45938 | P12: =IF(AND(A12="",B12="",C12=""),"",IF(O12="",-1000,(O12-TODAY()))) -> -99
B13: Tingagerskolen | C13: 10 klasser | O13: 45939 | P13: =IF(AND(A13="",B13="",C13=""),"",IF(O13="",-1000,(O13-TODAY()))) -> -98
P14: =IF(AND(A14="",B14="",C14=""),"",IF(O14="",-1000,(O14-TODAY())))
P15: =IF(AND(A15="",B15="",C15=""),"",IF(O15="",-1000,(O15-TODAY())))
P16: =IF(AND(A16="",B16="",C16=""),"",IF(O16="",-1000,(O16-TODAY())))
P17: =IF(AND(A17="",B17="",C17=""),"",IF(O17="",-1000,(O17-TODAY())))
P18: =IF(AND(A18="",B18="",C18=""),"",IF(O18="",-1000,(O18-TODAY())))
P19: =IF(AND(A19="",B19="",C19=""),"",IF(O19="",-1000,(O19-TODAY())))
P20: =IF(AND(A20="",B20="",C20=""),"",IF(O20="",-1000,(O20-TODAY())))
P21: =IF(AND(A21="",B21="",C21=""),"",IF(O21="",-1000,(O21-TODAY())))
P22: =IF(AND(A22="",B22="",C22=""),"",IF(O22="",-1000,(O22-TODAY())))
P23: =IF(AND(A23="",B23="",C23=""),"",IF(O23="",-1000,(O23-TODAY())))
P24: =IF(AND(A24="",B24="",C24=""),"",IF(O24="",-1000,(O24-TODAY())))
P25: =IF(AND(A25="",B25="",C25=""),"",IF(O25="",-1000,(O25-TODAY())))
... P49: =IF(AND(A49="",B49="",C49=""),"",IF(O49="",-1000,(O49-TODAY())))

Sheet espe skole
A1: Adresse | B1: Navn | C1: Placering på anlæg | D1: Anlægsnr. | E1: Leverandør | F1: Type | G1: Årstal for opsætning | H1: Gammel filter nr | I1: Nyt filter nr | J1: Antal filtre | K1: Str på filter | L1: Styring | M1: Frostsikring | N1: Luftmængde (Vent-ordning) | O1: Dato for filterskifte | P1: Dage siden skift | Q1: Person som har skiftet filtret | R1: Dato på eftersyn (VENT-ordning) | S1: Kommentar. / Anmærkninger | T1: Service | U1: Hvornår udløber kontrakt
B2: Espe Skole | P2: =IF(AND(A2="",B2="",C2=""),"",IF(O2="",-1000,(O2-TODAY()))) -> -1000
P3: =IF(AND(A3="",B3="",C3=""),"",IF(O3="",-1000,(O3-TODAY())))
P4: =IF(AND(A4="",B4="",C4=""),"",IF(O4="",-1000,(O4-TODAY())))
P5: =IF(AND(A5="",B5="",C5=""),"",IF(O5="",-1000,(O5-TODAY())))
P6: =IF(AND(A6="",B6="",C6=""),"",IF(O6="",-1000,(O6-TODAY())))
P7: =IF(AND(A7="",B7="",C7=""),"",IF(O7="",-1000,(O7-TODAY())))
P8: =IF(AND(A8="",B8="",C8=""),"",IF(O8="",-1000,(O8-TODAY())))
P9: =IF(AND(A9="",B9="",C9=""),"",IF(O9="",-1000,(O9-TODAY())))
P10: =IF(AND(A10="",B10="",C10=""),"",IF(O10="",-1000,(O10-TODAY())))
P11: =IF(AND(A11="",B11="",C11=""),"",IF(O11="",-1000,(O11-TODAY())))
P12: =IF(AND(A12="",B12="",C12=""),"",IF(O12="",-1000,(O12-TODAY())))
P13: =IF(AND(A13="",B13="",C13=""),"",IF(O13="",-1000,(O13-TODAY())))
P14: =IF(AND(A14="",B14="",C14=""),"",IF(O14="",-1000,(O14-TODAY())))
... P40: =IF(AND(A40="",B40="",C40=""),"",IF(O40="",-1000,(O40-TODAY())))

Sheet børnehaven kahytten
A1: Adresse | B1: Navn | C1: Placering på anlæg | D1: Anlægsnr. | E1: Leverandør | F1: Type | G1: Årstal for opsætning | H1: Gammel filter nr | I1: Nyt filter nr | J1: Antal filtre | K1: Str på filter | L1: Styring | M1: Frostsikring | N1: Luftmængde (Vent-ordning) | O1: Dato for filterskifte | P1: Dage siden skift | Q1: Person som har skiftet filtret | R1: Dato på eftersyn (VENT-ordning) | S1: Kommentar. / Anmærkninger | T1: Service | U1: Hvornår udløber kontrakt
B2: Kahytten | P2: =IF(AND(A2="",B2="",C2=""),"",IF(O2="",-1000,(O2-TODAY()))) -> -1000
P3: =IF(AND(A3="",B3="",C3=""),"",IF(O3="",-1000,(O3-TODAY())))
P4: =IF(AND(A4="",B4="",C4=""),"",IF(O4="",-1000,(O4-TODAY())))
P5: =IF(AND(A5="",B5="",C5=""),"",IF(O5="",-1000,(O5-TODAY())))
P6: =IF(AND(A6="",B6="",C6=""),"",IF(O6="",-1000,(O6-TODAY())))
P7: =IF(AND(A7="",B7="",C7=""),"",IF(O7="",-1000,(O7-TODAY())))
P8: =IF(AND(A8="",B8="",C8=""),"",IF(O8="",-1000,(O8-TODAY())))
P9: =IF(AND(A9="",B9="",C9=""),"",IF(O9="",-1000,(O9-TODAY())))
P10: =IF(AND(A10="",B10="",C10=""),"",IF(O10="",-1000,(O10-TODAY())))
P11: =IF(AND(A11="",B11="",C11=""),"",IF(O11="",-1000,(O11-TODAY())))
P12: =IF(AND(A12="",B12="",C12=""),"",IF(O12="",-1000,(O12-TODAY())))
P13: =IF(AND(A13="",B13="",C13=""),"",IF(O13="",-1000,(O13-TODAY())))
P14: =IF(AND(A14="",B14="",C14=""),"",IF(O14="",-1000,(O14-TODAY())))
... P25: =IF(AND(A25="",B25="",C25=""),"",IF(O25="",-1000,(O25-TODAY())))

Sheet rolfsted skole
A1: Adresse | B1: Navn | C1: Placering på anlæg | D1: Anlægsnr. | E1: Leverandør | F1: Type | G1: Årstal for opsætning | H1: Gammel filter nr | I1: Nyt filter nr | J1: Antal filtre | K1: Str på filter | L1: Styring | M1: Frostsikring | N1: Luftmængde (Vent-ordning) | O1: Dato for filterskifte | P1: Dage siden skift | Q1: Person som har skiftet filtret | R1: Dato på eftersyn (VENT-ordning) | S1: Kommentar. / Anmærkninger | T1: Service | U1: Hvornår udløber kontrakt
A2: Skolevej 16 5863 Ferritrslev | B2: Rolfsted skole | C2: Loftet | D2: 112390/02 | F2: VEX140HR EC | H2: P210353503 | I2: P210353503 | O2: 45670 | P2: =IF(AND(A2="",B2="",C2=""),"",IF(O2="",-1000,(O2-TODAY()))) -> -367
A3: Skolevej 16 5863 Ferritrslev | B3: Rolfsted skole | C3: Loftet | D3: 132981/02 | F3: VEX140HR EC | H3: P210349759 | I3: P210349759 | O3: 45670 | P3: =IF(AND(A3="",B3="",C3=""),"",IF(O3="",-1000,(O3-TODAY()))) -> -367
A4: Skolevej 16 5863 Ferritrslev | B4: Rolfsted skole | C4: Fyrrum | D4: 5614 | F4: DKAR2 | O4: 45670 | P4: =IF(AND(A4="",B4="",C4=""),"",IF(O4="",-1000,(O4-TODAY()))) -> -367
A5: Skolevej 16 5863 Ferritrslev | B5: Rolfsted skole | C5: Loftet | D5: P185611/99 | F5: VEX3.5-4-1MPR EVR57-3V/G2 | H5: P210349759 | I5: P210349759 | O5: 45670 | P5: =IF(AND(A5="",B5="",C5=""),"",IF(O5="",-1000,(O5-TODAY()))) -> -367
A6: Skolevej 16 5863 Ferritrslev | B6: Rolfsted skole | C6: Loftet | D6: 5613 | F6: DKAR2 | H6: P200854652 | I6: P200868178 | O6: 45670 | P6: =IF(AND(A6="",B6="",C6=""),"",IF(O6="",-1000,(O6-TODAY()))) -> -367
P7: =IF(AND(A7="",B7="",C7=""),"",IF(O7="",-1000,(O7-TODAY())))
A8: Skolevej 16 5863 Ferritslev | B8: Rolfsted skole | C8: Overbygning | D8: VE 03 Overbyg. | F8: VEX140HR EC | K8: 490-592-520-25 | O8: 45670 | P8: =IF(AND(A8="",B9="",C8=""),"",IF(O8="",-1000,(O8-TODAY()))) -> -367
A9: Skolevej 16 5863 Ferritslev | B9: Rolfsted skole | C9: Gym kælder | D9: VE05 GYM Kælder | F9: WEX140HR EC | K9: 287-592-520-25 | O9: 45670 | P9: =IF(AND(A9="",B10="",C9=""),"",IF(O9="",-1000,(O9-TODAY()))) -> -367
A10: Skolevej 16 5863 Ferritslev | B10: Rolfsted skole | C10: ved gym kælder | D10: DKAR VE05 | K10: 592-592-520-25 | O10: 45670 | P10: =IF(AND(A10="",B11="",C10=""),"",IF(O10="",-1000,(O10-TODAY()))) -> -367
A11: skolevej 16 5863 Ferritslev | B11: Rolfsted skole | C11: Fag lokale Bygning 2 | D11: VE01 | F11: VEX3.5.4-1MPR EVR57-V3R57G2 | K11: 645-490-96 | O11: 45670 | P11: =IF(AND(A11="",B12="",C11=""),"",IF(O11="",-1000,(O11-TODAY()))) -> -367
A12: Skolevej 16 5863 Ferritslev | B12: Rolfsted skole | C12: Fysik | D12: VE04 | F12: DKAR2 | O12: 45670 | P12: =IF(AND(A12="",B13="",C12=""),"",IF(O12="",-1000,(O12-TODAY()))) -> -367
A13: Skolevej 16 5863 Ferritslev | B13: Rolfsted skole | C13: Overbygning | D13: VE 03 Overbyg. | F13: VEX140HR EC | P13: =IF(AND(A13="",B14="",C13=""),"",IF(O13="",-1000,(O13-TODAY()))) -> -1000 | Q13: ki | R13: 45979
A14: Skolevej 16 5863 Ferritslev | B14: Rolfsted skole | C14: Gym kælder | D14: VE05 GYM Kælder | F14: WEX140HR EC | Q14: ki | R14: 45979
A15: Skolevej 16 5863 Ferritslev | B15: Rolfsted skole | C15: ved gym kælder | D15: DKAR VE05 | Q15: ki | R15: 45979
A16: Skolevej 16 5863 Ferritslev | B16: Rolfsted skole | C16: Fag lokale Bygning 2 | D16: VE01 | F16: VEX140HR EC | Q16: ki | R16: 45979
A17: Skolevej 16 5863 Ferritslev | B17: Rolfsted skole | C17: Fysik | D17: VE04 | F17: DKAR2 | Q17: ki | R17: 45979
P19: =IF(AND(A19="",B20="",C19=""),"",IF(O19="",-1000,(O19-TODAY())))
P20: =IF(AND(A20="",B21="",C20=""),"",IF(O20="",-1000,(O20-TODAY())))
P21: =IF(AND(A21="",B22="",C21=""),"",IF(O21="",-1000,(O21-TODAY())))
P22: =IF(AND(A22="",B23="",C22=""),"",IF(O22="",-1000,(O22-TODAY())))
P23: =IF(AND(A23="",B24="",C23=""),"",IF(O23="",-1000,(O23-TODAY())))
P24: =IF(AND(A24="",B25="",C24=""),"",IF(O24="",-1000,(O24-TODAY())))
P25: =IF(AND(A25="",B26="",C25=""),"",IF(O25="",-1000,(O25-TODAY())))
P26: =IF(AND(A26="",B27="",C26=""),"",IF(O26="",-1000,(O26-TODAY())))
P27: =IF(AND(A27="",B28="",C27=""),"",IF(O27="",-1000,(O27-TODAY())))
P28: =IF(AND(A28="",B29="",C28=""),"",IF(O28="",-1000,(O28-TODAY())))
P29: =IF(AND(A29="",B30="",C29=""),"",IF(O29="",-1000,(O29-TODAY())))
P30: =IF(AND(A30="",B31="",C30=""),"",IF(O30="",-1000,(O30-TODAY())))
... P42: =IF(AND(A42="",B43="",C42=""),"",IF(O42="",-1000,(O42-TODAY())))

Sheet kernehuset
A1: Adresse | B1: Navn | C1: Placering på anlæg | D1: Anlægsnr. | E1: Leverandør | F1: Type | G1: Årstal for opsætning | H1: Gammel filter nr | I1: Nyt filter nr | J1: Antal filtre | K1: Str på filter | L1: Styring | M1: Frostsikring | N1: Luftmængde (Vent-ordning) | O1: Dato for filterskifte | P1: Dage siden skift | Q1: Person som har skiftet filtret | R1: Dato på eftersyn (VENT-ordning) | S1: Kommentar. / Anmærkninger | T1: Service | U1: Hvornår udløber kontrakt
A2: Sdr. Højrupvejen 97 A, 5750 Ringe | B2: Søllinge skole-Kernehuset | C2: Oppe på taget, hovedindgang, børnehaven | H2: 210949-L | I2: 1104772 | J2: 2 | K2: 520x835x96 | O2: 45678 | P2: =IF(AND(A2="",B2="",C2=""),"",IF(O2="",-1000,(O2-TODAY()))) -> -359 | Q2: Camilla
P3: =IF(AND(A3="",B3="",C3=""),"",IF(O3="",-1000,(O3-TODAY())))
P4: =IF(AND(A4="",B4="",C4=""),"",IF(O4="",-1000,(O4-TODAY())))
P5: =IF(AND(A5="",B5="",C5=""),"",IF(O5="",-1000,(O5-TODAY())))
P6: =IF(AND(A6="",B6="",C6=""),"",IF(O6="",-1000,(O6-TODAY())))
P7: =IF(AND(A7="",B7="",C7=""),"",IF(O7="",-1000,(O7-TODAY())))
P8: =IF(AND(A8="",B8="",C8=""),"",IF(O8="",-1000,(O8-TODAY())))
P9: =IF(AND(A9="",B9="",C9=""),"",IF(O9="",-1000,(O9-TODAY())))
P10: =IF(AND(A10="",B10="",C10=""),"",IF(O10="",-1000,(O10-TODAY())))
P11: =IF(AND(A11="",B11="",C11=""),"",IF(O11="",-1000,(O11-TODAY())))
P12: =IF(AND(A12="",B12="",C12=""),"",IF(O12="",-1000,(O12-TODAY())))
P13: =IF(AND(A13="",B13="",C13=""),"",IF(O13="",-1000,(O13-TODAY())))
P14: =IF(AND(A14="",B14="",C14=""),"",IF(O14="",-1000,(O14-TODAY())))
... P62: =IF(AND(A62="",B62="",C62=""),"",IF(O62="",-1000,(O62-TODAY())))

Sheet symfonien
A1: Adresse | B1: Navn | C1: Placering på anlæg | D1: Anlægsnr. | E1: Leverandør | F1: Type | G1: Årstal for opsætning | H1: Gammel filter nr | I1: Nyt filter nr | J1: Antal filtre | K1: Str på filter | L1: Styring | M1: Frostsikring | N1: Luftmængde (Vent-ordning) | O1: Dato for filterskifte | P1: Dage siden skift | Q1: Person som har skiftet filtret | R1: Dato på eftersyn (VENT-ordning) | S1: Kommentar. / Anmærkninger | T1: Service | U1: Hvornår udløber kontrakt
P2: =IF(AND(A2="",B2="",C2=""),"",IF(O2="",-1000,(O2-TODAY())))
P3: =IF(AND(A3="",B3="",C3=""),"",IF(O3="",-1000,(O3-TODAY())))
P4: =IF(AND(A4="",B4="",C4=""),"",IF(O4="",-1000,(O4-TODAY())))
P5: =IF(AND(A5="",B5="",C5=""),"",IF(O5="",-1000,(O5-TODAY())))
P6: =IF(AND(A6="",B6="",C6=""),"",IF(O6="",-1000,(O6-TODAY())))
P7: =IF(AND(A7="",B7="",C7=""),"",IF(O7="",-1000,(O7-TODAY())))
P8: =IF(AND(A8="",B8="",C8=""),"",IF(O8="",-1000,(O8-TODAY())))
P9: =IF(AND(A9="",B9="",C9=""),"",IF(O9="",-1000,(O9-TODAY())))
P10: =IF(AND(A10="",B10="",C10=""),"",IF(O10="",-1000,(O10-TODAY())))
P11: =IF(AND(A11="",B11="",C11=""),"",IF(O11="",-1000,(O11-TODAY())))
P12: =IF(AND(A12="",B12="",C12=""),"",IF(O12="",-1000,(O12-TODAY())))
P13: =IF(AND(A13="",B13="",C13=""),"",IF(O13="",-1000,(O13-TODAY())))
... P31: =IF(AND(A31="",B31="",C31=""),"",IF(O31="",-1000,(O31-TODAY())))

Sheet ringe tandklinik
A1: Adresse | B1: Navn | C1: Placering på anlæg | D1: Anlægsnr. | E1: Leverandør | F1: Type | G1: Årstal for opsætning | H1: Gammel filter nr | I1: Nyt filter nr | J1: Antal filtre | K1: Str på filter | L1: Styring | M1: Frostsikring | N1: Luftmængde (Vent-ordning) | O1: Dato for filterskifte | P1: Dage siden skift | Q1: Person som har skiftet filtret | R1: Dato på eftersyn (VENT-ordning) | S1: Kommentar. / Anmærkninger | T1: Service | U1: Hvornår udløber kontrakt
P2: =IF(AND(A2="",B2="",C2=""),"",IF(O2="",-1000,(O2-TODAY())))
P3: =IF(AND(A3="",B3="",C3=""),"",IF(O3="",-1000,(O3-TODAY())))
P4: =IF(AND(A4="",B4="",C4=""),"",IF(O4="",-1000,(O4-TODAY())))
P5: =IF(AND(A5="",B5="",C5=""),"",IF(O5="",-1000,(O5-TODAY())))
P6: =IF(AND(A6="",B6="",C6=""),"",IF(O6="",-1000,(O6-TODAY())))
P7: =IF(AND(A7="",B7="",C7=""),"",IF(O7="",-1000,(O7-TODAY())))
P8: =IF(AND(A8="",B8="",C8=""),"",IF(O8="",-1000,(O8-TODAY())))
P9: =IF(AND(A9="",B9="",C9=""),"",IF(O9="",-1000,(O9-TODAY())))
P10: =IF(AND(A10="",B10="",C10=""),"",IF(O10="",-1000,(O10-TODAY())))
P11: =IF(AND(A11="",B11="",C11=""),"",IF(O11="",-1000,(O11-TODAY())))
P12: =IF(AND(A12="",B12="",C12=""),"",IF(O12="",-1000,(O12-TODAY())))
P13: =IF(AND(A13="",B13="",C13=""),"",IF(O13="",-1000,(O13-TODAY())))
... P36: =IF(AND(A36="",B36="",C36=""),"",IF(O36="",-1000,(O36-TODAY())))

Sheet nordagerskolen
A1: Adresse | B1: Navn | C1: Placering på anlæg | D1: Anlægsnr. | E1: Leverandør | F1: Type | G1: Årstal for opsætning | H1: Gammel filter nr | I1: Nyt filter nr | J1: Antal filtre | K1: Str på filter | L1: Styring | M1: Frostsikring | N1: Luftmængde (Vent-ordning) | O1: Dato for filterskifte | P1: Dage siden skift | Q1: Person som har skiftet filtret | R1: Dato på eftersyn (VENT-ordning) | S1: Kommentar. / Anmærkninger | T1: Service | U1: Hvornår udløber kontrakt
B2: Nordagerskolen | P2: =IF(AND(A2="",B2="",C2=""),"",IF(O2="",-1000,(O2-TODAY()))) -> -1000
P3: =IF(AND(A3="",B3="",C3=""),"",IF(O3="",-1000,(O3-TODAY())))
P4: =IF(AND(A4="",B4="",C4=""),"",IF(O4="",-1000,(O4-TODAY())))
P5: =IF(AND(A5="",B5="",C5=""),"",IF(O5="",-1000,(O5-TODAY())))
P6: =IF(AND(A6="",B6="",C6=""),"",IF(O6="",-1000,(O6-TODAY())))
P7: =IF(AND(A7="",B7="",C7=""),"",IF(O7="",-1000,(O7-TODAY())))
P8: =IF(AND(A8="",B8="",C8=""),"",IF(O8="",-1000,(O8-TODAY())))
P9: =IF(AND(A9="",B9="",C9=""),"",IF(O9="",-1000,(O9-TODAY())))
P10: =IF(AND(A10="",B10="",C10=""),"",IF(O10="",-1000,(O10-TODAY())))
P11: =IF(AND(A11="",B11="",C11=""),"",IF(O11="",-1000,(O11-TODAY())))
P12: =IF(AND(A12="",B12="",C12=""),"",IF(O12="",-1000,(O12-TODAY())))
P13: =IF(AND(A13="",B13="",C13=""),"",IF(O13="",-1000,(O13-TODAY())))
P14: =IF(AND(A14="",B14="",C14=""),"",IF(O14="",-1000,(O14-TODAY())))
... P51: =IF(AND(A51="",B51="",C51=""),"",IF(O51="",-1000,(O51-TODAY())))

Sheet nøddehøj
A1: Adresse | B1: Navn | C1: Placering på anlæg | D1: Anlægsnr. | E1: Leverandør | F1: Type | G1: Årstal for opsætning | H1: Gammel filter nr | I1: Nyt filter nr | J1: Antal filtre | K1: Str på filter | L1: Styring | M1: Frostsikring | N1: Luftmængde (Vent-ordning) | O1: Dato for filterskifte | P1: Dage siden skift | Q1: Person som har skiftet filtret | R1: Dato på eftersyn (VENT-ordning) | S1: Kommentar. / Anmærkninger | T1: Service | U1: Hvornår udløber kontrakt
A2: Overvejen 70 5792 Årslev | B2: Nøddehøj | C2: Loftet | D2: VEX3.5.4 -1MPR | E2: Exhausto | F2: V240H1FC1 | G2: 2008 | H2: 11044747 | I2: 1144747 | J2: 2 | K2: 490-450-48 | O2: 45413 | P2: =IF(AND(A2="",B2="",C2=""),"",IF(O2="",-1000,(O2-TODAY()))) -> -624
A3: Overvejen 70 5792 Årslev | B3: Nøddehøj | E3: Exhausto | F3: V240H1FC1 | K3: 755-500-96 | O3: 45662 | P3: =IF(AND(A3="",B3="",C3=""),"",IF(O3="",-1000,(O3-TODAY()))) -> -375
A4: Overvejen 70 5792 Årslev | B4: Nøddehøj Børnehave | C4: Loftet | D4: Exhausto | E4: VENT ORDNINGEN | F4: V240H1FC1 | G4: 2008 | H4: 11044747 | I4: 1104747 | J4: 2 | K4: 755-500-96 | O4: 45662 | P4: =IF(AND(A4="",B4="",C4=""),"",IF(O4="",-1000,(O4-TODAY()))) -> -375 | Q4: KI
A5: Overvejen 70 5792 Årslev | B5: Nøddehøj Børnehave | C5: Loftet | D5: VEX3.5.4 -1MPR | E5: Exhausto | F5: V240H1FC1 | G5: 2008 | P5: =IF(AND(A5="",B5="",C5=""),"",IF(O5="",-1000,(O5-TODAY()))) -> -1000 | T5: 45978
P6: =IF(AND(A6="",B6="",C6=""),"",IF(O6="",-1000,(O6-TODAY())))
P7: =IF(AND(A7="",B7="",C7=""),"",IF(O7="",-1000,(O7-TODAY())))
P8: =IF(AND(A8="",B8="",C8=""),"",IF(O8="",-1000,(O8-TODAY())))
P9: =IF(AND(A9="",B9="",C9=""),"",IF(O9="",-1000,(O9-TODAY())))
P10: =IF(AND(A10="",B10="",C10=""),"",IF(O10="",-1000,(O10-TODAY())))
P11: =IF(AND(A11="",B11="",C11=""),"",IF(O11="",-1000,(O11-TODAY())))
P12: =IF(AND(A12="",B12="",C12=""),"",IF(O12="",-1000,(O12-TODAY())))
P13: =IF(AND(A13="",B13="",C13=""),"",IF(O13="",-1000,(O13-TODAY())))
P14: =IF(AND(A14="",B14="",C14=""),"",IF(O14="",-1000,(O14-TODAY())))
P15: =IF(AND(A15="",B15="",C15=""),"",IF(O15="",-1000,(O15-TODAY())))
P16: =IF(AND(A16="",B16="",C16=""),"",IF(O16="",-1000,(O16-TODAY())))
P17: =IF(AND(A17="",B17="",C17=""),"",IF(O17="",-1000,(O17-TODAY())))
... P31: =IF(AND(A31="",B31="",C31=""),"",IF(O31="",-1000,(O31-TODAY())))

Sheet bøgehaven børnehave
A1: Adresse | B1: Navn | C1: Placering på anlæg | D1: Anlægsnr. | E1: Leverandør | F1: Type | G1: Årstal for opsætning | H1: Gammel filter nr | I1: Nyt filter nr | J1: Antal filtre | K1: Str på filter | L1: Styring | M1: Frostsikring | N1: Luftmængde (Vent-ordning) | O1: Dato for filterskifte | P1: Dage siden skift | Q1: Person som har skiftet filtret | R1: Dato på eftersyn (VENT-ordning) | S1: Kommentar. / Anmærkninger | T1: Service | U1: Hvornår udløber kontrakt
A2: Overvejen 62 | B2: Bøgehaven | C2: Loftet | D2: Vex 140 4L EL | E2: VENT ORDNING | F2: HJ Ventalition | G2: 2004 | H2: 1104734 | I2: 1104734 | J2: 2 | K2: 630-340-96 | O2: 45662 | P2: =IF(AND(A2="",B2="",C2=""),"",IF(O2="",-1000,(O2-TODAY()))) -> -375
A3: Overvejen 62 | B3: Bøgehaven | D3: Vex 140 4L EL | K3: 630-340-96 | O3: 45662 | P3: =IF(AND(A3="",B3="",C3=""),"",IF(O3="",-1000,(O3-TODAY()))) -> -375
A4: Overvejen 62 5792 Årslev | B4: Bøgehaven Børnehave | C4: Loftet | D4: Vex 140 4L EL | E4: VENT ORDNINGEN | F4: HJ Ventalition | G4: 2004 | H4: 1104734 | I4: 1104734 | J4: 2 | K4: 630-340-96 | O4: 45662 | P4: =IF(AND(A4="",B4="",C4=""),"",IF(O4="",-1000,(O4-TODAY()))) -> -375 | Q4: KI
A5: Overvejen 62 5792 Årslev | C5: Loftet | D5: Vex 140 4L EL | E5: VENT ORDNINGEN | F5: HJ Ventalition | G5: 2004 | P5: =IF(AND(A5="",B5="",C5=""),"",IF(O5="",-1000,(O5-TODAY()))) -> -1000 | T5: 45986
P6: =IF(AND(A6="",B6="",C6=""),"",IF(O6="",-1000,(O6-TODAY())))
P7: =IF(AND(A7="",B7="",C7=""),"",IF(O7="",-1000,(O7-TODAY())))
P8: =IF(AND(A8="",B8="",C8=""),"",IF(O8="",-1000,(O8-TODAY())))
P9: =IF(AND(A9="",B9="",C9=""),"",IF(O9="",-1000,(O9-TODAY())))
P10: =IF(AND(A10="",B10="",C10=""),"",IF(O10="",-1000,(O10-TODAY())))
P11: =IF(AND(A11="",B11="",C11=""),"",IF(O11="",-1000,(O11-TODAY())))
P12: =IF(AND(A12="",B12="",C12=""),"",IF(O12="",-1000,(O12-TODAY())))
P13: =IF(AND(A13="",B13="",C13=""),"",IF(O13="",-1000,(O13-TODAY())))
P14: =IF(AND(A14="",B14="",C14=""),"",IF(O14="",-1000,(O14-TODAY())))
P15: =IF(AND(A15="",B15="",C15=""),"",IF(O15="",-1000,(O15-TODAY())))
P16: =IF(AND(A16="",B16="",C16=""),"",IF(O16="",-1000,(O16-TODAY())))
P17: =IF(AND(A17="",B17="",C17=""),"",IF(O17="",-1000,(O17-TODAY())))
... P31: =IF(AND(A31="",B31="",C31=""),"",IF(O31="",-1000,(O31-TODAY())))

Sheet rådhus fåborg
A1: Adresse | B1: Navn | C1: Placering på anlæg | D1: Anlægsnr. | E1: Leverandør | F1: Type | G1: Årstal for opsætning | H1: Gammel filter nr | I1: Nyt filter nr | J1: Antal filtre | K1: Str på filter | L1: Styring | M1: Frostsikring | N1: Luftmængde (Vent-ordning) | O1: Dato for filterskifte | P1: Dage siden skift | Q1: Person som har skiftet filtret | R1: Dato på eftersyn (VENT-ordning) | S1: Kommentar. / Anmærkninger | T1: Service | U1: Hvornår udløber kontrakt
A2: Mellemgade 15 | B2: Adm. Faaborg | C2: Vent. 69 kælder | H2: 1007368 | I2: 1007368 | J2: 4 | M2: ja | O2: 45575 | P2: =IF(AND(A2="",B2="",C2=""),"",IF(O2="",-1000,(O2-TODAY()))) -> -462 | Q2: Iver Haas | S2: CTS
A3: Mellemgade 16 | B3: Adm. Faaborg | C3: Vent 78 kælder | H3: 1007426 | I3: 1007426 | J3: 4 | O3: 45575 | P3: =IF(AND(A3="",B3="",C3=""),"",IF(O3="",-1000,(O3-TODAY()))) -> -462 | Q3: Iver Haas | S3: CTS
P4: =IF(AND(A4="",B4="",C4=""),"",IF(O4="",-1000,(O4-TODAY())))
A5: Mellemgade 18 | B5: Adm. Faaborg | C5: Vernt. kælderanlæg | J5: 4 | M5: Ja | O5: 45575 | P5: =IF(AND(A5="",B5="",C5=""),"",IF(O5="",-1000,(O5-TODAY()))) -> -462 | Q5: Iver Haas | S5: CTS
A6: Mellemgade 19 | B6: Adm. Faaborg | C6: Vent. 96 1. sal | J6: 4 | O6: 45575 | P6: =IF(AND(A6="",B6="",C6=""),"",IF(O6="",-1000,(O6-TODAY()))) -> -462 | S6: CTS
P7: =IF(AND(A7="",B7="",C7=""),"",IF(O7="",-1000,(O7-TODAY())))
A8: Mellemgade 21 | B8: Adm. Faaborg | C8: Vent. kantine på loft | J8: 4 | M8: Ja | O8: 45575 | P8: =IF(AND(A8="",B8="",C8=""),"",IF(O8="",-1000,(O8-TODAY()))) -> -462 | Q8: Iver Haas | S8: CTS
A9: Mellemgade 22 | B9: Adm. Faaborg | C9: Vent. M20 på loft | J9: 4 | O9: 45575 | P9: =IF(AND(A9="",B9="",C9=""),"",IF(O9="",-1000,(O9-TODAY()))) -> -462 | Q9: Iver Haas | S9: CTS
P10: =IF(AND(A10="",B10="",C10=""),"",IF(O10="",-1000,(O10-TODAY())))
P11: =IF(AND(A11="",B11="",C11=""),"",IF(O11="",-1000,(O11-TODAY())))
P12: =IF(AND(A12="",B12="",C12=""),"",IF(O12="",-1000,(O12-TODAY())))
P13: =IF(AND(A13="",B13="",C13=""),"",IF(O13="",-1000,(O13-TODAY())))
P14: =IF(AND(A14="",B14="",C14=""),"",IF(O14="",-1000,(O14-TODAY())))
P15: =IF(AND(A15="",B15="",C15=""),"",IF(O15="",-1000,(O15-TODAY())))
P16: =IF(AND(A16="",B16="",C16=""),"",IF(O16="",-1000,(O16-TODAY())))
P17: =IF(AND(A17="",B17="",C17=""),"",IF(O17="",-1000,(O17-TODAY())))
P18: =IF(AND(A18="",B18="",C18=""),"",IF(O18="",-1000,(O18-TODAY())))
P19: =IF(AND(A19="",B19="",C19=""),"",IF(O19="",-1000,(O19-TODAY())))
P20: =IF(AND(A20="",B20="",C20=""),"",IF(O20="",-1000,(O20-TODAY())))
P21: =IF(AND(A21="",B21="",C21=""),"",IF(O21="",-1000,(O21-TODAY())))
... P30: =IF(AND(A30="",B30="",C30=""),"",IF(O30="",-1000,(O30-TODAY())))

Sheet NØRREVÆNGET
A1: Adresse | B1: Navn | C1: Placering på anlæg | D1: Anlægsnr. | E1: Leverandør | F1: Type | G1: Årstal for opsætning | H1: Gammel filter nr | I1: Nyt filter nr | J1: Antal filtre | K1: Str på filter | L1: Styring | M1: Frostsikring | N1: Luftmængde (Vent-ordning) | O1: Dato for filterskifte | P1: Dage siden skift | Q1: Person som har skiftet filtret | R1: Dato på eftersyn (VENT-ordning) | S1: Kommentar. / Anmærkninger | T1: Service | U1: Hvornår udløber kontrakt
A2: Nørrevænget | B2: Nørrevænget | C2: kælder | I2: 1013121 | J2: 2 | K2: 592*592*520 | O2: 45727 | P2: =IF(AND(A2="",B2="",C2=""),"",IF(O2="",-1000,(O2-TODAY()))) -> -310 | Q2: TOM | R2: 45727 | U2: Ingen
A3: Nørrevænget | B3: Nørrevænget | I3: 1013563 | J3: 1 | K3: 287*592*520 | O3: 45727 | P3: =IF(AND(A3="",B3="",C3=""),"",IF(O3="",-1000,(O3-TODAY()))) -> -310 | Q3: TOM | R3: 45727
A4: Nørrevænget | B4: Nørrevænget | I4: 1007971 | J4: 2 | K4: 592*892*520 | O4: 45727 | P4: =IF(AND(A4="",B4="",C4=""),"",IF(O4="",-1000,(O4-TODAY()))) -> -310 | Q4: TOM | R4: 45727
A5: Nørrevænget | B5: Nørrevænget | I5: 1013212 | J5: 2 | K5: 592*287*520 | O5: 45727 | P5: =IF(AND(A5="",B5="",C5=""),"",IF(O5="",-1000,(O5-TODAY()))) -> -310 | Q5: TOM | R5: 45727
P6: =IF(AND(A6="",B6="",C6=""),"",IF(O6="",-1000,(O6-TODAY())))
P7: =IF(AND(A7="",B7="",C7=""),"",IF(O7="",-1000,(O7-TODAY())))
P8: =IF(AND(A8="",B8="",C8=""),"",IF(O8="",-1000,(O8-TODAY())))
P9: =IF(AND(A9="",B9="",C9=""),"",IF(O9="",-1000,(O9-TODAY())))
P10: =IF(AND(A10="",B10="",C10=""),"",IF(O10="",-1000,(O10-TODAY())))
P11: =IF(AND(A11="",B11="",C11=""),"",IF(O11="",-1000,(O11-TODAY())))
P12: =IF(AND(A12="",B12="",C12=""),"",IF(O12="",-1000,(O12-TODAY())))
P13: =IF(AND(A13="",B13="",C13=""),"",IF(O13="",-1000,(O13-TODAY())))
P14: =IF(AND(A14="",B14="",C14=""),"",IF(O14="",-1000,(O14-TODAY())))
P15: =IF(AND(A15="",B15="",C15=""),"",IF(O15="",-1000,(O15-TODAY())))
P16: =IF(AND(A16="",B16="",C16=""),"",IF(O16="",-1000,(O16-TODAY())))
P17: =IF(AND(A17="",B17="",C17=""),"",IF(O17="",-1000,(O17-TODAY())))
... P50: =IF(AND(A50="",B50="",C50=""),"",IF(O50="",-1000,(O50-TODAY())))

Sheet jobcenter
A1: Adresse | B1: Navn | C1: Placering på anlæg | D1: Anlægsnr. | E1: Leverandør | F1: Type | G1: Årstal for opsætning | H1: Gammel filter nr | I1: Nyt filter nr | J1: Antal filtre | K1: Str på filter | L1: Styring | M1: Frostsikring | N1: Luftmængde (Vent-ordning) | O1: Dato for filterskifte | P1: Dage siden skift | Q1: Person som har skiftet filtret | R1: Dato på eftersyn (VENT-ordning) | S1: Kommentar. / Anmærkninger | T1: Service | U1: Hvornår udløber kontrakt
A2: Lindevej 5 Ringe | B2: Jobcentre | C2: Postrum | D2: v320clec 22 | F2: 2560695 | G2: 2017 | I2: 1104839 | J2: 1 | O2: 45797 | P2: =IF(AND(A2="",B2="",C2=""),"",IF(O2="",-1000,(O2-TODAY()))) -> -240
A3: Lindevej 5 Ringe | B3: Jobcentre | I3: 1103491 | J3: 1 | O3: 45797 | P3: =IF(AND(A3="",B3="",C3=""),"",IF(O3="",-1000,(O3-TODAY()))) -> -240
A4: Lindevej 5 Ringe | B4: Jobcentre | C4: Tag | D4: vex 240 | I4: 1104747 | J4: 2 | O4: 45797 | P4: =IF(AND(A4="",B4="",C4=""),"",IF(O4="",-1000,(O4-TODAY()))) -> -240
A5: Lindevej 5 Ringe | B5: Jobcentre | C5: Loft | D5: vex1,5-4-1 | F5: mpr evr37 | G5: sre/g2 | I5: 1104741 | J5: 1 | O5: 45797 | P5: =IF(AND(A5="",B5="",C5=""),"",IF(O5="",-1000,(O5-TODAY()))) -> -240
A6: Lindevej 5 Ringe | B6: Jobcentre | I6: g2 måtte | J6: 1 | O6: 45797 | P6: =IF(AND(A6="",B6="",C6=""),"",IF(O6="",-1000,(O6-TODAY()))) -> -240
A7: Lindevej 5 Ringe | B7: Jobcentre | C7: LOft | D7: vex1,5-4-1mpr evr | F7: sre/gs | I7: 1104917 | J7: 1 | O7: 45797 | P7: =IF(AND(A7="",B7="",C7=""),"",IF(O7="",-1000,(O7-TODAY()))) -> -240
A8: Lindevej 5 Ringe | B8: Jobcentre | C8: loft | D8: vex 2,5 mpr evr 57-3e/g2 | I8: 1104864 | J8: 1 | O8: 45797 | P8: =IF(AND(A8="",C8="",D8=""),"",IF(O8="",-1000,(O8-TODAY()))) -> -240
A9: Lindevej 5 Ringe | B9: Jobcentre | I9: 1104762 | J9: 1 | O9: 45797 | P9: =IF(AND(A9="",B9="",C9=""),"",IF(O9="",-1000,(O9-TODAY()))) -> -240
A10: Lindevej 5 Ringe | B10: Jobcentre | C10: loft | D10: vex140hl ec 30757/01 | I10: 1103485 | J10: 1 | O10: 45797 | P10: =IF(AND(A10="",C10="",D10=""),"",IF(O10="",-1000,(O10-TODAY()))) -> -240
A11: Lindevej 5 Ringe | B11: Jobcentre | C11: loft | D11: vex140hl ec 30757/02 | I11: 1104781 | J11: 1 | O11: 45797 | P11: =IF(AND(A11="",B11="",C11=""),"",IF(O11="",-1000,(O11-TODAY()))) -> -240
A12: Lindevej 5 Ringe | B12: Jobcentre | C12: loft | D12: vex2,5-4-1 p054002 | I12: 1104762 | J12: 1 | O12: 45797 | P12: =IF(AND(A12="",C12="",D12=""),"",IF(O12="",-1000,(O12-TODAY()))) -> -240
A13: Lindevej 5 Ringe | B13: Jobcentre | C13: loft | D13: vex2,5-4-1 p054003 | I13: 1104864 | J13: 1 | O13: 45797 | P13: =IF(AND(A13="",C13="",D13=""),"",IF(O13="",-1000,(O13-TODAY()))) -> -240
A14: Lindevej 5 Ringe | B14: Jobcentre | C14: loft | D14: vex2r-4-1 evr675r | I14: 1127539 | O14: 45797 | P14: =IF(AND(A14="",C14="",D14=""),"",IF(O14="",-1000,(O14-TODAY()))) -> -240 | R14: g2 måtte
A15: Lindevej 5 Ringe | B15: Jobcentre | C15: Kælder | D15: Flækt | E15: paba-170-2-2-2-4-1 | I15: 11016595 | J15: 4 | O15: 45804 | P15: =IF(AND(A15="",C15="",D15=""),"",IF(O15="",-1000,(O15-TODAY()))) -> -233
P16: =IF(AND(A16="",C16="",D16=""),"",IF(O16="",-1000,(O16-TODAY())))
P17: =IF(AND(A17="",B17="",C17=""),"",IF(O17="",-1000,(O17-TODAY())))
P18: =IF(AND(A18="",B18="",C18=""),"",IF(O18="",-1000,(O18-TODAY())))
P19: =IF(AND(A19="",B19="",C19=""),"",IF(O19="",-1000,(O19-TODAY())))
P20: =IF(AND(A20="",B20="",C20=""),"",IF(O20="",-1000,(O20-TODAY())))
P21: =IF(AND(A21="",B21="",C21=""),"",IF(O21="",-1000,(O21-TODAY())))
P22: =IF(AND(A22="",B22="",C22=""),"",IF(O22="",-1000,(O22-TODAY())))
P23: =IF(AND(A23="",B23="",C23=""),"",IF(O23="",-1000,(O23-TODAY())))

Sheet Ark7

Sheet Carl Nielsen skolen 
A1: Adresse | B1: Navn | C1: Placering på anlæg | D1: Anlægsnr. | E1: Leverandør | F1: Type | G1: Årstal for opsætning | H1: Gammel filter nr | I1: Nyt filter nr | J1: Antal filtre | K1: Str på filter | L1: Styring | M1: Frostsikring | N1: Luftmængde (Vent-ordning) | O1: Dato for filterskifte | P1: Dage siden skift | Q1: Person som har skiftet filtret | R1: Dato på eftersyn (VENT-ordning) | S1: Kommentar. / Anmærkninger | T1: Service | U1: Hvornår udløber kontrakt
B2: Carl Nielsen Skolen | C2: Kælder på skolen ( PCB Anlæg ) | D2: Link Nordic 1 HCP9600 | E2: HJ Ventilation | G2: 2015 | O2: 45307 | P2: =IF(AND(A2="",B2="",C2=""),"",IF(O2="",-1000,(O2-TODAY()))) -> -730 | Q2: HJ Ventilation
B4: Carl Nielsen Skolen | C4: 1sal på skolen ( PCB Anlæg ) | D4: Link Nordic 2 HCP6200 | E4: HJ Ventilation | G4: 2015 | O4: 45307 | P4: =IF(AND(A4="",B4="",C4=""),"",IF(O4="",-1000,(O4-TODAY()))) -> -730 | Q4: HJ Ventilation
B6: Carl Nielsen Skolen | C6: Skolekøkken | D6: Exhausto VEX140 | E6: HJ Ventilation | G6: 2003 | H6: 23556401- 03 | I6: 1104781 | J6: 1 | O6: 45790 | P6: =IF(AND(A6="",B6="",C6=""),"",IF(O6="",-1000,(O6-TODAY()))) -> -247 | Q6: LH / BOB
B7: Carl Nielsen Skolen | H7: 23576400-06 | I7: 1103485 | J7: 1 | O7: 45342 | P7: =IF(AND(A7="",B7="",C7=""),"",IF(O7="",-1000,(O7-TODAY()))) -> -695 | Q7: Kjeld B Maaløe
B9: Carl Nielsen Skolen | C9: Nordfløjen | D9: Exhausto VEX240 H1FC12 | E9: HJ Ventilation | G9: 2005 | H9: 3255475007-03 | I9: 1104749 | J9: 1 | O9: 45568 | P9: =IF(AND(A9="",B9="",C9=""),"",IF(O9="",-1000,(O9-TODAY()))) -> -469 | Q9: Kjeld B Maaløe | W9: Indsugning høj % eks. 60 %
B10: Carl Nielsen Skolen | H10: 23577502- 02 | I10: 1104747 | J10: 1 | O10: 45343 | P10: =IF(AND(A10="",B10="",C10=""),"",IF(O10="",-1000,(O10-TODAY()))) -> -694 | Q10: Kjeld B Maaløe | W10: Udsugning lav % eks. 50 %
B12: Carl Nielsen Skolen | C12: Tag på skolen | D12: Systemair | E12: Rosenberg | G12: 2018 | H12: KS05 520550 | J12: 2 | O12: 45669 | P12: =IF(AND(A12="",B12="",C12=""),"",IF(O12="",-1000,(O12-TODAY()))) -> -368 | Q12: Rosenberg
B13: Carl Nielsen Skolen | H13: KNG160-5395306 | J13: 2 | K13: F7/490/390/535 | O13: 45669 | P13: =IF(AND(A13="",B13="",C13=""),"",IF(O13="",-1000,(O13-TODAY()))) -> -368 | Q13: Rosenberg
B15: Carl Nielsen Skolen | C15: Tag på skolen | D15: SALDA Amber Air | E15: Rosenberg | G15: 2018 | H15: 260312 | J15: 2 | K15: 747/365/47 | O15: 45669 | P15: =IF(AND(A15="",B15="",C15=""),"",IF(O15="",-1000,(O15-TODAY()))) -> -368 | Q15: Rosenberg
B16: Carl Nielsen Skolen | J16: 2 | O16: 45224 | P16: =IF(AND(A16="",B16="",C16=""),"",IF(O16="",-1000,(O16-TODAY()))) -> -813 | Q16: Rosenberg | W16: Mangler filter det er ikke skiftet siden 25-10- 2023
B18: Carl Nielsen Skolen | C18: Tag på skolen over stengangen | D18: SALDA Amber Air | E18: Rosenberg | G18: 2018 | J18: 2 | O18: 45224 | P18: =IF(AND(A18="",B18="",C18=""),"",IF(O18="",-1000,(O18-TODAY()))) -> -813 | Q18: Rosenberg
B19: Carl Nielsen Skolen | J19: 2 | O19: 45224 | P19: =IF(AND(A19="",B19="",C19=""),"",IF(O19="",-1000,(O19-TODAY()))) -> -813 | Q19: Rosenberg
B21: Carl Nielsen Skolen | C21: Kælder i Inspektørboligen | D21: Genvex ECO 375TS | E21: Rosenberg | G21: 2020 | O21: 45343 | P21: =IF(AND(A21="",B21="",C21=""),"",IF(O21="",-1000,(O21-TODAY()))) -> -694 | Q21: Rosenberg
B23: Carl Nielsen Skolen | C23: Ved Stengangen Ny Bygning | D23: Exhausto VEX 270 HX | E23: HJ Ventilation | G23: 2022 | P23: =IF(AND(A23="",B23="",C23=""),"",IF(O23="",-1000,(O23-TODAY()))) -> -1000
P24: =IF(AND(A24="",B24="",C24=""),"",IF(O24="",-1000,(O24-TODAY())))
P25: =IF(AND(A25="",B25="",C25=""),"",IF(O25="",-1000,(O25-TODAY())))
P26: =IF(AND(A26="",B26="",C26=""),"",IF(O26="",-1000,(O26-TODAY())))
P27: =IF(AND(A27="",B27="",C27=""),"",IF(O27="",-1000,(O27-TODAY())))
P28: =IF(AND(A28="",B28="",C28=""),"",IF(O28="",-1000,(O28-TODAY())))
P29: =IF(AND(A29="",B29="",C29=""),"",IF(O29="",-1000,(O29-TODAY())))
P30: =IF(AND(A30="",B30="",C30=""),"",IF(O30="",-1000,(O30-TODAY())))
P31: =IF(AND(A31="",B31="",C31=""),"",IF(O31="",-1000,(O31-TODAY())))
P32: =IF(AND(A32="",B32="",C32=""),"",IF(O32="",-1000,(O32-TODAY())))
P33: =IF(AND(A33="",B33="",C33=""),"",IF(O33="",-1000,(O33-TODAY())))
P34: =IF(AND(A34="",B34="",C34=""),"",IF(O34="",-1000,(O34-TODAY())))
P35: =IF(AND(A35="",B35="",C35=""),"",IF(O35="",-1000,(O35-TODAY())))
... P42: =IF(AND(A42="",B42="",C42=""),"",IF(O42="",-1000,(O42-TODAY())))

Sheet Tre Ege skolen kværndrup
A1: Adresse | B1: Navn | C1: Placering på anlæg | D1: Anlægsnr. | E1: Leverandør | F1: Type | G1: Årstal for opsætning | H1: Gammel filter nr | I1: Nyt filter nr | J1: Antal filtre | K1: Str på filter | L1: Styring | M1: Frostsikring | N1: Luftmængde (Vent-ordning) | O1: Dato for filterskifte | P1: Dage siden skift | Q1: Person som har skiftet filtret | R1: Dato på eftersyn (VENT-ordning) | S1: Kommentar. / Anmærkninger | T1: Service | U1: Hvornår udløber kontrakt
B2: Tre Ege Skolen Kværndrup | C2: Skole st. | D2: 4frx | F2: Swegon | I2: x | J2: 2 | O2: 45391 | P2: =IF(AND(A2="",B2="",C2=""),"",IF(O2="",-1000,(O2-TODAY()))) -> -646
B3: Tre Ege Skolen Kværndrup | C3: Skole 1sal | D3: 20frx | F3: Swegon | I3: x | J3: 4 | O3: 45391 | P3: =IF(AND(A3="",B3="",C3=""),"",IF(O3="",-1000,(O3-TODAY()))) -> -646
B4: Tre Ege Skolen Kværndrup | C4: Skole Kælder | D4: CT03 | F4: Swegon | I4: x | J4: 2 | O4: 45391 | P4: -489
B5: Tre Ege Skolen Kværndrup | C5: Sfo 2 | D5: Hw eko | F5: Rirs | I5: x | J5: 2 | O5: 45540 | P5: =IF(AND(A5="",B5="",C5=""),"",IF(O5="",-1000,(O5-TODAY()))) -> -497
B6: Tre Ege Skolen Kværndrup | C6: Sfo 2 | D6: vex3,5-4 | F6: Exhausto | I6: x | J6: 2 | O6: 45540 | P6: =IF(AND(A6="",B6="",C6=""),"",IF(O6="",-1000,(O6-TODAY()))) -> -497
B7: Tre Ege Skolen Kværndrup | C7: Slottet | D7: vex3,5-4 | F7: Exhausto | I7: x | J7: 2 | O7: 45546 | P7: =IF(AND(A7="",B7="",C7=""),"",IF(O7="",-1000,(O7-TODAY()))) -> -491
B8: Tre Ege Skolen Kværndrup | C8: Skole 1sal | D8: 20frx | F8: Swegon | I8: x | J8: 4 | O8: 45776 | P8: =IF(AND(A8="",B8="",C8=""),"",IF(O8="",-1000,(O8-TODAY()))) -> -261
B9: Tre Ege Skolen Kværndrup | C9: Slottet | D9: vex3,5-4 | F9: Exhausto | I9: x | J9: 2 | O9: 45776 | P9: =IF(AND(A9="",B9="",C9=""),"",IF(O9="",-1000,(O9-TODAY()))) -> -261
B10: Tre Ege Skolen Kværndrup | C10: Skole st. | D10: 4frx | F10: Swegon | I10: x | J10: 2 | O10: 45777 | P10: =IF(AND(A10="",B10="",C10=""),"",IF(O10="",-1000,(O10-TODAY()))) -> -260
B11: Tre Ege Skolen Kværndrup | C11: Skole kælder | D11: CT03 | F11: Swegon | I11: x | J11: 2 | O11: 45880 | P11: =IF(AND(A11="",B11="",C11=""),"",IF(O11="",-1000,(O11-TODAY()))) -> -157
P12: =IF(AND(A12="",B12="",C12=""),"",IF(O12="",-1000,(O12-TODAY())))
P13: =IF(AND(A13="",B13="",C13=""),"",IF(O13="",-1000,(O13-TODAY())))
